DATAFLOW,LAST UPDATE,freq,wstatus,sex,age,unit,geo,TIME_PERIOD,OBS_VALUE,OBS_FLAG
ESTAT:SDG_01_41(1.0),02/02/24 23:00:00,A,EMP,T,Y_GE18,PC,AL,2017,17.9,
ESTAT:SDG_01_41(1.0),02/02/24 23:00:00,A,EMP,T,Y_GE18,PC,AL,2018,16.5,
ESTAT:SDG_01_41(1.0),02/02/24 23:00:00,A,EMP,T,Y_GE18,PC,AL,2019,14.6,
ESTAT:SDG_01_41(1.0),02/02/24 23:00:00,A,EMP,T,Y_GE18,PC,AL,2020,12.7,
ESTAT:SDG_01_41(1.0),02/02/24 23:00:00,A,EMP,T,Y_GE18,PC,AL,2021,12.6,
ESTAT:SDG_01_41(1.0),02/02/24 23:00:00,A,EMP,T,Y_GE18,PC,AT,2003,7.7,
ESTAT:SDG_01_41(1.0),02/02/24 23:00:00,A,EMP,T,Y_GE18,PC,AT,2004,7.3,
ESTAT:SDG_01_41(1.0),02/02/24 23:00:00,A,EMP,T,Y_GE18,PC,AT,2005,6.8,
ESTAT:SDG_01_41(1.0),02/02/24 23:00:00,A,EMP,T,Y_GE18,PC,AT,2006,6.4,
ESTAT:SDG_01_41(1.0),02/02/24 23:00:00,A,EMP,T,Y_GE18,PC,AT,2007,6.1,
ESTAT:SDG_01_41(1.0),02/02/24 23:00:00,A,EMP,T,Y_GE18,PC,AT,2008,8.5,b
ESTAT:SDG_01_41(1.0),02/02/24 23:00:00,A,EMP,T,Y_GE18,PC,AT,2009,8.2,
ESTAT:SDG_01_41(1.0),02/02/24 23:00:00,A,EMP,T,Y_GE18,PC,AT,2010,7.5,
ESTAT:SDG_01_41(1.0),02/02/24 23:00:00,A,EMP,T,Y_GE18,PC,AT,2011,7.6,
ESTAT:SDG_01_41(1.0),02/02/24 23:00:00,A,EMP,T,Y_GE18,PC,AT,2012,8.1,
ESTAT:SDG_01_41(1.0),02/02/24 23:00:00,A,EMP,T,Y_GE18,PC,AT,2013,7.9,
ESTAT:SDG_01_41(1.0),02/02/24 23:00:00,A,EMP,T,Y_GE18,PC,AT,2014,7.2,
ESTAT:SDG_01_41(1.0),02/02/24 23:00:00,A,EMP,T,Y_GE18,PC,AT,2015,7.9,
ESTAT:SDG_01_41(1.0),02/02/24 23:00:00,A,EMP,T,Y_GE18,PC,AT,2016,8.3,
ESTAT:SDG_01_41(1.0),02/02/24 23:00:00,A,EMP,T,Y_GE18,PC,AT,2017,7.7,
ESTAT:SDG_01_41(1.0),02/02/24 23:00:00,A,EMP,T,Y_GE18,PC,AT,2018,8.0,
ESTAT:SDG_01_41(1.0),02/02/24 23:00:00,A,EMP,T,Y_GE18,PC,AT,2019,7.6,
ESTAT:SDG_01_41(1.0),02/02/24 23:00:00,A,EMP,T,Y_GE18,PC,AT,2020,7.2,
ESTAT:SDG_01_41(1.0),02/02/24 23:00:00,A,EMP,T,Y_GE18,PC,AT,2021,7.5,
ESTAT:SDG_01_41(1.0),02/02/24 23:00:00,A,EMP,T,Y_GE18,PC,AT,2022,8.2,
ESTAT:SDG_01_41(1.0),02/02/24 23:00:00,A,EMP,T,Y_GE18,PC,BE,2003,6.5,
ESTAT:SDG_01_41(1.0),02/02/24 23:00:00,A,EMP,T,Y_GE18,PC,BE,2004,4.0,
ESTAT:SDG_01_41(1.0),02/02/24 23:00:00,A,EMP,T,Y_GE18,PC,BE,2005,3.9,
ESTAT:SDG_01_41(1.0),02/02/24 23:00:00,A,EMP,T,Y_GE18,PC,BE,2006,4.1,
ESTAT:SDG_01_41(1.0),02/02/24 23:00:00,A,EMP,T,Y_GE18,PC,BE,2007,4.3,
ESTAT:SDG_01_41(1.0),02/02/24 23:00:00,A,EMP,T,Y_GE18,PC,BE,2008,4.8,
ESTAT:SDG_01_41(1.0),02/02/24 23:00:00,A,EMP,T,Y_GE18,PC,BE,2009,4.6,
ESTAT:SDG_01_41(1.0),02/02/24 23:00:00,A,EMP,T,Y_GE18,PC,BE,2010,4.5,
ESTAT:SDG_01_41(1.0),02/02/24 23:00:00,A,EMP,T,Y_GE18,PC,BE,2011,4.2,
ESTAT:SDG_01_41(1.0),02/02/24 23:00:00,A,EMP,T,Y_GE18,PC,BE,2012,4.5,
ESTAT:SDG_01_41(1.0),02/02/24 23:00:00,A,EMP,T,Y_GE18,PC,BE,2013,4.4,
ESTAT:SDG_01_41(1.0),02/02/24 23:00:00,A,EMP,T,Y_GE18,PC,BE,2014,4.8,
ESTAT:SDG_01_41(1.0),02/02/24 23:00:00,A,EMP,T,Y_GE18,PC,BE,2015,4.6,
ESTAT:SDG_01_41(1.0),02/02/24 23:00:00,A,EMP,T,Y_GE18,PC,BE,2016,4.8,
ESTAT:SDG_01_41(1.0),02/02/24 23:00:00,A,EMP,T,Y_GE18,PC,BE,2017,5.0,
ESTAT:SDG_01_41(1.0),02/02/24 23:00:00,A,EMP,T,Y_GE18,PC,BE,2018,5.1,
ESTAT:SDG_01_41(1.0),02/02/24 23:00:00,A,EMP,T,Y_GE18,PC,BE,2019,4.8,b
ESTAT:SDG_01_41(1.0),02/02/24 23:00:00,A,EMP,T,Y_GE18,PC,BE,2020,4.2,
ESTAT:SDG_01_41(1.0),02/02/24 23:00:00,A,EMP,T,Y_GE18,PC,BE,2021,3.8,
ESTAT:SDG_01_41(1.0),02/02/24 23:00:00,A,EMP,T,Y_GE18,PC,BE,2022,3.6,
ESTAT:SDG_01_41(1.0),02/02/24 23:00:00,A,EMP,T,Y_GE18,PC,BG,2006,5.4,
ESTAT:SDG_01_41(1.0),02/02/24 23:00:00,A,EMP,T,Y_GE18,PC,BG,2007,5.8,
ESTAT:SDG_01_41(1.0),02/02/24 23:00:00,A,EMP,T,Y_GE18,PC,BG,2008,7.5,
ESTAT:SDG_01_41(1.0),02/02/24 23:00:00,A,EMP,T,Y_GE18,PC,BG,2009,7.4,
ESTAT:SDG_01_41(1.0),02/02/24 23:00:00,A,EMP,T,Y_GE18,PC,BG,2010,7.7,
ESTAT:SDG_01_41(1.0),02/02/24 23:00:00,A,EMP,T,Y_GE18,PC,BG,2011,8.2,
ESTAT:SDG_01_41(1.0),02/02/24 23:00:00,A,EMP,T,Y_GE18,PC,BG,2012,7.4,
ESTAT:SDG_01_41(1.0),02/02/24 23:00:00,A,EMP,T,Y_GE18,PC,BG,2013,7.2,
ESTAT:SDG_01_41(1.0),02/02/24 23:00:00,A,EMP,T,Y_GE18,PC,BG,2014,9.2,
ESTAT:SDG_01_41(1.0),02/02/24 23:00:00,A,EMP,T,Y_GE18,PC,BG,2015,7.7,
ESTAT:SDG_01_41(1.0),02/02/24 23:00:00,A,EMP,T,Y_GE18,PC,BG,2016,11.4,
ESTAT:SDG_01_41(1.0),02/02/24 23:00:00,A,EMP,T,Y_GE18,PC,BG,2017,9.9,
ESTAT:SDG_01_41(1.0),02/02/24 23:00:00,A,EMP,T,Y_GE18,PC,BG,2018,9.9,
ESTAT:SDG_01_41(1.0),02/02/24 23:00:00,A,EMP,T,Y_GE18,PC,BG,2019,8.9,
ESTAT:SDG_01_41(1.0),02/02/24 23:00:00,A,EMP,T,Y_GE18,PC,BG,2020,9.6,
ESTAT:SDG_01_41(1.0),02/02/24 23:00:00,A,EMP,T,Y_GE18,PC,BG,2021,10.0,
ESTAT:SDG_01_41(1.0),02/02/24 23:00:00,A,EMP,T,Y_GE18,PC,BG,2022,9.7,
ESTAT:SDG_01_41(1.0),02/02/24 23:00:00,A,EMP,T,Y_GE18,PC,CH,2007,7.7,
ESTAT:SDG_01_41(1.0),02/02/24 23:00:00,A,EMP,T,Y_GE18,PC,CH,2008,9.5,
ESTAT:SDG_01_41(1.0),02/02/24 23:00:00,A,EMP,T,Y_GE18,PC,CH,2009,8.1,
ESTAT:SDG_01_41(1.0),02/02/24 23:00:00,A,EMP,T,Y_GE18,PC,CH,2010,7.6,
ESTAT:SDG_01_41(1.0),02/02/24 23:00:00,A,EMP,T,Y_GE18,PC,CH,2011,7.7,
ESTAT:SDG_01_41(1.0),02/02/24 23:00:00,A,EMP,T,Y_GE18,PC,CH,2012,8.5,
ESTAT:SDG_01_41(1.0),02/02/24 23:00:00,A,EMP,T,Y_GE18,PC,CH,2013,7.6,
ESTAT:SDG_01_41(1.0),02/02/24 23:00:00,A,EMP,T,Y_GE18,PC,CH,2014,6.3,b
ESTAT:SDG_01_41(1.0),02/02/24 23:00:00,A,EMP,T,Y_GE18,PC,CH,2015,8.2,
ESTAT:SDG_01_41(1.0),02/02/24 23:00:00,A,EMP,T,Y_GE18,PC,CH,2016,7.3,
ESTAT:SDG_01_41(1.0),02/02/24 23:00:00,A,EMP,T,Y_GE18,PC,CH,2017,8.2,
ESTAT:SDG_01_41(1.0),02/02/24 23:00:00,A,EMP,T,Y_GE18,PC,CH,2018,7.3,
ESTAT:SDG_01_41(1.0),02/02/24 23:00:00,A,EMP,T,Y_GE18,PC,CH,2019,7.7,
ESTAT:SDG_01_41(1.0),02/02/24 23:00:00,A,EMP,T,Y_GE18,PC,CH,2020,8.0,
ESTAT:SDG_01_41(1.0),02/02/24 23:00:00,A,EMP,T,Y_GE18,PC,CH,2021,7.3,
ESTAT:SDG_01_41(1.0),02/02/24 23:00:00,A,EMP,T,Y_GE18,PC,CH,2022,8.2,
ESTAT:SDG_01_41(1.0),02/02/24 23:00:00,A,EMP,T,Y_GE18,PC,CY,2005,6.5,
ESTAT:SDG_01_41(1.0),02/02/24 23:00:00,A,EMP,T,Y_GE18,PC,CY,2006,7.2,
ESTAT:SDG_01_41(1.0),02/02/24 23:00:00,A,EMP,T,Y_GE18,PC,CY,2007,6.3,
ESTAT:SDG_01_41(1.0),02/02/24 23:00:00,A,EMP,T,Y_GE18,PC,CY,2008,6.3,b
ESTAT:SDG_01_41(1.0),02/02/24 23:00:00,A,EMP,T,Y_GE18,PC,CY,2009,6.8,
ESTAT:SDG_01_41(1.0),02/02/24 23:00:00,A,EMP,T,Y_GE18,PC,CY,2010,7.3,
ESTAT:SDG_01_41(1.0),02/02/24 23:00:00,A,EMP,T,Y_GE18,PC,CY,2011,7.3,
ESTAT:SDG_01_41(1.0),02/02/24 23:00:00,A,EMP,T,Y_GE18,PC,CY,2012,7.9,
ESTAT:SDG_01_41(1.0),02/02/24 23:00:00,A,EMP,T,Y_GE18,PC,CY,2013,8.9,
ESTAT:SDG_01_41(1.0),02/02/24 23:00:00,A,EMP,T,Y_GE18,PC,CY,2014,7.8,
ESTAT:SDG_01_41(1.0),02/02/24 23:00:00,A,EMP,T,Y_GE18,PC,CY,2015,9.1,
ESTAT:SDG_01_41(1.0),02/02/24 23:00:00,A,EMP,T,Y_GE18,PC,CY,2016,8.2,
ESTAT:SDG_01_41(1.0),02/02/24 23:00:00,A,EMP,T,Y_GE18,PC,CY,2017,7.9,
ESTAT:SDG_01_41(1.0),02/02/24 23:00:00,A,EMP,T,Y_GE18,PC,CY,2018,7.4,
ESTAT:SDG_01_41(1.0),02/02/24 23:00:00,A,EMP,T,Y_GE18,PC,CY,2019,6.7,
ESTAT:SDG_01_41(1.0),02/02/24 23:00:00,A,EMP,T,Y_GE18,PC,CY,2020,7.3,
ESTAT:SDG_01_41(1.0),02/02/24 23:00:00,A,EMP,T,Y_GE18,PC,CY,2021,7.6,
ESTAT:SDG_01_41(1.0),02/02/24 23:00:00,A,EMP,T,Y_GE18,PC,CY,2022,7.9,
ESTAT:SDG_01_41(1.0),02/02/24 23:00:00,A,EMP,T,Y_GE18,PC,CZ,2005,3.5,
ESTAT:SDG_01_41(1.0),02/02/24 23:00:00,A,EMP,T,Y_GE18,PC,CZ,2006,3.5,
ESTAT:SDG_01_41(1.0),02/02/24 23:00:00,A,EMP,T,Y_GE18,PC,CZ,2007,3.3,
ESTAT:SDG_01_41(1.0),02/02/24 23:00:00,A,EMP,T,Y_GE18,PC,CZ,2008,3.6,
ESTAT:SDG_01_41(1.0),02/02/24 23:00:00,A,EMP,T,Y_GE18,PC,CZ,2009,3.2,
ESTAT:SDG_01_41(1.0),02/02/24 23:00:00,A,EMP,T,Y_GE18,PC,CZ,2010,3.7,
ESTAT:SDG_01_41(1.0),02/02/24 23:00:00,A,EMP,T,Y_GE18,PC,CZ,2011,4.0,
ESTAT:SDG_01_41(1.0),02/02/24 23:00:00,A,EMP,T,Y_GE18,PC,CZ,2012,4.5,
ESTAT:SDG_01_41(1.0),02/02/24 23:00:00,A,EMP,T,Y_GE18,PC,CZ,2013,4.0,
ESTAT:SDG_01_41(1.0),02/02/24 23:00:00,A,EMP,T,Y_GE18,PC,CZ,2014,3.6,
ESTAT:SDG_01_41(1.0),02/02/24 23:00:00,A,EMP,T,Y_GE18,PC,CZ,2015,4.0,
ESTAT:SDG_01_41(1.0),02/02/24 23:00:00,A,EMP,T,Y_GE18,PC,CZ,2016,3.8,
ESTAT:SDG_01_41(1.0),02/02/24 23:00:00,A,EMP,T,Y_GE18,PC,CZ,2017,3.5,
ESTAT:SDG_01_41(1.0),02/02/24 23:00:00,A,EMP,T,Y_GE18,PC,CZ,2018,3.4,
ESTAT:SDG_01_41(1.0),02/02/24 23:00:00,A,EMP,T,Y_GE18,PC,CZ,2019,3.5,
ESTAT:SDG_01_41(1.0),02/02/24 23:00:00,A,EMP,T,Y_GE18,PC,CZ,2020,3.7,
ESTAT:SDG_01_41(1.0),02/02/24 23:00:00,A,EMP,T,Y_GE18,PC,CZ,2021,3.5,
ESTAT:SDG_01_41(1.0),02/02/24 23:00:00,A,EMP,T,Y_GE18,PC,CZ,2022,3.4,
ESTAT:SDG_01_41(1.0),02/02/24 23:00:00,A,EMP,T,Y_GE18,PC,DE,2005,4.8,
ESTAT:SDG_01_41(1.0),02/02/24 23:00:00,A,EMP,T,Y_GE18,PC,DE,2006,5.5,
ESTAT:SDG_01_41(1.0),02/02/24 23:00:00,A,EMP,T,Y_GE18,PC,DE,2007,7.4,
ESTAT:SDG_01_41(1.0),02/02/24 23:00:00,A,EMP,T,Y_GE18,PC,DE,2008,7.1,
ESTAT:SDG_01_41(1.0),02/02/24 23:00:00,A,EMP,T,Y_GE18,PC,DE,2009,6.8,
ESTAT:SDG_01_41(1.0),02/02/24 23:00:00,A,EMP,T,Y_GE18,PC,DE,2010,7.2,
ESTAT:SDG_01_41(1.0),02/02/24 23:00:00,A,EMP,T,Y_GE18,PC,DE,2011,7.7,
ESTAT:SDG_01_41(1.0),02/02/24 23:00:00,A,EMP,T,Y_GE18,PC,DE,2012,7.8,
ESTAT:SDG_01_41(1.0),02/02/24 23:00:00,A,EMP,T,Y_GE18,PC,DE,2013,8.6,
ESTAT:SDG_01_41(1.0),02/02/24 23:00:00,A,EMP,T,Y_GE18,PC,DE,2014,9.9,
ESTAT:SDG_01_41(1.0),02/02/24 23:00:00,A,EMP,T,Y_GE18,PC,DE,2015,9.7,
ESTAT:SDG_01_41(1.0),02/02/24 23:00:00,A,EMP,T,Y_GE18,PC,DE,2016,9.5,
ESTAT:SDG_01_41(1.0),02/02/24 23:00:00,A,EMP,T,Y_GE18,PC,DE,2017,9.1,
ESTAT:SDG_01_41(1.0),02/02/24 23:00:00,A,EMP,T,Y_GE18,PC,DE,2018,9.1,
ESTAT:SDG_01_41(1.0),02/02/24 23:00:00,A,EMP,T,Y_GE18,PC,DE,2019,8.0,
ESTAT:SDG_01_41(1.0),02/02/24 23:00:00,A,EMP,T,Y_GE18,PC,DE,2020,8.6,b
ESTAT:SDG_01_41(1.0),02/02/24 23:00:00,A,EMP,T,Y_GE18,PC,DE,2021,8.7,
ESTAT:SDG_01_41(1.0),02/02/24 23:00:00,A,EMP,T,Y_GE18,PC,DE,2022,7.0,
ESTAT:SDG_01_41(1.0),02/02/24 23:00:00,A,EMP,T,Y_GE18,PC,DK,2003,4.5,
ESTAT:SDG_01_41(1.0),02/02/24 23:00:00,A,EMP,T,Y_GE18,PC,DK,2004,4.8,
ESTAT:SDG_01_41(1.0),02/02/24 23:00:00,A,EMP,T,Y_GE18,PC,DK,2005,4.8,
ESTAT:SDG_01_41(1.0),02/02/24 23:00:00,A,EMP,T,Y_GE18,PC,DK,2006,4.5,
ESTAT:SDG_01_41(1.0),02/02/24 23:00:00,A,EMP,T,Y_GE18,PC,DK,2007,4.1,
ESTAT:SDG_01_41(1.0),02/02/24 23:00:00,A,EMP,T,Y_GE18,PC,DK,2008,5.0,
ESTAT:SDG_01_41(1.0),02/02/24 23:00:00,A,EMP,T,Y_GE18,PC,DK,2009,5.9,
ESTAT:SDG_01_41(1.0),02/02/24 23:00:00,A,EMP,T,Y_GE18,PC,DK,2010,6.5,
ESTAT:SDG_01_41(1.0),02/02/24 23:00:00,A,EMP,T,Y_GE18,PC,DK,2011,6.3,b
ESTAT:SDG_01_41(1.0),02/02/24 23:00:00,A,EMP,T,Y_GE18,PC,DK,2012,5.2,
ESTAT:SDG_01_41(1.0),02/02/24 23:00:00,A,EMP,T,Y_GE18,PC,DK,2013,5.5,
ESTAT:SDG_01_41(1.0),02/02/24 23:00:00,A,EMP,T,Y_GE18,PC,DK,2014,4.9,
ESTAT:SDG_01_41(1.0),02/02/24 23:00:00,A,EMP,T,Y_GE18,PC,DK,2015,5.5,
ESTAT:SDG_01_41(1.0),02/02/24 23:00:00,A,EMP,T,Y_GE18,PC,DK,2016,5.3,
ESTAT:SDG_01_41(1.0),02/02/24 23:00:00,A,EMP,T,Y_GE18,PC,DK,2017,5.3,
ESTAT:SDG_01_41(1.0),02/02/24 23:00:00,A,EMP,T,Y_GE18,PC,DK,2018,6.0,
ESTAT:SDG_01_41(1.0),02/02/24 23:00:00,A,EMP,T,Y_GE18,PC,DK,2019,6.3,
ESTAT:SDG_01_41(1.0),02/02/24 23:00:00,A,EMP,T,Y_GE18,PC,DK,2020,6.2,b
ESTAT:SDG_01_41(1.0),02/02/24 23:00:00,A,EMP,T,Y_GE18,PC,DK,2021,6.0,
ESTAT:SDG_01_41(1.0),02/02/24 23:00:00,A,EMP,T,Y_GE18,PC,DK,2022,5.9,
ESTAT:SDG_01_41(1.0),02/02/24 23:00:00,A,EMP,T,Y_GE18,PC,EE,2004,9.1,
ESTAT:SDG_01_41(1.0),02/02/24 23:00:00,A,EMP,T,Y_GE18,PC,EE,2005,7.5,
ESTAT:SDG_01_41(1.0),02/02/24 23:00:00,A,EMP,T,Y_GE18,PC,EE,2006,7.5,
ESTAT:SDG_01_41(1.0),02/02/24 23:00:00,A,EMP,T,Y_GE18,PC,EE,2007,7.8,
ESTAT:SDG_01_41(1.0),02/02/24 23:00:00,A,EMP,T,Y_GE18,PC,EE,2008,7.3,
ESTAT:SDG_01_41(1.0),02/02/24 23:00:00,A,EMP,T,Y_GE18,PC,EE,2009,8.1,
ESTAT:SDG_01_41(1.0),02/02/24 23:00:00,A,EMP,T,Y_GE18,PC,EE,2010,6.5,
ESTAT:SDG_01_41(1.0),02/02/24 23:00:00,A,EMP,T,Y_GE18,PC,EE,2011,7.9,
ESTAT:SDG_01_41(1.0),02/02/24 23:00:00,A,EMP,T,Y_GE18,PC,EE,2012,8.3,
ESTAT:SDG_01_41(1.0),02/02/24 23:00:00,A,EMP,T,Y_GE18,PC,EE,2013,7.6,
ESTAT:SDG_01_41(1.0),02/02/24 23:00:00,A,EMP,T,Y_GE18,PC,EE,2014,11.8,b
ESTAT:SDG_01_41(1.0),02/02/24 23:00:00,A,EMP,T,Y_GE18,PC,EE,2015,10.0,
ESTAT:SDG_01_41(1.0),02/02/24 23:00:00,A,EMP,T,Y_GE18,PC,EE,2016,9.6,
ESTAT:SDG_01_41(1.0),02/02/24 23:00:00,A,EMP,T,Y_GE18,PC,EE,2017,9.3,
ESTAT:SDG_01_41(1.0),02/02/24 23:00:00,A,EMP,T,Y_GE18,PC,EE,2018,9.3,
ESTAT:SDG_01_41(1.0),02/02/24 23:00:00,A,EMP,T,Y_GE18,PC,EE,2019,10.0,
ESTAT:SDG_01_41(1.0),02/02/24 23:00:00,A,EMP,T,Y_GE18,PC,EE,2020,10.0,
ESTAT:SDG_01_41(1.0),02/02/24 23:00:00,A,EMP,T,Y_GE18,PC,EE,2021,10.0,
ESTAT:SDG_01_41(1.0),02/02/24 23:00:00,A,EMP,T,Y_GE18,PC,EE,2022,10.5,
ESTAT:SDG_01_41(1.0),02/02/24 23:00:00,A,EMP,T,Y_GE18,PC,EL,2003,13.5,
ESTAT:SDG_01_41(1.0),02/02/24 23:00:00,A,EMP,T,Y_GE18,PC,EL,2004,13.1,
ESTAT:SDG_01_41(1.0),02/02/24 23:00:00,A,EMP,T,Y_GE18,PC,EL,2005,12.9,
ESTAT:SDG_01_41(1.0),02/02/24 23:00:00,A,EMP,T,Y_GE18,PC,EL,2006,13.8,
ESTAT:SDG_01_41(1.0),02/02/24 23:00:00,A,EMP,T,Y_GE18,PC,EL,2007,14.2,
ESTAT:SDG_01_41(1.0),02/02/24 23:00:00,A,EMP,T,Y_GE18,PC,EL,2008,14.3,
ESTAT:SDG_01_41(1.0),02/02/24 23:00:00,A,EMP,T,Y_GE18,PC,EL,2009,13.8,
ESTAT:SDG_01_41(1.0),02/02/24 23:00:00,A,EMP,T,Y_GE18,PC,EL,2010,13.8,
ESTAT:SDG_01_41(1.0),02/02/24 23:00:00,A,EMP,T,Y_GE18,PC,EL,2011,11.9,
ESTAT:SDG_01_41(1.0),02/02/24 23:00:00,A,EMP,T,Y_GE18,PC,EL,2012,15.1,
ESTAT:SDG_01_41(1.0),02/02/24 23:00:00,A,EMP,T,Y_GE18,PC,EL,2013,13.1,
ESTAT:SDG_01_41(1.0),02/02/24 23:00:00,A,EMP,T,Y_GE18,PC,EL,2014,13.4,
ESTAT:SDG_01_41(1.0),02/02/24 23:00:00,A,EMP,T,Y_GE18,PC,EL,2015,13.4,
ESTAT:SDG_01_41(1.0),02/02/24 23:00:00,A,EMP,T,Y_GE18,PC,EL,2016,14.1,
ESTAT:SDG_01_41(1.0),02/02/24 23:00:00,A,EMP,T,Y_GE18,PC,EL,2017,12.9,
ESTAT:SDG_01_41(1.0),02/02/24 23:00:00,A,EMP,T,Y_GE18,PC,EL,2018,11.0,
ESTAT:SDG_01_41(1.0),02/02/24 23:00:00,A,EMP,T,Y_GE18,PC,EL,2019,10.2,
ESTAT:SDG_01_41(1.0),02/02/24 23:00:00,A,EMP,T,Y_GE18,PC,EL,2020,10.1,
ESTAT:SDG_01_41(1.0),02/02/24 23:00:00,A,EMP,T,Y_GE18,PC,EL,2021,11.3,
ESTAT:SDG_01_41(1.0),02/02/24 23:00:00,A,EMP,T,Y_GE18,PC,EL,2022,10.6,
ESTAT:SDG_01_41(1.0),02/02/24 23:00:00,A,EMP,T,Y_GE18,PC,ES,2004,10.8,
ESTAT:SDG_01_41(1.0),02/02/24 23:00:00,A,EMP,T,Y_GE18,PC,ES,2005,10.6,
ESTAT:SDG_01_41(1.0),02/02/24 23:00:00,A,EMP,T,Y_GE18,PC,ES,2006,10.1,
ESTAT:SDG_01_41(1.0),02/02/24 23:00:00,A,EMP,T,Y_GE18,PC,ES,2007,10.2,
ESTAT:SDG_01_41(1.0),02/02/24 23:00:00,A,EMP,T,Y_GE18,PC,ES,2008,11.3,b
ESTAT:SDG_01_41(1.0),02/02/24 23:00:00,A,EMP,T,Y_GE18,PC,ES,2009,11.7,
ESTAT:SDG_01_41(1.0),02/02/24 23:00:00,A,EMP,T,Y_GE18,PC,ES,2010,10.9,
ESTAT:SDG_01_41(1.0),02/02/24 23:00:00,A,EMP,T,Y_GE18,PC,ES,2011,10.9,
ESTAT:SDG_01_41(1.0),02/02/24 23:00:00,A,EMP,T,Y_GE18,PC,ES,2012,10.8,
ESTAT:SDG_01_41(1.0),02/02/24 23:00:00,A,EMP,T,Y_GE18,PC,ES,2013,10.5,
ESTAT:SDG_01_41(1.0),02/02/24 23:00:00,A,EMP,T,Y_GE18,PC,ES,2014,12.5,
ESTAT:SDG_01_41(1.0),02/02/24 23:00:00,A,EMP,T,Y_GE18,PC,ES,2015,13.1,
ESTAT:SDG_01_41(1.0),02/02/24 23:00:00,A,EMP,T,Y_GE18,PC,ES,2016,13.1,
ESTAT:SDG_01_41(1.0),02/02/24 23:00:00,A,EMP,T,Y_GE18,PC,ES,2017,13.1,
ESTAT:SDG_01_41(1.0),02/02/24 23:00:00,A,EMP,T,Y_GE18,PC,ES,2018,12.9,
ESTAT:SDG_01_41(1.0),02/02/24 23:00:00,A,EMP,T,Y_GE18,PC,ES,2019,12.7,
ESTAT:SDG_01_41(1.0),02/02/24 23:00:00,A,EMP,T,Y_GE18,PC,ES,2020,11.8,
ESTAT:SDG_01_41(1.0),02/02/24 23:00:00,A,EMP,T,Y_GE18,PC,ES,2021,12.7,
ESTAT:SDG_01_41(1.0),02/02/24 23:00:00,A,EMP,T,Y_GE18,PC,ES,2022,11.7,
ESTAT:SDG_01_41(1.0),02/02/24 23:00:00,A,EMP,T,Y_GE18,PC,FI,2004,4.4,
ESTAT:SDG_01_41(1.0),02/02/24 23:00:00,A,EMP,T,Y_GE18,PC,FI,2005,3.7,
ESTAT:SDG_01_41(1.0),02/02/24 23:00:00,A,EMP,T,Y_GE18,PC,FI,2006,4.5,
ESTAT:SDG_01_41(1.0),02/02/24 23:00:00,A,EMP,T,Y_GE18,PC,FI,2007,5.0,
ESTAT:SDG_01_41(1.0),02/02/24 23:00:00,A,EMP,T,Y_GE18,PC,FI,2008,5.1,
ESTAT:SDG_01_41(1.0),02/02/24 23:00:00,A,EMP,T,Y_GE18,PC,FI,2009,3.7,
ESTAT:SDG_01_41(1.0),02/02/24 23:00:00,A,EMP,T,Y_GE18,PC,FI,2010,3.7,
ESTAT:SDG_01_41(1.0),02/02/24 23:00:00,A,EMP,T,Y_GE18,PC,FI,2011,3.9,
ESTAT:SDG_01_41(1.0),02/02/24 23:00:00,A,EMP,T,Y_GE18,PC,FI,2012,3.8,
ESTAT:SDG_01_41(1.0),02/02/24 23:00:00,A,EMP,T,Y_GE18,PC,FI,2013,3.7,
ESTAT:SDG_01_41(1.0),02/02/24 23:00:00,A,EMP,T,Y_GE18,PC,FI,2014,3.7,
ESTAT:SDG_01_41(1.0),02/02/24 23:00:00,A,EMP,T,Y_GE18,PC,FI,2015,3.5,
ESTAT:SDG_01_41(1.0),02/02/24 23:00:00,A,EMP,T,Y_GE18,PC,FI,2016,3.1,
ESTAT:SDG_01_41(1.0),02/02/24 23:00:00,A,EMP,T,Y_GE18,PC,FI,2017,2.7,
ESTAT:SDG_01_41(1.0),02/02/24 23:00:00,A,EMP,T,Y_GE18,PC,FI,2018,3.1,
ESTAT:SDG_01_41(1.0),02/02/24 23:00:00,A,EMP,T,Y_GE18,PC,FI,2019,2.9,
ESTAT:SDG_01_41(1.0),02/02/24 23:00:00,A,EMP,T,Y_GE18,PC,FI,2020,3.1,
ESTAT:SDG_01_41(1.0),02/02/24 23:00:00,A,EMP,T,Y_GE18,PC,FI,2021,2.8,
ESTAT:SDG_01_41(1.0),02/02/24 23:00:00,A,EMP,T,Y_GE18,PC,FI,2022,2.5,
ESTAT:SDG_01_41(1.0),02/02/24 23:00:00,A,EMP,T,Y_GE18,PC,FR,2004,5.4,
ESTAT:SDG_01_41(1.0),02/02/24 23:00:00,A,EMP,T,Y_GE18,PC,FR,2005,6.1,
ESTAT:SDG_01_41(1.0),02/02/24 23:00:00,A,EMP,T,Y_GE18,PC,FR,2006,6.0,
ESTAT:SDG_01_41(1.0),02/02/24 23:00:00,A,EMP,T,Y_GE18,PC,FR,2007,6.5,
ESTAT:SDG_01_41(1.0),02/02/24 23:00:00,A,EMP,T,Y_GE18,PC,FR,2008,6.5,b
ESTAT:SDG_01_41(1.0),02/02/24 23:00:00,A,EMP,T,Y_GE18,PC,FR,2009,6.6,
ESTAT:SDG_01_41(1.0),02/02/24 23:00:00,A,EMP,T,Y_GE18,PC,FR,2010,6.5,
ESTAT:SDG_01_41(1.0),02/02/24 23:00:00,A,EMP,T,Y_GE18,PC,FR,2011,7.6,
ESTAT:SDG_01_41(1.0),02/02/24 23:00:00,A,EMP,T,Y_GE18,PC,FR,2012,8.0,
ESTAT:SDG_01_41(1.0),02/02/24 23:00:00,A,EMP,T,Y_GE18,PC,FR,2013,7.8,
ESTAT:SDG_01_41(1.0),02/02/24 23:00:00,A,EMP,T,Y_GE18,PC,FR,2014,8.0,
ESTAT:SDG_01_41(1.0),02/02/24 23:00:00,A,EMP,T,Y_GE18,PC,FR,2015,7.5,
ESTAT:SDG_01_41(1.0),02/02/24 23:00:00,A,EMP,T,Y_GE18,PC,FR,2016,7.9,
ESTAT:SDG_01_41(1.0),02/02/24 23:00:00,A,EMP,T,Y_GE18,PC,FR,2017,7.3,
ESTAT:SDG_01_41(1.0),02/02/24 23:00:00,A,EMP,T,Y_GE18,PC,FR,2018,7.1,
ESTAT:SDG_01_41(1.0),02/02/24 23:00:00,A,EMP,T,Y_GE18,PC,FR,2019,7.4,
ESTAT:SDG_01_41(1.0),02/02/24 23:00:00,A,EMP,T,Y_GE18,PC,FR,2020,7.4,b
ESTAT:SDG_01_41(1.0),02/02/24 23:00:00,A,EMP,T,Y_GE18,PC,FR,2021,6.9,
ESTAT:SDG_01_41(1.0),02/02/24 23:00:00,A,EMP,T,Y_GE18,PC,FR,2022,7.5,b
ESTAT:SDG_01_41(1.0),02/02/24 23:00:00,A,EMP,T,Y_GE18,PC,HR,2010,6.3,
ESTAT:SDG_01_41(1.0),02/02/24 23:00:00,A,EMP,T,Y_GE18,PC,HR,2011,6.6,
ESTAT:SDG_01_41(1.0),02/02/24 23:00:00,A,EMP,T,Y_GE18,PC,HR,2012,6.0,
ESTAT:SDG_01_41(1.0),02/02/24 23:00:00,A,EMP,T,Y_GE18,PC,HR,2013,6.2,
ESTAT:SDG_01_41(1.0),02/02/24 23:00:00,A,EMP,T,Y_GE18,PC,HR,2014,5.7,
ESTAT:SDG_01_41(1.0),02/02/24 23:00:00,A,EMP,T,Y_GE18,PC,HR,2015,5.9,
ESTAT:SDG_01_41(1.0),02/02/24 23:00:00,A,EMP,T,Y_GE18,PC,HR,2016,5.6,
ESTAT:SDG_01_41(1.0),02/02/24 23:00:00,A,EMP,T,Y_GE18,PC,HR,2017,5.8,
ESTAT:SDG_01_41(1.0),02/02/24 23:00:00,A,EMP,T,Y_GE18,PC,HR,2018,5.2,
ESTAT:SDG_01_41(1.0),02/02/24 23:00:00,A,EMP,T,Y_GE18,PC,HR,2019,5.1,
ESTAT:SDG_01_41(1.0),02/02/24 23:00:00,A,EMP,T,Y_GE18,PC,HR,2020,5.1,
ESTAT:SDG_01_41(1.0),02/02/24 23:00:00,A,EMP,T,Y_GE18,PC,HR,2021,4.9,
ESTAT:SDG_01_41(1.0),02/02/24 23:00:00,A,EMP,T,Y_GE18,PC,HR,2022,4.7,
ESTAT:SDG_01_41(1.0),02/02/24 23:00:00,A,EMP,T,Y_GE18,PC,HU,2005,8.7,
ESTAT:SDG_01_41(1.0),02/02/24 23:00:00,A,EMP,T,Y_GE18,PC,HU,2006,6.8,
ESTAT:SDG_01_41(1.0),02/02/24 23:00:00,A,EMP,T,Y_GE18,PC,HU,2007,5.8,
ESTAT:SDG_01_41(1.0),02/02/24 23:00:00,A,EMP,T,Y_GE18,PC,HU,2008,5.8,
ESTAT:SDG_01_41(1.0),02/02/24 23:00:00,A,EMP,T,Y_GE18,PC,HU,2009,6.2,
ESTAT:SDG_01_41(1.0),02/02/24 23:00:00,A,EMP,T,Y_GE18,PC,HU,2010,5.3,
ESTAT:SDG_01_41(1.0),02/02/24 23:00:00,A,EMP,T,Y_GE18,PC,HU,2011,6.2,
ESTAT:SDG_01_41(1.0),02/02/24 23:00:00,A,EMP,T,Y_GE18,PC,HU,2012,5.7,
ESTAT:SDG_01_41(1.0),02/02/24 23:00:00,A,EMP,T,Y_GE18,PC,HU,2013,7.0,
ESTAT:SDG_01_41(1.0),02/02/24 23:00:00,A,EMP,T,Y_GE18,PC,HU,2014,6.7,
ESTAT:SDG_01_41(1.0),02/02/24 23:00:00,A,EMP,T,Y_GE18,PC,HU,2015,9.3,
ESTAT:SDG_01_41(1.0),02/02/24 23:00:00,A,EMP,T,Y_GE18,PC,HU,2016,9.6,
ESTAT:SDG_01_41(1.0),02/02/24 23:00:00,A,EMP,T,Y_GE18,PC,HU,2017,10.2,
ESTAT:SDG_01_41(1.0),02/02/24 23:00:00,A,EMP,T,Y_GE18,PC,HU,2018,8.4,
ESTAT:SDG_01_41(1.0),02/02/24 23:00:00,A,EMP,T,Y_GE18,PC,HU,2019,8.4,
ESTAT:SDG_01_41(1.0),02/02/24 23:00:00,A,EMP,T,Y_GE18,PC,HU,2020,7.8,
ESTAT:SDG_01_41(1.0),02/02/24 23:00:00,A,EMP,T,Y_GE18,PC,HU,2021,7.6,
ESTAT:SDG_01_41(1.0),02/02/24 23:00:00,A,EMP,T,Y_GE18,PC,HU,2022,7.0,
ESTAT:SDG_01_41(1.0),02/02/24 23:00:00,A,EMP,T,Y_GE18,PC,IE,2003,7.5,
ESTAT:SDG_01_41(1.0),02/02/24 23:00:00,A,EMP,T,Y_GE18,PC,IE,2004,6.7,
ESTAT:SDG_01_41(1.0),02/02/24 23:00:00,A,EMP,T,Y_GE18,PC,IE,2005,6.0,
ESTAT:SDG_01_41(1.0),02/02/24 23:00:00,A,EMP,T,Y_GE18,PC,IE,2006,6.2,
ESTAT:SDG_01_41(1.0),02/02/24 23:00:00,A,EMP,T,Y_GE18,PC,IE,2007,5.6,
ESTAT:SDG_01_41(1.0),02/02/24 23:00:00,A,EMP,T,Y_GE18,PC,IE,2008,6.5,
ESTAT:SDG_01_41(1.0),02/02/24 23:00:00,A,EMP,T,Y_GE18,PC,IE,2009,5.3,
ESTAT:SDG_01_41(1.0),02/02/24 23:00:00,A,EMP,T,Y_GE18,PC,IE,2010,5.5,
ESTAT:SDG_01_41(1.0),02/02/24 23:00:00,A,EMP,T,Y_GE18,PC,IE,2011,5.5,
ESTAT:SDG_01_41(1.0),02/02/24 23:00:00,A,EMP,T,Y_GE18,PC,IE,2012,5.4,
ESTAT:SDG_01_41(1.0),02/02/24 23:00:00,A,EMP,T,Y_GE18,PC,IE,2013,5.0,
ESTAT:SDG_01_41(1.0),02/02/24 23:00:00,A,EMP,T,Y_GE18,PC,IE,2014,5.6,
ESTAT:SDG_01_41(1.0),02/02/24 23:00:00,A,EMP,T,Y_GE18,PC,IE,2015,4.9,
ESTAT:SDG_01_41(1.0),02/02/24 23:00:00,A,EMP,T,Y_GE18,PC,IE,2016,5.1,
ESTAT:SDG_01_41(1.0),02/02/24 23:00:00,A,EMP,T,Y_GE18,PC,IE,2017,5.1,
ESTAT:SDG_01_41(1.0),02/02/24 23:00:00,A,EMP,T,Y_GE18,PC,IE,2018,4.8,
ESTAT:SDG_01_41(1.0),02/02/24 23:00:00,A,EMP,T,Y_GE18,PC,IE,2019,4.3,
ESTAT:SDG_01_41(1.0),02/02/24 23:00:00,A,EMP,T,Y_GE18,PC,IE,2020,6.0,b
ESTAT:SDG_01_41(1.0),02/02/24 23:00:00,A,EMP,T,Y_GE18,PC,IE,2021,4.3,
ESTAT:SDG_01_41(1.0),02/02/24 23:00:00,A,EMP,T,Y_GE18,PC,IE,2022,5.3,
ESTAT:SDG_01_41(1.0),02/02/24 23:00:00,A,EMP,T,Y_GE18,PC,IS,2004,6.9,
ESTAT:SDG_01_41(1.0),02/02/24 23:00:00,A,EMP,T,Y_GE18,PC,IS,2005,7.9,
ESTAT:SDG_01_41(1.0),02/02/24 23:00:00,A,EMP,T,Y_GE18,PC,IS,2006,6.6,
ESTAT:SDG_01_41(1.0),02/02/24 23:00:00,A,EMP,T,Y_GE18,PC,IS,2007,7.0,
ESTAT:SDG_01_41(1.0),02/02/24 23:00:00,A,EMP,T,Y_GE18,PC,IS,2008,6.7,
ESTAT:SDG_01_41(1.0),02/02/24 23:00:00,A,EMP,T,Y_GE18,PC,IS,2009,7.7,
ESTAT:SDG_01_41(1.0),02/02/24 23:00:00,A,EMP,T,Y_GE18,PC,IS,2010,6.6,
ESTAT:SDG_01_41(1.0),02/02/24 23:00:00,A,EMP,T,Y_GE18,PC,IS,2011,6.4,
ESTAT:SDG_01_41(1.0),02/02/24 23:00:00,A,EMP,T,Y_GE18,PC,IS,2012,5.2,
ESTAT:SDG_01_41(1.0),02/02/24 23:00:00,A,EMP,T,Y_GE18,PC,IS,2013,6.1,
ESTAT:SDG_01_41(1.0),02/02/24 23:00:00,A,EMP,T,Y_GE18,PC,IS,2014,4.6,
ESTAT:SDG_01_41(1.0),02/02/24 23:00:00,A,EMP,T,Y_GE18,PC,IS,2015,6.5,
ESTAT:SDG_01_41(1.0),02/02/24 23:00:00,A,EMP,T,Y_GE18,PC,IS,2016,6.4,
ESTAT:SDG_01_41(1.0),02/02/24 23:00:00,A,EMP,T,Y_GE18,PC,IS,2017,7.0,
ESTAT:SDG_01_41(1.0),02/02/24 23:00:00,A,EMP,T,Y_GE18,PC,IS,2018,7.0,
ESTAT:SDG_01_41(1.0),02/02/24 23:00:00,A,EMP,T,Y_GE18,PC,IT,2004,8.9,
ESTAT:SDG_01_41(1.0),02/02/24 23:00:00,A,EMP,T,Y_GE18,PC,IT,2005,8.7,
ESTAT:SDG_01_41(1.0),02/02/24 23:00:00,A,EMP,T,Y_GE18,PC,IT,2006,9.0,
ESTAT:SDG_01_41(1.0),02/02/24 23:00:00,A,EMP,T,Y_GE18,PC,IT,2007,9.3,
ESTAT:SDG_01_41(1.0),02/02/24 23:00:00,A,EMP,T,Y_GE18,PC,IT,2008,9.0,
ESTAT:SDG_01_41(1.0),02/02/24 23:00:00,A,EMP,T,Y_GE18,PC,IT,2009,10.2,
ESTAT:SDG_01_41(1.0),02/02/24 23:00:00,A,EMP,T,Y_GE18,PC,IT,2010,9.5,
ESTAT:SDG_01_41(1.0),02/02/24 23:00:00,A,EMP,T,Y_GE18,PC,IT,2011,11.0,
ESTAT:SDG_01_41(1.0),02/02/24 23:00:00,A,EMP,T,Y_GE18,PC,IT,2012,11.0,
ESTAT:SDG_01_41(1.0),02/02/24 23:00:00,A,EMP,T,Y_GE18,PC,IT,2013,11.0,
ESTAT:SDG_01_41(1.0),02/02/24 23:00:00,A,EMP,T,Y_GE18,PC,IT,2014,11.0,
ESTAT:SDG_01_41(1.0),02/02/24 23:00:00,A,EMP,T,Y_GE18,PC,IT,2015,11.5,
ESTAT:SDG_01_41(1.0),02/02/24 23:00:00,A,EMP,T,Y_GE18,PC,IT,2016,11.7,
ESTAT:SDG_01_41(1.0),02/02/24 23:00:00,A,EMP,T,Y_GE18,PC,IT,2017,12.2,
ESTAT:SDG_01_41(1.0),02/02/24 23:00:00,A,EMP,T,Y_GE18,PC,IT,2018,12.2,
ESTAT:SDG_01_41(1.0),02/02/24 23:00:00,A,EMP,T,Y_GE18,PC,IT,2019,11.8,
ESTAT:SDG_01_41(1.0),02/02/24 23:00:00,A,EMP,T,Y_GE18,PC,IT,2020,10.8,
ESTAT:SDG_01_41(1.0),02/02/24 23:00:00,A,EMP,T,Y_GE18,PC,IT,2021,11.6,
ESTAT:SDG_01_41(1.0),02/02/24 23:00:00,A,EMP,T,Y_GE18,PC,IT,2022,11.5,
ESTAT:SDG_01_41(1.0),02/02/24 23:00:00,A,EMP,T,Y_GE18,PC,LT,2005,10.0,
ESTAT:SDG_01_41(1.0),02/02/24 23:00:00,A,EMP,T,Y_GE18,PC,LT,2006,10.0,
ESTAT:SDG_01_41(1.0),02/02/24 23:00:00,A,EMP,T,Y_GE18,PC,LT,2007,8.0,
ESTAT:SDG_01_41(1.0),02/02/24 23:00:00,A,EMP,T,Y_GE18,PC,LT,2008,9.4,
ESTAT:SDG_01_41(1.0),02/02/24 23:00:00,A,EMP,T,Y_GE18,PC,LT,2009,10.3,
ESTAT:SDG_01_41(1.0),02/02/24 23:00:00,A,EMP,T,Y_GE18,PC,LT,2010,12.6,
ESTAT:SDG_01_41(1.0),02/02/24 23:00:00,A,EMP,T,Y_GE18,PC,LT,2011,9.5,
ESTAT:SDG_01_41(1.0),02/02/24 23:00:00,A,EMP,T,Y_GE18,PC,LT,2012,7.6,
ESTAT:SDG_01_41(1.0),02/02/24 23:00:00,A,EMP,T,Y_GE18,PC,LT,2013,9.1,
ESTAT:SDG_01_41(1.0),02/02/24 23:00:00,A,EMP,T,Y_GE18,PC,LT,2014,8.3,
ESTAT:SDG_01_41(1.0),02/02/24 23:00:00,A,EMP,T,Y_GE18,PC,LT,2015,9.9,
ESTAT:SDG_01_41(1.0),02/02/24 23:00:00,A,EMP,T,Y_GE18,PC,LT,2016,8.5,
ESTAT:SDG_01_41(1.0),02/02/24 23:00:00,A,EMP,T,Y_GE18,PC,LT,2017,8.5,
ESTAT:SDG_01_41(1.0),02/02/24 23:00:00,A,EMP,T,Y_GE18,PC,LT,2018,8.1,
ESTAT:SDG_01_41(1.0),02/02/24 23:00:00,A,EMP,T,Y_GE18,PC,LT,2019,7.9,
ESTAT:SDG_01_41(1.0),02/02/24 23:00:00,A,EMP,T,Y_GE18,PC,LT,2020,8.0,
ESTAT:SDG_01_41(1.0),02/02/24 23:00:00,A,EMP,T,Y_GE18,PC,LT,2021,7.5,
ESTAT:SDG_01_41(1.0),02/02/24 23:00:00,A,EMP,T,Y_GE18,PC,LT,2022,7.6,
ESTAT:SDG_01_41(1.0),02/02/24 23:00:00,A,EMP,T,Y_GE18,PC,LU,2003,7.1,
ESTAT:SDG_01_41(1.0),02/02/24 23:00:00,A,EMP,T,Y_GE18,PC,LU,2004,8.5,
ESTAT:SDG_01_41(1.0),02/02/24 23:00:00,A,EMP,T,Y_GE18,PC,LU,2005,9.8,
ESTAT:SDG_01_41(1.0),02/02/24 23:00:00,A,EMP,T,Y_GE18,PC,LU,2006,10.3,
ESTAT:SDG_01_41(1.0),02/02/24 23:00:00,A,EMP,T,Y_GE18,PC,LU,2007,9.3,
ESTAT:SDG_01_41(1.0),02/02/24 23:00:00,A,EMP,T,Y_GE18,PC,LU,2008,9.4,
ESTAT:SDG_01_41(1.0),02/02/24 23:00:00,A,EMP,T,Y_GE18,PC,LU,2009,10.0,
ESTAT:SDG_01_41(1.0),02/02/24 23:00:00,A,EMP,T,Y_GE18,PC,LU,2010,10.6,
ESTAT:SDG_01_41(1.0),02/02/24 23:00:00,A,EMP,T,Y_GE18,PC,LU,2011,9.9,
ESTAT:SDG_01_41(1.0),02/02/24 23:00:00,A,EMP,T,Y_GE18,PC,LU,2012,10.2,
ESTAT:SDG_01_41(1.0),02/02/24 23:00:00,A,EMP,T,Y_GE18,PC,LU,2013,11.2,
ESTAT:SDG_01_41(1.0),02/02/24 23:00:00,A,EMP,T,Y_GE18,PC,LU,2014,11.1,
ESTAT:SDG_01_41(1.0),02/02/24 23:00:00,A,EMP,T,Y_GE18,PC,LU,2015,11.6,
ESTAT:SDG_01_41(1.0),02/02/24 23:00:00,A,EMP,T,Y_GE18,PC,LU,2016,10.9,b
ESTAT:SDG_01_41(1.0),02/02/24 23:00:00,A,EMP,T,Y_GE18,PC,LU,2017,10.8,
ESTAT:SDG_01_41(1.0),02/02/24 23:00:00,A,EMP,T,Y_GE18,PC,LU,2018,11.5,
ESTAT:SDG_01_41(1.0),02/02/24 23:00:00,A,EMP,T,Y_GE18,PC,LU,2019,12.1,
ESTAT:SDG_01_41(1.0),02/02/24 23:00:00,A,EMP,T,Y_GE18,PC,LU,2020,11.9,b
ESTAT:SDG_01_41(1.0),02/02/24 23:00:00,A,EMP,T,Y_GE18,PC,LU,2021,13.5,b
ESTAT:SDG_01_41(1.0),02/02/24 23:00:00,A,EMP,T,Y_GE18,PC,LU,2022,12.9,b
ESTAT:SDG_01_41(1.0),02/02/24 23:00:00,A,EMP,T,Y_GE18,PC,LV,2005,9.0,
ESTAT:SDG_01_41(1.0),02/02/24 23:00:00,A,EMP,T,Y_GE18,PC,LV,2006,11.1,
ESTAT:SDG_01_41(1.0),02/02/24 23:00:00,A,EMP,T,Y_GE18,PC,LV,2007,9.2,
ESTAT:SDG_01_41(1.0),02/02/24 23:00:00,A,EMP,T,Y_GE18,PC,LV,2008,10.5,
ESTAT:SDG_01_41(1.0),02/02/24 23:00:00,A,EMP,T,Y_GE18,PC,LV,2009,10.8,
ESTAT:SDG_01_41(1.0),02/02/24 23:00:00,A,EMP,T,Y_GE18,PC,LV,2010,9.4,
ESTAT:SDG_01_41(1.0),02/02/24 23:00:00,A,EMP,T,Y_GE18,PC,LV,2011,9.3,
ESTAT:SDG_01_41(1.0),02/02/24 23:00:00,A,EMP,T,Y_GE18,PC,LV,2012,8.6,
ESTAT:SDG_01_41(1.0),02/02/24 23:00:00,A,EMP,T,Y_GE18,PC,LV,2013,8.9,
ESTAT:SDG_01_41(1.0),02/02/24 23:00:00,A,EMP,T,Y_GE18,PC,LV,2014,8.1,
ESTAT:SDG_01_41(1.0),02/02/24 23:00:00,A,EMP,T,Y_GE18,PC,LV,2015,9.2,
ESTAT:SDG_01_41(1.0),02/02/24 23:00:00,A,EMP,T,Y_GE18,PC,LV,2016,8.3,
ESTAT:SDG_01_41(1.0),02/02/24 23:00:00,A,EMP,T,Y_GE18,PC,LV,2017,8.8,
ESTAT:SDG_01_41(1.0),02/02/24 23:00:00,A,EMP,T,Y_GE18,PC,LV,2018,8.1,
ESTAT:SDG_01_41(1.0),02/02/24 23:00:00,A,EMP,T,Y_GE18,PC,LV,2019,8.5,
ESTAT:SDG_01_41(1.0),02/02/24 23:00:00,A,EMP,T,Y_GE18,PC,LV,2020,8.2,
ESTAT:SDG_01_41(1.0),02/02/24 23:00:00,A,EMP,T,Y_GE18,PC,LV,2021,9.8,
ESTAT:SDG_01_41(1.0),02/02/24 23:00:00,A,EMP,T,Y_GE18,PC,LV,2022,9.2,
ESTAT:SDG_01_41(1.0),02/02/24 23:00:00,A,EMP,T,Y_GE18,PC,LV,2023,9.2,
ESTAT:SDG_01_41(1.0),02/02/24 23:00:00,A,EMP,T,Y_GE18,PC,ME,2013,5.9,
ESTAT:SDG_01_41(1.0),02/02/24 23:00:00,A,EMP,T,Y_GE18,PC,ME,2014,7.8,
ESTAT:SDG_01_41(1.0),02/02/24 23:00:00,A,EMP,T,Y_GE18,PC,ME,2015,7.7,
ESTAT:SDG_01_41(1.0),02/02/24 23:00:00,A,EMP,T,Y_GE18,PC,ME,2016,7.6,
ESTAT:SDG_01_41(1.0),02/02/24 23:00:00,A,EMP,T,Y_GE18,PC,ME,2017,7.6,
ESTAT:SDG_01_41(1.0),02/02/24 23:00:00,A,EMP,T,Y_GE18,PC,ME,2018,7.3,
ESTAT:SDG_01_41(1.0),02/02/24 23:00:00,A,EMP,T,Y_GE18,PC,ME,2019,9.0,
ESTAT:SDG_01_41(1.0),02/02/24 23:00:00,A,EMP,T,Y_GE18,PC,ME,2020,9.8,
ESTAT:SDG_01_41(1.0),02/02/24 23:00:00,A,EMP,T,Y_GE18,PC,ME,2021,6.5,
ESTAT:SDG_01_41(1.0),02/02/24 23:00:00,A,EMP,T,Y_GE18,PC,ME,2022,5.7,
ESTAT:SDG_01_41(1.0),02/02/24 23:00:00,A,EMP,T,Y_GE18,PC,MK,2011,10.2,
ESTAT:SDG_01_41(1.0),02/02/24 23:00:00,A,EMP,T,Y_GE18,PC,MK,2012,11.1,
ESTAT:SDG_01_41(1.0),02/02/24 23:00:00,A,EMP,T,Y_GE18,PC,MK,2013,11.1,
ESTAT:SDG_01_41(1.0),02/02/24 23:00:00,A,EMP,T,Y_GE18,PC,MK,2014,9.8,
ESTAT:SDG_01_41(1.0),02/02/24 23:00:00,A,EMP,T,Y_GE18,PC,MK,2015,8.9,
ESTAT:SDG_01_41(1.0),02/02/24 23:00:00,A,EMP,T,Y_GE18,PC,MK,2016,9.0,
ESTAT:SDG_01_41(1.0),02/02/24 23:00:00,A,EMP,T,Y_GE18,PC,MK,2017,9.0,
ESTAT:SDG_01_41(1.0),02/02/24 23:00:00,A,EMP,T,Y_GE18,PC,MK,2018,8.8,
ESTAT:SDG_01_41(1.0),02/02/24 23:00:00,A,EMP,T,Y_GE18,PC,MK,2019,8.5,
ESTAT:SDG_01_41(1.0),02/02/24 23:00:00,A,EMP,T,Y_GE18,PC,MK,2020,7.9,
ESTAT:SDG_01_41(1.0),02/02/24 23:00:00,A,EMP,T,Y_GE18,PC,MT,2005,4.3,
ESTAT:SDG_01_41(1.0),02/02/24 23:00:00,A,EMP,T,Y_GE18,PC,MT,2006,4.1,
ESTAT:SDG_01_41(1.0),02/02/24 23:00:00,A,EMP,T,Y_GE18,PC,MT,2007,4.6,
ESTAT:SDG_01_41(1.0),02/02/24 23:00:00,A,EMP,T,Y_GE18,PC,MT,2008,5.1,
ESTAT:SDG_01_41(1.0),02/02/24 23:00:00,A,EMP,T,Y_GE18,PC,MT,2009,5.4,
ESTAT:SDG_01_41(1.0),02/02/24 23:00:00,A,EMP,T,Y_GE18,PC,MT,2010,5.9,
ESTAT:SDG_01_41(1.0),02/02/24 23:00:00,A,EMP,T,Y_GE18,PC,MT,2011,6.1,
ESTAT:SDG_01_41(1.0),02/02/24 23:00:00,A,EMP,T,Y_GE18,PC,MT,2012,5.2,
ESTAT:SDG_01_41(1.0),02/02/24 23:00:00,A,EMP,T,Y_GE18,PC,MT,2013,5.7,
ESTAT:SDG_01_41(1.0),02/02/24 23:00:00,A,EMP,T,Y_GE18,PC,MT,2014,5.5,
ESTAT:SDG_01_41(1.0),02/02/24 23:00:00,A,EMP,T,Y_GE18,PC,MT,2015,5.5,
ESTAT:SDG_01_41(1.0),02/02/24 23:00:00,A,EMP,T,Y_GE18,PC,MT,2016,5.9,
ESTAT:SDG_01_41(1.0),02/02/24 23:00:00,A,EMP,T,Y_GE18,PC,MT,2017,5.7,
ESTAT:SDG_01_41(1.0),02/02/24 23:00:00,A,EMP,T,Y_GE18,PC,MT,2018,6.4,
ESTAT:SDG_01_41(1.0),02/02/24 23:00:00,A,EMP,T,Y_GE18,PC,MT,2019,6.5,
ESTAT:SDG_01_41(1.0),02/02/24 23:00:00,A,EMP,T,Y_GE18,PC,MT,2020,7.4,
ESTAT:SDG_01_41(1.0),02/02/24 23:00:00,A,EMP,T,Y_GE18,PC,MT,2021,7.3,
ESTAT:SDG_01_41(1.0),02/02/24 23:00:00,A,EMP,T,Y_GE18,PC,MT,2022,7.1,
ESTAT:SDG_01_41(1.0),02/02/24 23:00:00,A,EMP,T,Y_GE18,PC,NL,2005,5.8,
ESTAT:SDG_01_41(1.0),02/02/24 23:00:00,A,EMP,T,Y_GE18,PC,NL,2006,4.4,
ESTAT:SDG_01_41(1.0),02/02/24 23:00:00,A,EMP,T,Y_GE18,PC,NL,2007,4.6,
ESTAT:SDG_01_41(1.0),02/02/24 23:00:00,A,EMP,T,Y_GE18,PC,NL,2008,4.8,
ESTAT:SDG_01_41(1.0),02/02/24 23:00:00,A,EMP,T,Y_GE18,PC,NL,2009,5.0,
ESTAT:SDG_01_41(1.0),02/02/24 23:00:00,A,EMP,T,Y_GE18,PC,NL,2010,5.1,
ESTAT:SDG_01_41(1.0),02/02/24 23:00:00,A,EMP,T,Y_GE18,PC,NL,2011,5.4,
ESTAT:SDG_01_41(1.0),02/02/24 23:00:00,A,EMP,T,Y_GE18,PC,NL,2012,4.6,
ESTAT:SDG_01_41(1.0),02/02/24 23:00:00,A,EMP,T,Y_GE18,PC,NL,2013,4.5,
ESTAT:SDG_01_41(1.0),02/02/24 23:00:00,A,EMP,T,Y_GE18,PC,NL,2014,5.3,
ESTAT:SDG_01_41(1.0),02/02/24 23:00:00,A,EMP,T,Y_GE18,PC,NL,2015,5.0,
ESTAT:SDG_01_41(1.0),02/02/24 23:00:00,A,EMP,T,Y_GE18,PC,NL,2016,5.6,b
ESTAT:SDG_01_41(1.0),02/02/24 23:00:00,A,EMP,T,Y_GE18,PC,NL,2017,6.1,
ESTAT:SDG_01_41(1.0),02/02/24 23:00:00,A,EMP,T,Y_GE18,PC,NL,2018,6.1,
ESTAT:SDG_01_41(1.0),02/02/24 23:00:00,A,EMP,T,Y_GE18,PC,NL,2019,5.5,
ESTAT:SDG_01_41(1.0),02/02/24 23:00:00,A,EMP,T,Y_GE18,PC,NL,2020,5.6,
ESTAT:SDG_01_41(1.0),02/02/24 23:00:00,A,EMP,T,Y_GE18,PC,NL,2021,5.2,
ESTAT:SDG_01_41(1.0),02/02/24 23:00:00,A,EMP,T,Y_GE18,PC,NL,2022,5.0,
ESTAT:SDG_01_41(1.0),02/02/24 23:00:00,A,EMP,T,Y_GE18,PC,NO,2003,4.4,
ESTAT:SDG_01_41(1.0),02/02/24 23:00:00,A,EMP,T,Y_GE18,PC,NO,2004,4.4,
ESTAT:SDG_01_41(1.0),02/02/24 23:00:00,A,EMP,T,Y_GE18,PC,NO,2005,4.5,
ESTAT:SDG_01_41(1.0),02/02/24 23:00:00,A,EMP,T,Y_GE18,PC,NO,2006,6.1,
ESTAT:SDG_01_41(1.0),02/02/24 23:00:00,A,EMP,T,Y_GE18,PC,NO,2007,5.8,
ESTAT:SDG_01_41(1.0),02/02/24 23:00:00,A,EMP,T,Y_GE18,PC,NO,2008,5.4,
ESTAT:SDG_01_41(1.0),02/02/24 23:00:00,A,EMP,T,Y_GE18,PC,NO,2009,5.6,
ESTAT:SDG_01_41(1.0),02/02/24 23:00:00,A,EMP,T,Y_GE18,PC,NO,2010,5.2,
ESTAT:SDG_01_41(1.0),02/02/24 23:00:00,A,EMP,T,Y_GE18,PC,NO,2011,5.6,
ESTAT:SDG_01_41(1.0),02/02/24 23:00:00,A,EMP,T,Y_GE18,PC,NO,2012,5.0,
ESTAT:SDG_01_41(1.0),02/02/24 23:00:00,A,EMP,T,Y_GE18,PC,NO,2013,5.6,
ESTAT:SDG_01_41(1.0),02/02/24 23:00:00,A,EMP,T,Y_GE18,PC,NO,2014,5.0,
ESTAT:SDG_01_41(1.0),02/02/24 23:00:00,A,EMP,T,Y_GE18,PC,NO,2015,5.5,
ESTAT:SDG_01_41(1.0),02/02/24 23:00:00,A,EMP,T,Y_GE18,PC,NO,2016,5.7,
ESTAT:SDG_01_41(1.0),02/02/24 23:00:00,A,EMP,T,Y_GE18,PC,NO,2017,5.8,
ESTAT:SDG_01_41(1.0),02/02/24 23:00:00,A,EMP,T,Y_GE18,PC,NO,2018,6.0,
ESTAT:SDG_01_41(1.0),02/02/24 23:00:00,A,EMP,T,Y_GE18,PC,NO,2019,6.3,
ESTAT:SDG_01_41(1.0),02/02/24 23:00:00,A,EMP,T,Y_GE18,PC,NO,2020,5.9,
ESTAT:SDG_01_41(1.0),02/02/24 23:00:00,A,EMP,T,Y_GE18,PC,NO,2021,5.9,b
ESTAT:SDG_01_41(1.0),02/02/24 23:00:00,A,EMP,T,Y_GE18,PC,NO,2022,5.9,
ESTAT:SDG_01_41(1.0),02/02/24 23:00:00,A,EMP,T,Y_GE18,PC,PL,2005,13.8,
ESTAT:SDG_01_41(1.0),02/02/24 23:00:00,A,EMP,T,Y_GE18,PC,PL,2006,12.8,
ESTAT:SDG_01_41(1.0),02/02/24 23:00:00,A,EMP,T,Y_GE18,PC,PL,2007,11.7,
ESTAT:SDG_01_41(1.0),02/02/24 23:00:00,A,EMP,T,Y_GE18,PC,PL,2008,11.5,
ESTAT:SDG_01_41(1.0),02/02/24 23:00:00,A,EMP,T,Y_GE18,PC,PL,2009,11.0,
ESTAT:SDG_01_41(1.0),02/02/24 23:00:00,A,EMP,T,Y_GE18,PC,PL,2010,11.4,
ESTAT:SDG_01_41(1.0),02/02/24 23:00:00,A,EMP,T,Y_GE18,PC,PL,2011,11.1,
ESTAT:SDG_01_41(1.0),02/02/24 23:00:00,A,EMP,T,Y_GE18,PC,PL,2012,10.4,
ESTAT:SDG_01_41(1.0),02/02/24 23:00:00,A,EMP,T,Y_GE18,PC,PL,2013,10.7,
ESTAT:SDG_01_41(1.0),02/02/24 23:00:00,A,EMP,T,Y_GE18,PC,PL,2014,10.6,
ESTAT:SDG_01_41(1.0),02/02/24 23:00:00,A,EMP,T,Y_GE18,PC,PL,2015,11.2,
ESTAT:SDG_01_41(1.0),02/02/24 23:00:00,A,EMP,T,Y_GE18,PC,PL,2016,10.8,
ESTAT:SDG_01_41(1.0),02/02/24 23:00:00,A,EMP,T,Y_GE18,PC,PL,2017,9.9,
ESTAT:SDG_01_41(1.0),02/02/24 23:00:00,A,EMP,T,Y_GE18,PC,PL,2018,9.7,
ESTAT:SDG_01_41(1.0),02/02/24 23:00:00,A,EMP,T,Y_GE18,PC,PL,2019,9.7,
ESTAT:SDG_01_41(1.0),02/02/24 23:00:00,A,EMP,T,Y_GE18,PC,PL,2020,9.6,
ESTAT:SDG_01_41(1.0),02/02/24 23:00:00,A,EMP,T,Y_GE18,PC,PL,2021,8.9,
ESTAT:SDG_01_41(1.0),02/02/24 23:00:00,A,EMP,T,Y_GE18,PC,PL,2022,9.1,
ESTAT:SDG_01_41(1.0),02/02/24 23:00:00,A,EMP,T,Y_GE18,PC,PT,2004,12.4,
ESTAT:SDG_01_41(1.0),02/02/24 23:00:00,A,EMP,T,Y_GE18,PC,PT,2005,11.9,
ESTAT:SDG_01_41(1.0),02/02/24 23:00:00,A,EMP,T,Y_GE18,PC,PT,2006,11.2,
ESTAT:SDG_01_41(1.0),02/02/24 23:00:00,A,EMP,T,Y_GE18,PC,PT,2007,9.7,
ESTAT:SDG_01_41(1.0),02/02/24 23:00:00,A,EMP,T,Y_GE18,PC,PT,2008,11.8,
ESTAT:SDG_01_41(1.0),02/02/24 23:00:00,A,EMP,T,Y_GE18,PC,PT,2009,10.3,
ESTAT:SDG_01_41(1.0),02/02/24 23:00:00,A,EMP,T,Y_GE18,PC,PT,2010,9.7,
ESTAT:SDG_01_41(1.0),02/02/24 23:00:00,A,EMP,T,Y_GE18,PC,PT,2011,10.3,
ESTAT:SDG_01_41(1.0),02/02/24 23:00:00,A,EMP,T,Y_GE18,PC,PT,2012,9.9,
ESTAT:SDG_01_41(1.0),02/02/24 23:00:00,A,EMP,T,Y_GE18,PC,PT,2013,10.5,
ESTAT:SDG_01_41(1.0),02/02/24 23:00:00,A,EMP,T,Y_GE18,PC,PT,2014,10.7,
ESTAT:SDG_01_41(1.0),02/02/24 23:00:00,A,EMP,T,Y_GE18,PC,PT,2015,10.9,
ESTAT:SDG_01_41(1.0),02/02/24 23:00:00,A,EMP,T,Y_GE18,PC,PT,2016,10.9,
ESTAT:SDG_01_41(1.0),02/02/24 23:00:00,A,EMP,T,Y_GE18,PC,PT,2017,10.8,
ESTAT:SDG_01_41(1.0),02/02/24 23:00:00,A,EMP,T,Y_GE18,PC,PT,2018,9.7,
ESTAT:SDG_01_41(1.0),02/02/24 23:00:00,A,EMP,T,Y_GE18,PC,PT,2019,10.8,
ESTAT:SDG_01_41(1.0),02/02/24 23:00:00,A,EMP,T,Y_GE18,PC,PT,2020,9.5,
ESTAT:SDG_01_41(1.0),02/02/24 23:00:00,A,EMP,T,Y_GE18,PC,PT,2021,11.2,
ESTAT:SDG_01_41(1.0),02/02/24 23:00:00,A,EMP,T,Y_GE18,PC,PT,2022,10.3,
ESTAT:SDG_01_41(1.0),02/02/24 23:00:00,A,EMP,T,Y_GE18,PC,RO,2007,17.4,
ESTAT:SDG_01_41(1.0),02/02/24 23:00:00,A,EMP,T,Y_GE18,PC,RO,2008,17.7,
ESTAT:SDG_01_41(1.0),02/02/24 23:00:00,A,EMP,T,Y_GE18,PC,RO,2009,17.4,
ESTAT:SDG_01_41(1.0),02/02/24 23:00:00,A,EMP,T,Y_GE18,PC,RO,2010,17.9,
ESTAT:SDG_01_41(1.0),02/02/24 23:00:00,A,EMP,T,Y_GE18,PC,RO,2011,19.1,
ESTAT:SDG_01_41(1.0),02/02/24 23:00:00,A,EMP,T,Y_GE18,PC,RO,2012,19.0,
ESTAT:SDG_01_41(1.0),02/02/24 23:00:00,A,EMP,T,Y_GE18,PC,RO,2013,18.4,
ESTAT:SDG_01_41(1.0),02/02/24 23:00:00,A,EMP,T,Y_GE18,PC,RO,2014,19.8,
ESTAT:SDG_01_41(1.0),02/02/24 23:00:00,A,EMP,T,Y_GE18,PC,RO,2015,18.8,
ESTAT:SDG_01_41(1.0),02/02/24 23:00:00,A,EMP,T,Y_GE18,PC,RO,2016,18.9,
ESTAT:SDG_01_41(1.0),02/02/24 23:00:00,A,EMP,T,Y_GE18,PC,RO,2017,17.4,
ESTAT:SDG_01_41(1.0),02/02/24 23:00:00,A,EMP,T,Y_GE18,PC,RO,2018,15.3,
ESTAT:SDG_01_41(1.0),02/02/24 23:00:00,A,EMP,T,Y_GE18,PC,RO,2019,15.7,
ESTAT:SDG_01_41(1.0),02/02/24 23:00:00,A,EMP,T,Y_GE18,PC,RO,2020,14.9,
ESTAT:SDG_01_41(1.0),02/02/24 23:00:00,A,EMP,T,Y_GE18,PC,RO,2021,15.5,
ESTAT:SDG_01_41(1.0),02/02/24 23:00:00,A,EMP,T,Y_GE18,PC,RO,2022,14.5,
ESTAT:SDG_01_41(1.0),02/02/24 23:00:00,A,EMP,T,Y_GE18,PC,RS,2013,14.9,
ESTAT:SDG_01_41(1.0),02/02/24 23:00:00,A,EMP,T,Y_GE18,PC,RS,2014,14.0,
ESTAT:SDG_01_41(1.0),02/02/24 23:00:00,A,EMP,T,Y_GE18,PC,RS,2015,13.3,
ESTAT:SDG_01_41(1.0),02/02/24 23:00:00,A,EMP,T,Y_GE18,PC,RS,2016,11.9,
ESTAT:SDG_01_41(1.0),02/02/24 23:00:00,A,EMP,T,Y_GE18,PC,RS,2017,10.8,
ESTAT:SDG_01_41(1.0),02/02/24 23:00:00,A,EMP,T,Y_GE18,PC,RS,2018,10.0,
ESTAT:SDG_01_41(1.0),02/02/24 23:00:00,A,EMP,T,Y_GE18,PC,RS,2019,9.2,
ESTAT:SDG_01_41(1.0),02/02/24 23:00:00,A,EMP,T,Y_GE18,PC,RS,2020,7.8,
ESTAT:SDG_01_41(1.0),02/02/24 23:00:00,A,EMP,T,Y_GE18,PC,RS,2021,6.4,
ESTAT:SDG_01_41(1.0),02/02/24 23:00:00,A,EMP,T,Y_GE18,PC,RS,2022,6.2,
ESTAT:SDG_01_41(1.0),02/02/24 23:00:00,A,EMP,T,Y_GE18,PC,SE,2004,6.1,
ESTAT:SDG_01_41(1.0),02/02/24 23:00:00,A,EMP,T,Y_GE18,PC,SE,2005,5.5,
ESTAT:SDG_01_41(1.0),02/02/24 23:00:00,A,EMP,T,Y_GE18,PC,SE,2006,7.4,
ESTAT:SDG_01_41(1.0),02/02/24 23:00:00,A,EMP,T,Y_GE18,PC,SE,2007,6.4,
ESTAT:SDG_01_41(1.0),02/02/24 23:00:00,A,EMP,T,Y_GE18,PC,SE,2008,7.4,b
ESTAT:SDG_01_41(1.0),02/02/24 23:00:00,A,EMP,T,Y_GE18,PC,SE,2009,7.5,
ESTAT:SDG_01_41(1.0),02/02/24 23:00:00,A,EMP,T,Y_GE18,PC,SE,2010,7.7,
ESTAT:SDG_01_41(1.0),02/02/24 23:00:00,A,EMP,T,Y_GE18,PC,SE,2011,7.5,
ESTAT:SDG_01_41(1.0),02/02/24 23:00:00,A,EMP,T,Y_GE18,PC,SE,2012,7.2,
ESTAT:SDG_01_41(1.0),02/02/24 23:00:00,A,EMP,T,Y_GE18,PC,SE,2013,7.6,
ESTAT:SDG_01_41(1.0),02/02/24 23:00:00,A,EMP,T,Y_GE18,PC,SE,2014,7.7,
ESTAT:SDG_01_41(1.0),02/02/24 23:00:00,A,EMP,T,Y_GE18,PC,SE,2015,8.0,
ESTAT:SDG_01_41(1.0),02/02/24 23:00:00,A,EMP,T,Y_GE18,PC,SE,2016,6.7,
ESTAT:SDG_01_41(1.0),02/02/24 23:00:00,A,EMP,T,Y_GE18,PC,SE,2017,6.9,
ESTAT:SDG_01_41(1.0),02/02/24 23:00:00,A,EMP,T,Y_GE18,PC,SE,2018,7.0,
ESTAT:SDG_01_41(1.0),02/02/24 23:00:00,A,EMP,T,Y_GE18,PC,SE,2019,7.8,
ESTAT:SDG_01_41(1.0),02/02/24 23:00:00,A,EMP,T,Y_GE18,PC,SE,2020,7.8,
ESTAT:SDG_01_41(1.0),02/02/24 23:00:00,A,EMP,T,Y_GE18,PC,SE,2021,6.7,
ESTAT:SDG_01_41(1.0),02/02/24 23:00:00,A,EMP,T,Y_GE18,PC,SE,2022,7.5,
ESTAT:SDG_01_41(1.0),02/02/24 23:00:00,A,EMP,T,Y_GE18,PC,SI,2005,4.6,
ESTAT:SDG_01_41(1.0),02/02/24 23:00:00,A,EMP,T,Y_GE18,PC,SI,2006,4.8,
ESTAT:SDG_01_41(1.0),02/02/24 23:00:00,A,EMP,T,Y_GE18,PC,SI,2007,4.7,
ESTAT:SDG_01_41(1.0),02/02/24 23:00:00,A,EMP,T,Y_GE18,PC,SI,2008,5.1,
ESTAT:SDG_01_41(1.0),02/02/24 23:00:00,A,EMP,T,Y_GE18,PC,SI,2009,4.8,
ESTAT:SDG_01_41(1.0),02/02/24 23:00:00,A,EMP,T,Y_GE18,PC,SI,2010,5.3,
ESTAT:SDG_01_41(1.0),02/02/24 23:00:00,A,EMP,T,Y_GE18,PC,SI,2011,6.0,
ESTAT:SDG_01_41(1.0),02/02/24 23:00:00,A,EMP,T,Y_GE18,PC,SI,2012,6.5,
ESTAT:SDG_01_41(1.0),02/02/24 23:00:00,A,EMP,T,Y_GE18,PC,SI,2013,7.1,
ESTAT:SDG_01_41(1.0),02/02/24 23:00:00,A,EMP,T,Y_GE18,PC,SI,2014,6.4,
ESTAT:SDG_01_41(1.0),02/02/24 23:00:00,A,EMP,T,Y_GE18,PC,SI,2015,6.7,
ESTAT:SDG_01_41(1.0),02/02/24 23:00:00,A,EMP,T,Y_GE18,PC,SI,2016,6.1,
ESTAT:SDG_01_41(1.0),02/02/24 23:00:00,A,EMP,T,Y_GE18,PC,SI,2017,6.6,
ESTAT:SDG_01_41(1.0),02/02/24 23:00:00,A,EMP,T,Y_GE18,PC,SI,2018,6.0,
ESTAT:SDG_01_41(1.0),02/02/24 23:00:00,A,EMP,T,Y_GE18,PC,SI,2019,4.5,
ESTAT:SDG_01_41(1.0),02/02/24 23:00:00,A,EMP,T,Y_GE18,PC,SI,2020,5.0,
ESTAT:SDG_01_41(1.0),02/02/24 23:00:00,A,EMP,T,Y_GE18,PC,SI,2021,5.0,
ESTAT:SDG_01_41(1.0),02/02/24 23:00:00,A,EMP,T,Y_GE18,PC,SI,2022,4.8,
ESTAT:SDG_01_41(1.0),02/02/24 23:00:00,A,EMP,T,Y_GE18,PC,SK,2005,8.9,
ESTAT:SDG_01_41(1.0),02/02/24 23:00:00,A,EMP,T,Y_GE18,PC,SK,2006,6.3,
ESTAT:SDG_01_41(1.0),02/02/24 23:00:00,A,EMP,T,Y_GE18,PC,SK,2007,4.9,
ESTAT:SDG_01_41(1.0),02/02/24 23:00:00,A,EMP,T,Y_GE18,PC,SK,2008,5.8,
ESTAT:SDG_01_41(1.0),02/02/24 23:00:00,A,EMP,T,Y_GE18,PC,SK,2009,5.2,
ESTAT:SDG_01_41(1.0),02/02/24 23:00:00,A,EMP,T,Y_GE18,PC,SK,2010,5.7,
ESTAT:SDG_01_41(1.0),02/02/24 23:00:00,A,EMP,T,Y_GE18,PC,SK,2011,6.3,
ESTAT:SDG_01_41(1.0),02/02/24 23:00:00,A,EMP,T,Y_GE18,PC,SK,2012,6.2,
ESTAT:SDG_01_41(1.0),02/02/24 23:00:00,A,EMP,T,Y_GE18,PC,SK,2013,5.7,
ESTAT:SDG_01_41(1.0),02/02/24 23:00:00,A,EMP,T,Y_GE18,PC,SK,2014,5.7,
ESTAT:SDG_01_41(1.0),02/02/24 23:00:00,A,EMP,T,Y_GE18,PC,SK,2015,6.0,
ESTAT:SDG_01_41(1.0),02/02/24 23:00:00,A,EMP,T,Y_GE18,PC,SK,2016,6.5,
ESTAT:SDG_01_41(1.0),02/02/24 23:00:00,A,EMP,T,Y_GE18,PC,SK,2017,6.3,
ESTAT:SDG_01_41(1.0),02/02/24 23:00:00,A,EMP,T,Y_GE18,PC,SK,2018,6.0,
ESTAT:SDG_01_41(1.0),02/02/24 23:00:00,A,EMP,T,Y_GE18,PC,SK,2019,4.4,
ESTAT:SDG_01_41(1.0),02/02/24 23:00:00,A,EMP,T,Y_GE18,PC,SK,2020,5.2,
ESTAT:SDG_01_41(1.0),02/02/24 23:00:00,A,EMP,T,Y_GE18,PC,SK,2021,6.7,
ESTAT:SDG_01_41(1.0),02/02/24 23:00:00,A,EMP,T,Y_GE18,PC,SK,2022,7.1,
ESTAT:SDG_01_41(1.0),02/02/24 23:00:00,A,EMP,T,Y_GE18,PC,TR,2006,18.2,
ESTAT:SDG_01_41(1.0),02/02/24 23:00:00,A,EMP,T,Y_GE18,PC,TR,2007,17.9,
ESTAT:SDG_01_41(1.0),02/02/24 23:00:00,A,EMP,T,Y_GE18,PC,TR,2008,18.4,
ESTAT:SDG_01_41(1.0),02/02/24 23:00:00,A,EMP,T,Y_GE18,PC,TR,2009,18.8,
ESTAT:SDG_01_41(1.0),02/02/24 23:00:00,A,EMP,T,Y_GE18,PC,TR,2010,18.0,
ESTAT:SDG_01_41(1.0),02/02/24 23:00:00,A,EMP,T,Y_GE18,PC,TR,2011,16.0,
ESTAT:SDG_01_41(1.0),02/02/24 23:00:00,A,EMP,T,Y_GE18,PC,TR,2012,15.3,
ESTAT:SDG_01_41(1.0),02/02/24 23:00:00,A,EMP,T,Y_GE18,PC,TR,2013,14.9,
ESTAT:SDG_01_41(1.0),02/02/24 23:00:00,A,EMP,T,Y_GE18,PC,TR,2014,14.4,
ESTAT:SDG_01_41(1.0),02/02/24 23:00:00,A,EMP,T,Y_GE18,PC,TR,2015,13.7,
ESTAT:SDG_01_41(1.0),02/02/24 23:00:00,A,EMP,T,Y_GE18,PC,TR,2016,13.5,
ESTAT:SDG_01_41(1.0),02/02/24 23:00:00,A,EMP,T,Y_GE18,PC,TR,2017,12.8,
ESTAT:SDG_01_41(1.0),02/02/24 23:00:00,A,EMP,T,Y_GE18,PC,TR,2018,13.1,
ESTAT:SDG_01_41(1.0),02/02/24 23:00:00,A,EMP,T,Y_GE18,PC,TR,2019,13.2,
ESTAT:SDG_01_41(1.0),02/02/24 23:00:00,A,EMP,T,Y_GE18,PC,TR,2020,12.9,
ESTAT:SDG_01_41(1.0),02/02/24 23:00:00,A,EMP,T,Y_GE18,PC,TR,2021,12.7,
ESTAT:SDG_01_41(1.0),02/02/24 23:00:00,A,EMP,T,Y_GE18,PC,UK,2005,8.2,
ESTAT:SDG_01_41(1.0),02/02/24 23:00:00,A,EMP,T,Y_GE18,PC,UK,2006,7.8,
ESTAT:SDG_01_41(1.0),02/02/24 23:00:00,A,EMP,T,Y_GE18,PC,UK,2007,8.0,
ESTAT:SDG_01_41(1.0),02/02/24 23:00:00,A,EMP,T,Y_GE18,PC,UK,2008,8.5,
ESTAT:SDG_01_41(1.0),02/02/24 23:00:00,A,EMP,T,Y_GE18,PC,UK,2009,6.7,
ESTAT:SDG_01_41(1.0),02/02/24 23:00:00,A,EMP,T,Y_GE18,PC,UK,2010,6.8,
ESTAT:SDG_01_41(1.0),02/02/24 23:00:00,A,EMP,T,Y_GE18,PC,UK,2011,7.9,
ESTAT:SDG_01_41(1.0),02/02/24 23:00:00,A,EMP,T,Y_GE18,PC,UK,2012,9.0,b
ESTAT:SDG_01_41(1.0),02/02/24 23:00:00,A,EMP,T,Y_GE18,PC,UK,2013,8.4,
ESTAT:SDG_01_41(1.0),02/02/24 23:00:00,A,EMP,T,Y_GE18,PC,UK,2014,8.7,
ESTAT:SDG_01_41(1.0),02/02/24 23:00:00,A,EMP,T,Y_GE18,PC,UK,2015,8.1,
ESTAT:SDG_01_41(1.0),02/02/24 23:00:00,A,EMP,T,Y_GE18,PC,UK,2016,8.6,
ESTAT:SDG_01_41(1.0),02/02/24 23:00:00,A,EMP,T,Y_GE18,PC,UK,2017,8.9,b
ESTAT:SDG_01_41(1.0),02/02/24 23:00:00,A,EMP,T,Y_GE18,PC,UK,2018,10.3,
ESTAT:SDG_01_41(1.0),02/02/24 23:00:00,A,EMP,T,Y_GE18,PC,XK,2018,7.2,
