DATAFLOW,LAST UPDATE,freq,geo,TIME_PERIOD,OBS_VALUE,OBS_FLAG
ESTAT:SDG_10_50(1.0),02/02/24 23:00:00,A,AL,2017,17.1,
ESTAT:SDG_10_50(1.0),02/02/24 23:00:00,A,AL,2018,17.8,
ESTAT:SDG_10_50(1.0),02/02/24 23:00:00,A,AL,2019,18.4,
ESTAT:SDG_10_50(1.0),02/02/24 23:00:00,A,AL,2020,19.3,
ESTAT:SDG_10_50(1.0),02/02/24 23:00:00,A,AL,2021,19.3,
ESTAT:SDG_10_50(1.0),02/02/24 23:00:00,A,AT,2000,25.0,
ESTAT:SDG_10_50(1.0),02/02/24 23:00:00,A,AT,2001,25.0,
ESTAT:SDG_10_50(1.0),02/02/24 23:00:00,A,AT,2003,23.2,b
ESTAT:SDG_10_50(1.0),02/02/24 23:00:00,A,AT,2004,24.0,
ESTAT:SDG_10_50(1.0),02/02/24 23:00:00,A,AT,2005,23.8,
ESTAT:SDG_10_50(1.0),02/02/24 23:00:00,A,AT,2006,24.2,
ESTAT:SDG_10_50(1.0),02/02/24 23:00:00,A,AT,2007,23.9,
ESTAT:SDG_10_50(1.0),02/02/24 23:00:00,A,AT,2008,22.8,b
ESTAT:SDG_10_50(1.0),02/02/24 23:00:00,A,AT,2009,23.0,
ESTAT:SDG_10_50(1.0),02/02/24 23:00:00,A,AT,2010,22.6,
ESTAT:SDG_10_50(1.0),02/02/24 23:00:00,A,AT,2011,22.8,
ESTAT:SDG_10_50(1.0),02/02/24 23:00:00,A,AT,2012,22.8,
ESTAT:SDG_10_50(1.0),02/02/24 23:00:00,A,AT,2013,23.1,
ESTAT:SDG_10_50(1.0),02/02/24 23:00:00,A,AT,2014,23.0,
ESTAT:SDG_10_50(1.0),02/02/24 23:00:00,A,AT,2015,23.1,
ESTAT:SDG_10_50(1.0),02/02/24 23:00:00,A,AT,2016,23.0,
ESTAT:SDG_10_50(1.0),02/02/24 23:00:00,A,AT,2017,22.7,
ESTAT:SDG_10_50(1.0),02/02/24 23:00:00,A,AT,2018,23.2,
ESTAT:SDG_10_50(1.0),02/02/24 23:00:00,A,AT,2019,22.9,
ESTAT:SDG_10_50(1.0),02/02/24 23:00:00,A,AT,2020,23.2,
ESTAT:SDG_10_50(1.0),02/02/24 23:00:00,A,AT,2021,23.1,
ESTAT:SDG_10_50(1.0),02/02/24 23:00:00,A,AT,2022,22.7,
ESTAT:SDG_10_50(1.0),02/02/24 23:00:00,A,BE,2000,23.0,
ESTAT:SDG_10_50(1.0),02/02/24 23:00:00,A,BE,2001,23.0,
ESTAT:SDG_10_50(1.0),02/02/24 23:00:00,A,BE,2003,22.1,b
ESTAT:SDG_10_50(1.0),02/02/24 23:00:00,A,BE,2004,23.3,
ESTAT:SDG_10_50(1.0),02/02/24 23:00:00,A,BE,2005,22.8,
ESTAT:SDG_10_50(1.0),02/02/24 23:00:00,A,BE,2006,22.7,
ESTAT:SDG_10_50(1.0),02/02/24 23:00:00,A,BE,2007,23.2,
ESTAT:SDG_10_50(1.0),02/02/24 23:00:00,A,BE,2008,22.8,
ESTAT:SDG_10_50(1.0),02/02/24 23:00:00,A,BE,2009,23.2,
ESTAT:SDG_10_50(1.0),02/02/24 23:00:00,A,BE,2010,23.2,
ESTAT:SDG_10_50(1.0),02/02/24 23:00:00,A,BE,2011,23.2,
ESTAT:SDG_10_50(1.0),02/02/24 23:00:00,A,BE,2012,23.0,
ESTAT:SDG_10_50(1.0),02/02/24 23:00:00,A,BE,2013,23.3,
ESTAT:SDG_10_50(1.0),02/02/24 23:00:00,A,BE,2014,23.2,
ESTAT:SDG_10_50(1.0),02/02/24 23:00:00,A,BE,2015,23.2,
ESTAT:SDG_10_50(1.0),02/02/24 23:00:00,A,BE,2016,23.0,
ESTAT:SDG_10_50(1.0),02/02/24 23:00:00,A,BE,2017,23.2,
ESTAT:SDG_10_50(1.0),02/02/24 23:00:00,A,BE,2018,23.3,
ESTAT:SDG_10_50(1.0),02/02/24 23:00:00,A,BE,2019,23.9,b
ESTAT:SDG_10_50(1.0),02/02/24 23:00:00,A,BE,2020,23.8,
ESTAT:SDG_10_50(1.0),02/02/24 23:00:00,A,BE,2021,24.6,
ESTAT:SDG_10_50(1.0),02/02/24 23:00:00,A,BE,2022,24.1,
ESTAT:SDG_10_50(1.0),02/02/24 23:00:00,A,BG,2006,20.6,
ESTAT:SDG_10_50(1.0),02/02/24 23:00:00,A,BG,2007,18.2,
ESTAT:SDG_10_50(1.0),02/02/24 23:00:00,A,BG,2008,18.2,
ESTAT:SDG_10_50(1.0),02/02/24 23:00:00,A,BG,2009,19.2,
ESTAT:SDG_10_50(1.0),02/02/24 23:00:00,A,BG,2010,19.5,
ESTAT:SDG_10_50(1.0),02/02/24 23:00:00,A,BG,2011,18.4,
ESTAT:SDG_10_50(1.0),02/02/24 23:00:00,A,BG,2012,19.2,
ESTAT:SDG_10_50(1.0),02/02/24 23:00:00,A,BG,2013,18.5,
ESTAT:SDG_10_50(1.0),02/02/24 23:00:00,A,BG,2014,18.4,
ESTAT:SDG_10_50(1.0),02/02/24 23:00:00,A,BG,2015,17.8,
ESTAT:SDG_10_50(1.0),02/02/24 23:00:00,A,BG,2016,17.2,b
ESTAT:SDG_10_50(1.0),02/02/24 23:00:00,A,BG,2017,16.5,
ESTAT:SDG_10_50(1.0),02/02/24 23:00:00,A,BG,2018,17.0,
ESTAT:SDG_10_50(1.0),02/02/24 23:00:00,A,BG,2019,16.4,
ESTAT:SDG_10_50(1.0),02/02/24 23:00:00,A,BG,2020,16.6,
ESTAT:SDG_10_50(1.0),02/02/24 23:00:00,A,BG,2021,17.0,
ESTAT:SDG_10_50(1.0),02/02/24 23:00:00,A,BG,2022,17.0,
ESTAT:SDG_10_50(1.0),02/02/24 23:00:00,A,CH,2007,21.6,
ESTAT:SDG_10_50(1.0),02/02/24 23:00:00,A,CH,2008,21.2,
ESTAT:SDG_10_50(1.0),02/02/24 23:00:00,A,CH,2009,21.4,
ESTAT:SDG_10_50(1.0),02/02/24 23:00:00,A,CH,2010,21.9,
ESTAT:SDG_10_50(1.0),02/02/24 23:00:00,A,CH,2011,21.9,
ESTAT:SDG_10_50(1.0),02/02/24 23:00:00,A,CH,2012,22.2,
ESTAT:SDG_10_50(1.0),02/02/24 23:00:00,A,CH,2013,22.6,
ESTAT:SDG_10_50(1.0),02/02/24 23:00:00,A,CH,2014,22.2,b
ESTAT:SDG_10_50(1.0),02/02/24 23:00:00,A,CH,2015,22.1,
ESTAT:SDG_10_50(1.0),02/02/24 23:00:00,A,CH,2016,22.1,
ESTAT:SDG_10_50(1.0),02/02/24 23:00:00,A,CH,2017,21.9,
ESTAT:SDG_10_50(1.0),02/02/24 23:00:00,A,CH,2018,22.0,
ESTAT:SDG_10_50(1.0),02/02/24 23:00:00,A,CH,2019,21.5,
ESTAT:SDG_10_50(1.0),02/02/24 23:00:00,A,CH,2020,21.3,
ESTAT:SDG_10_50(1.0),02/02/24 23:00:00,A,CH,2021,21.1,
ESTAT:SDG_10_50(1.0),02/02/24 23:00:00,A,CH,2022,21.4,
ESTAT:SDG_10_50(1.0),02/02/24 23:00:00,A,CY,2005,22.1,
ESTAT:SDG_10_50(1.0),02/02/24 23:00:00,A,CY,2006,22.3,
ESTAT:SDG_10_50(1.0),02/02/24 23:00:00,A,CY,2007,22.1,
ESTAT:SDG_10_50(1.0),02/02/24 23:00:00,A,CY,2008,22.2,b
ESTAT:SDG_10_50(1.0),02/02/24 23:00:00,A,CY,2009,22.1,
ESTAT:SDG_10_50(1.0),02/02/24 23:00:00,A,CY,2010,21.9,
ESTAT:SDG_10_50(1.0),02/02/24 23:00:00,A,CY,2011,22.2,
ESTAT:SDG_10_50(1.0),02/02/24 23:00:00,A,CY,2012,21.4,
ESTAT:SDG_10_50(1.0),02/02/24 23:00:00,A,CY,2013,20.8,
ESTAT:SDG_10_50(1.0),02/02/24 23:00:00,A,CY,2014,19.9,
ESTAT:SDG_10_50(1.0),02/02/24 23:00:00,A,CY,2015,20.1,
ESTAT:SDG_10_50(1.0),02/02/24 23:00:00,A,CY,2016,20.7,
ESTAT:SDG_10_50(1.0),02/02/24 23:00:00,A,CY,2017,21.4,
ESTAT:SDG_10_50(1.0),02/02/24 23:00:00,A,CY,2018,22.1,
ESTAT:SDG_10_50(1.0),02/02/24 23:00:00,A,CY,2019,21.5,
ESTAT:SDG_10_50(1.0),02/02/24 23:00:00,A,CY,2020,22.2,
ESTAT:SDG_10_50(1.0),02/02/24 23:00:00,A,CY,2021,22.3,
ESTAT:SDG_10_50(1.0),02/02/24 23:00:00,A,CY,2022,22.1,
ESTAT:SDG_10_50(1.0),02/02/24 23:00:00,A,CZ,2005,24.2,
ESTAT:SDG_10_50(1.0),02/02/24 23:00:00,A,CZ,2006,24.6,
ESTAT:SDG_10_50(1.0),02/02/24 23:00:00,A,CZ,2007,24.6,
ESTAT:SDG_10_50(1.0),02/02/24 23:00:00,A,CZ,2008,25.0,
ESTAT:SDG_10_50(1.0),02/02/24 23:00:00,A,CZ,2009,25.0,
ESTAT:SDG_10_50(1.0),02/02/24 23:00:00,A,CZ,2010,24.9,
ESTAT:SDG_10_50(1.0),02/02/24 23:00:00,A,CZ,2011,24.7,
ESTAT:SDG_10_50(1.0),02/02/24 23:00:00,A,CZ,2012,24.8,
ESTAT:SDG_10_50(1.0),02/02/24 23:00:00,A,CZ,2013,25.1,
ESTAT:SDG_10_50(1.0),02/02/24 23:00:00,A,CZ,2014,24.8,
ESTAT:SDG_10_50(1.0),02/02/24 23:00:00,A,CZ,2015,24.8,
ESTAT:SDG_10_50(1.0),02/02/24 23:00:00,A,CZ,2016,24.7,
ESTAT:SDG_10_50(1.0),02/02/24 23:00:00,A,CZ,2017,25.0,
ESTAT:SDG_10_50(1.0),02/02/24 23:00:00,A,CZ,2018,25.1,
ESTAT:SDG_10_50(1.0),02/02/24 23:00:00,A,CZ,2019,25.0,
ESTAT:SDG_10_50(1.0),02/02/24 23:00:00,A,CZ,2020,24.9,
ESTAT:SDG_10_50(1.0),02/02/24 23:00:00,A,CZ,2021,24.9,
ESTAT:SDG_10_50(1.0),02/02/24 23:00:00,A,CZ,2022,24.6,
ESTAT:SDG_10_50(1.0),02/02/24 23:00:00,A,DE,2000,25.0,
ESTAT:SDG_10_50(1.0),02/02/24 23:00:00,A,DE,2001,25.0,
ESTAT:SDG_10_50(1.0),02/02/24 23:00:00,A,DE,2005,24.1,b
ESTAT:SDG_10_50(1.0),02/02/24 23:00:00,A,DE,2006,23.6,
ESTAT:SDG_10_50(1.0),02/02/24 23:00:00,A,DE,2007,21.5,
ESTAT:SDG_10_50(1.0),02/02/24 23:00:00,A,DE,2008,21.7,
ESTAT:SDG_10_50(1.0),02/02/24 23:00:00,A,DE,2009,22.1,
ESTAT:SDG_10_50(1.0),02/02/24 23:00:00,A,DE,2010,22.0,
ESTAT:SDG_10_50(1.0),02/02/24 23:00:00,A,DE,2011,22.1,
ESTAT:SDG_10_50(1.0),02/02/24 23:00:00,A,DE,2012,22.3,
ESTAT:SDG_10_50(1.0),02/02/24 23:00:00,A,DE,2013,21.8,
ESTAT:SDG_10_50(1.0),02/02/24 23:00:00,A,DE,2014,21.0,
ESTAT:SDG_10_50(1.0),02/02/24 23:00:00,A,DE,2015,21.4,
ESTAT:SDG_10_50(1.0),02/02/24 23:00:00,A,DE,2016,21.7,
ESTAT:SDG_10_50(1.0),02/02/24 23:00:00,A,DE,2017,22.0,
ESTAT:SDG_10_50(1.0),02/02/24 23:00:00,A,DE,2018,21.2,
ESTAT:SDG_10_50(1.0),02/02/24 23:00:00,A,DE,2019,21.7,
ESTAT:SDG_10_50(1.0),02/02/24 23:00:00,A,DE,2020,21.3,b
ESTAT:SDG_10_50(1.0),02/02/24 23:00:00,A,DE,2021,21.0,
ESTAT:SDG_10_50(1.0),02/02/24 23:00:00,A,DE,2022,22.2,
ESTAT:SDG_10_50(1.0),02/02/24 23:00:00,A,DK,2003,24.6,
ESTAT:SDG_10_50(1.0),02/02/24 23:00:00,A,DK,2004,25.1,
ESTAT:SDG_10_50(1.0),02/02/24 23:00:00,A,DK,2005,24.7,
ESTAT:SDG_10_50(1.0),02/02/24 23:00:00,A,DK,2006,24.9,
ESTAT:SDG_10_50(1.0),02/02/24 23:00:00,A,DK,2007,24.2,
ESTAT:SDG_10_50(1.0),02/02/24 23:00:00,A,DK,2008,24.4,
ESTAT:SDG_10_50(1.0),02/02/24 23:00:00,A,DK,2009,22.9,
ESTAT:SDG_10_50(1.0),02/02/24 23:00:00,A,DK,2010,23.0,
ESTAT:SDG_10_50(1.0),02/02/24 23:00:00,A,DK,2011,23.5,b
ESTAT:SDG_10_50(1.0),02/02/24 23:00:00,A,DK,2012,23.6,
ESTAT:SDG_10_50(1.0),02/02/24 23:00:00,A,DK,2013,23.5,
ESTAT:SDG_10_50(1.0),02/02/24 23:00:00,A,DK,2014,23.2,
ESTAT:SDG_10_50(1.0),02/02/24 23:00:00,A,DK,2015,23.2,
ESTAT:SDG_10_50(1.0),02/02/24 23:00:00,A,DK,2016,23.2,
ESTAT:SDG_10_50(1.0),02/02/24 23:00:00,A,DK,2017,23.3,
ESTAT:SDG_10_50(1.0),02/02/24 23:00:00,A,DK,2018,23.2,
ESTAT:SDG_10_50(1.0),02/02/24 23:00:00,A,DK,2019,23.2,
ESTAT:SDG_10_50(1.0),02/02/24 23:00:00,A,DK,2020,23.4,b
ESTAT:SDG_10_50(1.0),02/02/24 23:00:00,A,DK,2021,23.5,
ESTAT:SDG_10_50(1.0),02/02/24 23:00:00,A,DK,2022,23.3,
ESTAT:SDG_10_50(1.0),02/02/24 23:00:00,A,EE,2004,17.6,
ESTAT:SDG_10_50(1.0),02/02/24 23:00:00,A,EE,2005,19.2,
ESTAT:SDG_10_50(1.0),02/02/24 23:00:00,A,EE,2006,19.8,
ESTAT:SDG_10_50(1.0),02/02/24 23:00:00,A,EE,2007,19.7,
ESTAT:SDG_10_50(1.0),02/02/24 23:00:00,A,EE,2008,20.6,
ESTAT:SDG_10_50(1.0),02/02/24 23:00:00,A,EE,2009,20.4,
ESTAT:SDG_10_50(1.0),02/02/24 23:00:00,A,EE,2010,20.6,
ESTAT:SDG_10_50(1.0),02/02/24 23:00:00,A,EE,2011,20.2,
ESTAT:SDG_10_50(1.0),02/02/24 23:00:00,A,EE,2012,19.8,
ESTAT:SDG_10_50(1.0),02/02/24 23:00:00,A,EE,2013,19.7,
ESTAT:SDG_10_50(1.0),02/02/24 23:00:00,A,EE,2014,18.0,b
ESTAT:SDG_10_50(1.0),02/02/24 23:00:00,A,EE,2015,18.5,
ESTAT:SDG_10_50(1.0),02/02/24 23:00:00,A,EE,2016,19.2,
ESTAT:SDG_10_50(1.0),02/02/24 23:00:00,A,EE,2017,19.6,
ESTAT:SDG_10_50(1.0),02/02/24 23:00:00,A,EE,2018,20.1,
ESTAT:SDG_10_50(1.0),02/02/24 23:00:00,A,EE,2019,20.2,
ESTAT:SDG_10_50(1.0),02/02/24 23:00:00,A,EE,2020,20.4,
ESTAT:SDG_10_50(1.0),02/02/24 23:00:00,A,EE,2021,20.4,
ESTAT:SDG_10_50(1.0),02/02/24 23:00:00,A,EE,2022,19.5,
ESTAT:SDG_10_50(1.0),02/02/24 23:00:00,A,EL,2000,19.0,
ESTAT:SDG_10_50(1.0),02/02/24 23:00:00,A,EL,2001,19.0,
ESTAT:SDG_10_50(1.0),02/02/24 23:00:00,A,EL,2003,18.7,b
ESTAT:SDG_10_50(1.0),02/02/24 23:00:00,A,EL,2004,19.3,
ESTAT:SDG_10_50(1.0),02/02/24 23:00:00,A,EL,2005,19.6,
ESTAT:SDG_10_50(1.0),02/02/24 23:00:00,A,EL,2006,19.0,
ESTAT:SDG_10_50(1.0),02/02/24 23:00:00,A,EL,2007,19.1,
ESTAT:SDG_10_50(1.0),02/02/24 23:00:00,A,EL,2008,19.5,
ESTAT:SDG_10_50(1.0),02/02/24 23:00:00,A,EL,2009,19.8,
ESTAT:SDG_10_50(1.0),02/02/24 23:00:00,A,EL,2010,19.8,
ESTAT:SDG_10_50(1.0),02/02/24 23:00:00,A,EL,2011,19.2,
ESTAT:SDG_10_50(1.0),02/02/24 23:00:00,A,EL,2012,18.5,
ESTAT:SDG_10_50(1.0),02/02/24 23:00:00,A,EL,2013,18.5,
ESTAT:SDG_10_50(1.0),02/02/24 23:00:00,A,EL,2014,18.7,
ESTAT:SDG_10_50(1.0),02/02/24 23:00:00,A,EL,2015,18.7,
ESTAT:SDG_10_50(1.0),02/02/24 23:00:00,A,EL,2016,18.7,
ESTAT:SDG_10_50(1.0),02/02/24 23:00:00,A,EL,2017,19.4,
ESTAT:SDG_10_50(1.0),02/02/24 23:00:00,A,EL,2018,20.2,
ESTAT:SDG_10_50(1.0),02/02/24 23:00:00,A,EL,2019,20.7,
ESTAT:SDG_10_50(1.0),02/02/24 23:00:00,A,EL,2020,20.5,
ESTAT:SDG_10_50(1.0),02/02/24 23:00:00,A,EL,2021,19.9,
ESTAT:SDG_10_50(1.0),02/02/24 23:00:00,A,EL,2022,20.5,
ESTAT:SDG_10_50(1.0),02/02/24 23:00:00,A,ES,2000,20.0,
ESTAT:SDG_10_50(1.0),02/02/24 23:00:00,A,ES,2001,20.0,
ESTAT:SDG_10_50(1.0),02/02/24 23:00:00,A,ES,2004,20.3,b
ESTAT:SDG_10_50(1.0),02/02/24 23:00:00,A,ES,2005,19.8,
ESTAT:SDG_10_50(1.0),02/02/24 23:00:00,A,ES,2006,19.8,
ESTAT:SDG_10_50(1.0),02/02/24 23:00:00,A,ES,2007,19.9,
ESTAT:SDG_10_50(1.0),02/02/24 23:00:00,A,ES,2008,19.8,b
ESTAT:SDG_10_50(1.0),02/02/24 23:00:00,A,ES,2009,19.5,
ESTAT:SDG_10_50(1.0),02/02/24 23:00:00,A,ES,2010,19.2,
ESTAT:SDG_10_50(1.0),02/02/24 23:00:00,A,ES,2011,18.9,
ESTAT:SDG_10_50(1.0),02/02/24 23:00:00,A,ES,2012,18.7,
ESTAT:SDG_10_50(1.0),02/02/24 23:00:00,A,ES,2013,18.9,
ESTAT:SDG_10_50(1.0),02/02/24 23:00:00,A,ES,2014,18.2,
ESTAT:SDG_10_50(1.0),02/02/24 23:00:00,A,ES,2015,18.2,
ESTAT:SDG_10_50(1.0),02/02/24 23:00:00,A,ES,2016,18.4,
ESTAT:SDG_10_50(1.0),02/02/24 23:00:00,A,ES,2017,18.5,
ESTAT:SDG_10_50(1.0),02/02/24 23:00:00,A,ES,2018,19.1,
ESTAT:SDG_10_50(1.0),02/02/24 23:00:00,A,ES,2019,19.3,
ESTAT:SDG_10_50(1.0),02/02/24 23:00:00,A,ES,2020,19.5,
ESTAT:SDG_10_50(1.0),02/02/24 23:00:00,A,ES,2021,19.1,
ESTAT:SDG_10_50(1.0),02/02/24 23:00:00,A,ES,2022,19.8,
ESTAT:SDG_10_50(1.0),02/02/24 23:00:00,A,FI,2000,25.0,
ESTAT:SDG_10_50(1.0),02/02/24 23:00:00,A,FI,2001,25.0,
ESTAT:SDG_10_50(1.0),02/02/24 23:00:00,A,FI,2004,24.3,b
ESTAT:SDG_10_50(1.0),02/02/24 23:00:00,A,FI,2005,24.1,
ESTAT:SDG_10_50(1.0),02/02/24 23:00:00,A,FI,2006,24.1,
ESTAT:SDG_10_50(1.0),02/02/24 23:00:00,A,FI,2007,23.9,
ESTAT:SDG_10_50(1.0),02/02/24 23:00:00,A,FI,2008,23.6,
ESTAT:SDG_10_50(1.0),02/02/24 23:00:00,A,FI,2009,23.9,
ESTAT:SDG_10_50(1.0),02/02/24 23:00:00,A,FI,2010,24.2,
ESTAT:SDG_10_50(1.0),02/02/24 23:00:00,A,FI,2011,23.9,
ESTAT:SDG_10_50(1.0),02/02/24 23:00:00,A,FI,2012,23.9,
ESTAT:SDG_10_50(1.0),02/02/24 23:00:00,A,FI,2013,24.2,
ESTAT:SDG_10_50(1.0),02/02/24 23:00:00,A,FI,2014,24.0,
ESTAT:SDG_10_50(1.0),02/02/24 23:00:00,A,FI,2015,24.2,
ESTAT:SDG_10_50(1.0),02/02/24 23:00:00,A,FI,2016,24.2,
ESTAT:SDG_10_50(1.0),02/02/24 23:00:00,A,FI,2017,24.4,
ESTAT:SDG_10_50(1.0),02/02/24 23:00:00,A,FI,2018,24.0,
ESTAT:SDG_10_50(1.0),02/02/24 23:00:00,A,FI,2019,23.8,
ESTAT:SDG_10_50(1.0),02/02/24 23:00:00,A,FI,2020,23.7,
ESTAT:SDG_10_50(1.0),02/02/24 23:00:00,A,FI,2021,24.2,
ESTAT:SDG_10_50(1.0),02/02/24 23:00:00,A,FI,2022,23.7,
ESTAT:SDG_10_50(1.0),02/02/24 23:00:00,A,FR,2000,23.0,
ESTAT:SDG_10_50(1.0),02/02/24 23:00:00,A,FR,2001,23.0,
ESTAT:SDG_10_50(1.0),02/02/24 23:00:00,A,FR,2004,22.8,b
ESTAT:SDG_10_50(1.0),02/02/24 23:00:00,A,FR,2005,23.0,
ESTAT:SDG_10_50(1.0),02/02/24 23:00:00,A,FR,2006,23.2,
ESTAT:SDG_10_50(1.0),02/02/24 23:00:00,A,FR,2007,23.5,
ESTAT:SDG_10_50(1.0),02/02/24 23:00:00,A,FR,2008,22.4,b
ESTAT:SDG_10_50(1.0),02/02/24 23:00:00,A,FR,2009,22.3,
ESTAT:SDG_10_50(1.0),02/02/24 23:00:00,A,FR,2010,22.2,
ESTAT:SDG_10_50(1.0),02/02/24 23:00:00,A,FR,2011,21.9,
ESTAT:SDG_10_50(1.0),02/02/24 23:00:00,A,FR,2012,22.0,
ESTAT:SDG_10_50(1.0),02/02/24 23:00:00,A,FR,2013,22.2,
ESTAT:SDG_10_50(1.0),02/02/24 23:00:00,A,FR,2014,22.6,
ESTAT:SDG_10_50(1.0),02/02/24 23:00:00,A,FR,2015,22.6,
ESTAT:SDG_10_50(1.0),02/02/24 23:00:00,A,FR,2016,22.6,
ESTAT:SDG_10_50(1.0),02/02/24 23:00:00,A,FR,2017,22.7,
ESTAT:SDG_10_50(1.0),02/02/24 23:00:00,A,FR,2018,22.9,
ESTAT:SDG_10_50(1.0),02/02/24 23:00:00,A,FR,2019,22.7,
ESTAT:SDG_10_50(1.0),02/02/24 23:00:00,A,FR,2020,22.3,b
ESTAT:SDG_10_50(1.0),02/02/24 23:00:00,A,FR,2021,22.4,
ESTAT:SDG_10_50(1.0),02/02/24 23:00:00,A,FR,2022,22.0,b
ESTAT:SDG_10_50(1.0),02/02/24 23:00:00,A,HR,2010,20.0,
ESTAT:SDG_10_50(1.0),02/02/24 23:00:00,A,HR,2011,20.2,
ESTAT:SDG_10_50(1.0),02/02/24 23:00:00,A,HR,2012,20.3,
ESTAT:SDG_10_50(1.0),02/02/24 23:00:00,A,HR,2013,20.4,
ESTAT:SDG_10_50(1.0),02/02/24 23:00:00,A,HR,2014,20.6,
ESTAT:SDG_10_50(1.0),02/02/24 23:00:00,A,HR,2015,20.3,
ESTAT:SDG_10_50(1.0),02/02/24 23:00:00,A,HR,2016,20.9,
ESTAT:SDG_10_50(1.0),02/02/24 23:00:00,A,HR,2017,20.8,
ESTAT:SDG_10_50(1.0),02/02/24 23:00:00,A,HR,2018,20.9,
ESTAT:SDG_10_50(1.0),02/02/24 23:00:00,A,HR,2019,21.3,
ESTAT:SDG_10_50(1.0),02/02/24 23:00:00,A,HR,2020,21.8,
ESTAT:SDG_10_50(1.0),02/02/24 23:00:00,A,HR,2021,21.3,
ESTAT:SDG_10_50(1.0),02/02/24 23:00:00,A,HR,2022,21.8,
ESTAT:SDG_10_50(1.0),02/02/24 23:00:00,A,HU,2005,23.2,
ESTAT:SDG_10_50(1.0),02/02/24 23:00:00,A,HU,2006,20.5,
ESTAT:SDG_10_50(1.0),02/02/24 23:00:00,A,HU,2007,24.2,
ESTAT:SDG_10_50(1.0),02/02/24 23:00:00,A,HU,2008,24.4,
ESTAT:SDG_10_50(1.0),02/02/24 23:00:00,A,HU,2009,24.6,
ESTAT:SDG_10_50(1.0),02/02/24 23:00:00,A,HU,2010,24.8,
ESTAT:SDG_10_50(1.0),02/02/24 23:00:00,A,HU,2011,23.2,
ESTAT:SDG_10_50(1.0),02/02/24 23:00:00,A,HU,2012,23.2,
ESTAT:SDG_10_50(1.0),02/02/24 23:00:00,A,HU,2013,22.6,
ESTAT:SDG_10_50(1.0),02/02/24 23:00:00,A,HU,2014,22.5,
ESTAT:SDG_10_50(1.0),02/02/24 23:00:00,A,HU,2015,22.4,
ESTAT:SDG_10_50(1.0),02/02/24 23:00:00,A,HU,2016,22.5,
ESTAT:SDG_10_50(1.0),02/02/24 23:00:00,A,HU,2017,22.5,
ESTAT:SDG_10_50(1.0),02/02/24 23:00:00,A,HU,2018,22.4,
ESTAT:SDG_10_50(1.0),02/02/24 23:00:00,A,HU,2019,22.7,
ESTAT:SDG_10_50(1.0),02/02/24 23:00:00,A,HU,2020,22.6,
ESTAT:SDG_10_50(1.0),02/02/24 23:00:00,A,HU,2021,22.7,
ESTAT:SDG_10_50(1.0),02/02/24 23:00:00,A,HU,2022,23.3,
ESTAT:SDG_10_50(1.0),02/02/24 23:00:00,A,IE,2000,21.0,
ESTAT:SDG_10_50(1.0),02/02/24 23:00:00,A,IE,2001,21.0,
ESTAT:SDG_10_50(1.0),02/02/24 23:00:00,A,IE,2003,20.8,b
ESTAT:SDG_10_50(1.0),02/02/24 23:00:00,A,IE,2004,20.5,
ESTAT:SDG_10_50(1.0),02/02/24 23:00:00,A,IE,2005,20.4,
ESTAT:SDG_10_50(1.0),02/02/24 23:00:00,A,IE,2006,20.6,
ESTAT:SDG_10_50(1.0),02/02/24 23:00:00,A,IE,2007,20.8,
ESTAT:SDG_10_50(1.0),02/02/24 23:00:00,A,IE,2008,21.6,
ESTAT:SDG_10_50(1.0),02/02/24 23:00:00,A,IE,2009,22.0,
ESTAT:SDG_10_50(1.0),02/02/24 23:00:00,A,IE,2010,21.2,
ESTAT:SDG_10_50(1.0),02/02/24 23:00:00,A,IE,2011,21.5,
ESTAT:SDG_10_50(1.0),02/02/24 23:00:00,A,IE,2012,21.2,
ESTAT:SDG_10_50(1.0),02/02/24 23:00:00,A,IE,2013,21.1,
ESTAT:SDG_10_50(1.0),02/02/24 23:00:00,A,IE,2014,20.9,
ESTAT:SDG_10_50(1.0),02/02/24 23:00:00,A,IE,2015,21.6,
ESTAT:SDG_10_50(1.0),02/02/24 23:00:00,A,IE,2016,21.6,
ESTAT:SDG_10_50(1.0),02/02/24 23:00:00,A,IE,2017,21.3,
ESTAT:SDG_10_50(1.0),02/02/24 23:00:00,A,IE,2018,22.3,
ESTAT:SDG_10_50(1.0),02/02/24 23:00:00,A,IE,2019,22.8,
ESTAT:SDG_10_50(1.0),02/02/24 23:00:00,A,IE,2020,22.7,b
ESTAT:SDG_10_50(1.0),02/02/24 23:00:00,A,IE,2021,23.3,
ESTAT:SDG_10_50(1.0),02/02/24 23:00:00,A,IE,2022,22.8,
ESTAT:SDG_10_50(1.0),02/02/24 23:00:00,A,IS,2004,25.1,
ESTAT:SDG_10_50(1.0),02/02/24 23:00:00,A,IS,2005,24.8,
ESTAT:SDG_10_50(1.0),02/02/24 23:00:00,A,IS,2006,24.3,
ESTAT:SDG_10_50(1.0),02/02/24 23:00:00,A,IS,2007,23.5,
ESTAT:SDG_10_50(1.0),02/02/24 23:00:00,A,IS,2008,23.9,
ESTAT:SDG_10_50(1.0),02/02/24 23:00:00,A,IS,2009,22.9,
ESTAT:SDG_10_50(1.0),02/02/24 23:00:00,A,IS,2010,24.5,
ESTAT:SDG_10_50(1.0),02/02/24 23:00:00,A,IS,2011,25.4,
ESTAT:SDG_10_50(1.0),02/02/24 23:00:00,A,IS,2012,25.2,
ESTAT:SDG_10_50(1.0),02/02/24 23:00:00,A,IS,2013,25.2,
ESTAT:SDG_10_50(1.0),02/02/24 23:00:00,A,IS,2014,25.8,
ESTAT:SDG_10_50(1.0),02/02/24 23:00:00,A,IS,2015,25.2,
ESTAT:SDG_10_50(1.0),02/02/24 23:00:00,A,IS,2016,25.3,
ESTAT:SDG_10_50(1.0),02/02/24 23:00:00,A,IS,2017,24.6,
ESTAT:SDG_10_50(1.0),02/02/24 23:00:00,A,IS,2018,25.8,
ESTAT:SDG_10_50(1.0),02/02/24 23:00:00,A,IT,2000,22.0,
ESTAT:SDG_10_50(1.0),02/02/24 23:00:00,A,IT,2001,21.0,
ESTAT:SDG_10_50(1.0),02/02/24 23:00:00,A,IT,2004,19.9,b
ESTAT:SDG_10_50(1.0),02/02/24 23:00:00,A,IT,2005,20.0,
ESTAT:SDG_10_50(1.0),02/02/24 23:00:00,A,IT,2006,20.1,
ESTAT:SDG_10_50(1.0),02/02/24 23:00:00,A,IT,2007,20.1,
ESTAT:SDG_10_50(1.0),02/02/24 23:00:00,A,IT,2008,20.5,
ESTAT:SDG_10_50(1.0),02/02/24 23:00:00,A,IT,2009,20.3,
ESTAT:SDG_10_50(1.0),02/02/24 23:00:00,A,IT,2010,20.2,
ESTAT:SDG_10_50(1.0),02/02/24 23:00:00,A,IT,2011,19.9,
ESTAT:SDG_10_50(1.0),02/02/24 23:00:00,A,IT,2012,19.9,
ESTAT:SDG_10_50(1.0),02/02/24 23:00:00,A,IT,2013,19.7,
ESTAT:SDG_10_50(1.0),02/02/24 23:00:00,A,IT,2014,19.8,
ESTAT:SDG_10_50(1.0),02/02/24 23:00:00,A,IT,2015,19.7,
ESTAT:SDG_10_50(1.0),02/02/24 23:00:00,A,IT,2016,19.1,
ESTAT:SDG_10_50(1.0),02/02/24 23:00:00,A,IT,2017,19.5,
ESTAT:SDG_10_50(1.0),02/02/24 23:00:00,A,IT,2018,19.3,
ESTAT:SDG_10_50(1.0),02/02/24 23:00:00,A,IT,2019,19.5,
ESTAT:SDG_10_50(1.0),02/02/24 23:00:00,A,IT,2020,19.7,
ESTAT:SDG_10_50(1.0),02/02/24 23:00:00,A,IT,2021,19.6,
ESTAT:SDG_10_50(1.0),02/02/24 23:00:00,A,IT,2022,19.8,
ESTAT:SDG_10_50(1.0),02/02/24 23:00:00,A,LT,2005,18.0,
ESTAT:SDG_10_50(1.0),02/02/24 23:00:00,A,LT,2006,18.7,
ESTAT:SDG_10_50(1.0),02/02/24 23:00:00,A,LT,2007,19.4,
ESTAT:SDG_10_50(1.0),02/02/24 23:00:00,A,LT,2008,18.8,
ESTAT:SDG_10_50(1.0),02/02/24 23:00:00,A,LT,2009,18.5,
ESTAT:SDG_10_50(1.0),02/02/24 23:00:00,A,LT,2010,17.7,
ESTAT:SDG_10_50(1.0),02/02/24 23:00:00,A,LT,2011,19.4,
ESTAT:SDG_10_50(1.0),02/02/24 23:00:00,A,LT,2012,20.0,
ESTAT:SDG_10_50(1.0),02/02/24 23:00:00,A,LT,2013,18.9,
ESTAT:SDG_10_50(1.0),02/02/24 23:00:00,A,LT,2014,18.9,
ESTAT:SDG_10_50(1.0),02/02/24 23:00:00,A,LT,2015,17.3,
ESTAT:SDG_10_50(1.0),02/02/24 23:00:00,A,LT,2016,17.5,
ESTAT:SDG_10_50(1.0),02/02/24 23:00:00,A,LT,2017,17.2,
ESTAT:SDG_10_50(1.0),02/02/24 23:00:00,A,LT,2018,17.5,
ESTAT:SDG_10_50(1.0),02/02/24 23:00:00,A,LT,2019,18.2,
ESTAT:SDG_10_50(1.0),02/02/24 23:00:00,A,LT,2020,18.7,
ESTAT:SDG_10_50(1.0),02/02/24 23:00:00,A,LT,2021,18.8,
ESTAT:SDG_10_50(1.0),02/02/24 23:00:00,A,LT,2022,18.4,
ESTAT:SDG_10_50(1.0),02/02/24 23:00:00,A,LU,2000,24.0,
ESTAT:SDG_10_50(1.0),02/02/24 23:00:00,A,LU,2001,24.0,
ESTAT:SDG_10_50(1.0),02/02/24 23:00:00,A,LU,2003,23.3,b
ESTAT:SDG_10_50(1.0),02/02/24 23:00:00,A,LU,2004,23.5,
ESTAT:SDG_10_50(1.0),02/02/24 23:00:00,A,LU,2005,23.5,
ESTAT:SDG_10_50(1.0),02/02/24 23:00:00,A,LU,2006,22.9,
ESTAT:SDG_10_50(1.0),02/02/24 23:00:00,A,LU,2007,23.0,
ESTAT:SDG_10_50(1.0),02/02/24 23:00:00,A,LU,2008,23.1,
ESTAT:SDG_10_50(1.0),02/02/24 23:00:00,A,LU,2009,22.2,
ESTAT:SDG_10_50(1.0),02/02/24 23:00:00,A,LU,2010,22.5,
ESTAT:SDG_10_50(1.0),02/02/24 23:00:00,A,LU,2011,22.8,
ESTAT:SDG_10_50(1.0),02/02/24 23:00:00,A,LU,2012,22.4,
ESTAT:SDG_10_50(1.0),02/02/24 23:00:00,A,LU,2013,21.4,
ESTAT:SDG_10_50(1.0),02/02/24 23:00:00,A,LU,2014,22.1,
ESTAT:SDG_10_50(1.0),02/02/24 23:00:00,A,LU,2015,22.4,
ESTAT:SDG_10_50(1.0),02/02/24 23:00:00,A,LU,2016,21.7,b
ESTAT:SDG_10_50(1.0),02/02/24 23:00:00,A,LU,2017,21.7,
ESTAT:SDG_10_50(1.0),02/02/24 23:00:00,A,LU,2018,20.6,
ESTAT:SDG_10_50(1.0),02/02/24 23:00:00,A,LU,2019,20.4,
ESTAT:SDG_10_50(1.0),02/02/24 23:00:00,A,LU,2020,20.6,b
ESTAT:SDG_10_50(1.0),02/02/24 23:00:00,A,LU,2021,21.2,b
ESTAT:SDG_10_50(1.0),02/02/24 23:00:00,A,LU,2022,21.5,b
ESTAT:SDG_10_50(1.0),02/02/24 23:00:00,A,LV,2005,18.3,
ESTAT:SDG_10_50(1.0),02/02/24 23:00:00,A,LV,2006,16.7,
ESTAT:SDG_10_50(1.0),02/02/24 23:00:00,A,LV,2007,18.3,
ESTAT:SDG_10_50(1.0),02/02/24 23:00:00,A,LV,2008,16.9,
ESTAT:SDG_10_50(1.0),02/02/24 23:00:00,A,LV,2009,16.7,
ESTAT:SDG_10_50(1.0),02/02/24 23:00:00,A,LV,2010,17.9,
ESTAT:SDG_10_50(1.0),02/02/24 23:00:00,A,LV,2011,18.5,
ESTAT:SDG_10_50(1.0),02/02/24 23:00:00,A,LV,2012,18.4,
ESTAT:SDG_10_50(1.0),02/02/24 23:00:00,A,LV,2013,18.4,
ESTAT:SDG_10_50(1.0),02/02/24 23:00:00,A,LV,2014,18.3,
ESTAT:SDG_10_50(1.0),02/02/24 23:00:00,A,LV,2015,18.1,
ESTAT:SDG_10_50(1.0),02/02/24 23:00:00,A,LV,2016,18.6,
ESTAT:SDG_10_50(1.0),02/02/24 23:00:00,A,LV,2017,18.3,
ESTAT:SDG_10_50(1.0),02/02/24 23:00:00,A,LV,2018,17.9,
ESTAT:SDG_10_50(1.0),02/02/24 23:00:00,A,LV,2019,18.3,
ESTAT:SDG_10_50(1.0),02/02/24 23:00:00,A,LV,2020,18.8,
ESTAT:SDG_10_50(1.0),02/02/24 23:00:00,A,LV,2021,18.1,
ESTAT:SDG_10_50(1.0),02/02/24 23:00:00,A,LV,2022,18.7,
ESTAT:SDG_10_50(1.0),02/02/24 23:00:00,A,LV,2023,18.8,
ESTAT:SDG_10_50(1.0),02/02/24 23:00:00,A,ME,2013,15.9,
ESTAT:SDG_10_50(1.0),02/02/24 23:00:00,A,ME,2014,17.1,
ESTAT:SDG_10_50(1.0),02/02/24 23:00:00,A,ME,2015,16.8,
ESTAT:SDG_10_50(1.0),02/02/24 23:00:00,A,ME,2016,17.1,
ESTAT:SDG_10_50(1.0),02/02/24 23:00:00,A,ME,2017,17.4,
ESTAT:SDG_10_50(1.0),02/02/24 23:00:00,A,ME,2018,17.8,
ESTAT:SDG_10_50(1.0),02/02/24 23:00:00,A,ME,2019,18.1,
ESTAT:SDG_10_50(1.0),02/02/24 23:00:00,A,ME,2020,19.1,
ESTAT:SDG_10_50(1.0),02/02/24 23:00:00,A,ME,2021,19.4,
ESTAT:SDG_10_50(1.0),02/02/24 23:00:00,A,ME,2022,19.9,
ESTAT:SDG_10_50(1.0),02/02/24 23:00:00,A,MK,2012,15.4,
ESTAT:SDG_10_50(1.0),02/02/24 23:00:00,A,MK,2013,16.6,
ESTAT:SDG_10_50(1.0),02/02/24 23:00:00,A,MK,2014,17.8,
ESTAT:SDG_10_50(1.0),02/02/24 23:00:00,A,MK,2015,18.5,
ESTAT:SDG_10_50(1.0),02/02/24 23:00:00,A,MK,2016,18.5,
ESTAT:SDG_10_50(1.0),02/02/24 23:00:00,A,MK,2017,18.8,
ESTAT:SDG_10_50(1.0),02/02/24 23:00:00,A,MK,2018,19.1,
ESTAT:SDG_10_50(1.0),02/02/24 23:00:00,A,MK,2019,19.7,
ESTAT:SDG_10_50(1.0),02/02/24 23:00:00,A,MK,2020,19.3,
ESTAT:SDG_10_50(1.0),02/02/24 23:00:00,A,MT,2005,22.8,
ESTAT:SDG_10_50(1.0),02/02/24 23:00:00,A,MT,2006,22.9,
ESTAT:SDG_10_50(1.0),02/02/24 23:00:00,A,MT,2007,23.2,
ESTAT:SDG_10_50(1.0),02/02/24 23:00:00,A,MT,2008,22.2,
ESTAT:SDG_10_50(1.0),02/02/24 23:00:00,A,MT,2009,22.7,
ESTAT:SDG_10_50(1.0),02/02/24 23:00:00,A,MT,2010,22.2,
ESTAT:SDG_10_50(1.0),02/02/24 23:00:00,A,MT,2011,22.8,
ESTAT:SDG_10_50(1.0),02/02/24 23:00:00,A,MT,2012,22.9,
ESTAT:SDG_10_50(1.0),02/02/24 23:00:00,A,MT,2013,22.4,
ESTAT:SDG_10_50(1.0),02/02/24 23:00:00,A,MT,2014,22.5,
ESTAT:SDG_10_50(1.0),02/02/24 23:00:00,A,MT,2015,22.3,
ESTAT:SDG_10_50(1.0),02/02/24 23:00:00,A,MT,2016,22.2,
ESTAT:SDG_10_50(1.0),02/02/24 23:00:00,A,MT,2017,22.3,
ESTAT:SDG_10_50(1.0),02/02/24 23:00:00,A,MT,2018,22.1,
ESTAT:SDG_10_50(1.0),02/02/24 23:00:00,A,MT,2019,22.3,
ESTAT:SDG_10_50(1.0),02/02/24 23:00:00,A,MT,2020,21.6,
ESTAT:SDG_10_50(1.0),02/02/24 23:00:00,A,MT,2021,20.9,
ESTAT:SDG_10_50(1.0),02/02/24 23:00:00,A,MT,2022,21.3,
ESTAT:SDG_10_50(1.0),02/02/24 23:00:00,A,NL,2000,25.0,
ESTAT:SDG_10_50(1.0),02/02/24 23:00:00,A,NL,2001,23.0,
ESTAT:SDG_10_50(1.0),02/02/24 23:00:00,A,NL,2005,23.5,b
ESTAT:SDG_10_50(1.0),02/02/24 23:00:00,A,NL,2006,23.9,
ESTAT:SDG_10_50(1.0),02/02/24 23:00:00,A,NL,2007,23.4,
ESTAT:SDG_10_50(1.0),02/02/24 23:00:00,A,NL,2008,23.5,
ESTAT:SDG_10_50(1.0),02/02/24 23:00:00,A,NL,2009,23.5,
ESTAT:SDG_10_50(1.0),02/02/24 23:00:00,A,NL,2010,24.2,
ESTAT:SDG_10_50(1.0),02/02/24 23:00:00,A,NL,2011,24.0,
ESTAT:SDG_10_50(1.0),02/02/24 23:00:00,A,NL,2012,24.4,
ESTAT:SDG_10_50(1.0),02/02/24 23:00:00,A,NL,2013,24.4,
ESTAT:SDG_10_50(1.0),02/02/24 23:00:00,A,NL,2014,23.8,
ESTAT:SDG_10_50(1.0),02/02/24 23:00:00,A,NL,2015,23.7,
ESTAT:SDG_10_50(1.0),02/02/24 23:00:00,A,NL,2016,23.3,b
ESTAT:SDG_10_50(1.0),02/02/24 23:00:00,A,NL,2017,23.2,
ESTAT:SDG_10_50(1.0),02/02/24 23:00:00,A,NL,2018,23.1,
ESTAT:SDG_10_50(1.0),02/02/24 23:00:00,A,NL,2019,23.4,
ESTAT:SDG_10_50(1.0),02/02/24 23:00:00,A,NL,2020,22.9,
ESTAT:SDG_10_50(1.0),02/02/24 23:00:00,A,NL,2021,23.4,
ESTAT:SDG_10_50(1.0),02/02/24 23:00:00,A,NL,2022,23.2,
ESTAT:SDG_10_50(1.0),02/02/24 23:00:00,A,NO,2003,24.4,
ESTAT:SDG_10_50(1.0),02/02/24 23:00:00,A,NO,2004,24.8,
ESTAT:SDG_10_50(1.0),02/02/24 23:00:00,A,NO,2005,23.7,
ESTAT:SDG_10_50(1.0),02/02/24 23:00:00,A,NO,2006,22.9,
ESTAT:SDG_10_50(1.0),02/02/24 23:00:00,A,NO,2007,25.0,
ESTAT:SDG_10_50(1.0),02/02/24 23:00:00,A,NO,2008,24.6,
ESTAT:SDG_10_50(1.0),02/02/24 23:00:00,A,NO,2009,24.9,
ESTAT:SDG_10_50(1.0),02/02/24 23:00:00,A,NO,2010,25.2,
ESTAT:SDG_10_50(1.0),02/02/24 23:00:00,A,NO,2011,25.6,
ESTAT:SDG_10_50(1.0),02/02/24 23:00:00,A,NO,2012,25.8,
ESTAT:SDG_10_50(1.0),02/02/24 23:00:00,A,NO,2013,25.6,
ESTAT:SDG_10_50(1.0),02/02/24 23:00:00,A,NO,2014,25.3,
ESTAT:SDG_10_50(1.0),02/02/24 23:00:00,A,NO,2015,25.0,
ESTAT:SDG_10_50(1.0),02/02/24 23:00:00,A,NO,2016,24.5,
ESTAT:SDG_10_50(1.0),02/02/24 23:00:00,A,NO,2017,24.0,
ESTAT:SDG_10_50(1.0),02/02/24 23:00:00,A,NO,2018,24.3,
ESTAT:SDG_10_50(1.0),02/02/24 23:00:00,A,NO,2019,24.2,
ESTAT:SDG_10_50(1.0),02/02/24 23:00:00,A,NO,2020,24.2,
ESTAT:SDG_10_50(1.0),02/02/24 23:00:00,A,NO,2021,24.0,b
ESTAT:SDG_10_50(1.0),02/02/24 23:00:00,A,NO,2022,23.6,
ESTAT:SDG_10_50(1.0),02/02/24 23:00:00,A,PL,2005,18.5,
ESTAT:SDG_10_50(1.0),02/02/24 23:00:00,A,PL,2006,19.6,
ESTAT:SDG_10_50(1.0),02/02/24 23:00:00,A,PL,2007,20.4,
ESTAT:SDG_10_50(1.0),02/02/24 23:00:00,A,PL,2008,20.6,
ESTAT:SDG_10_50(1.0),02/02/24 23:00:00,A,PL,2009,20.9,
ESTAT:SDG_10_50(1.0),02/02/24 23:00:00,A,PL,2010,20.9,
ESTAT:SDG_10_50(1.0),02/02/24 23:00:00,A,PL,2011,20.9,
ESTAT:SDG_10_50(1.0),02/02/24 23:00:00,A,PL,2012,20.9,
ESTAT:SDG_10_50(1.0),02/02/24 23:00:00,A,PL,2013,21.1,
ESTAT:SDG_10_50(1.0),02/02/24 23:00:00,A,PL,2014,21.0,
ESTAT:SDG_10_50(1.0),02/02/24 23:00:00,A,PL,2015,21.1,
ESTAT:SDG_10_50(1.0),02/02/24 23:00:00,A,PL,2016,21.3,
ESTAT:SDG_10_50(1.0),02/02/24 23:00:00,A,PL,2017,22.1,
ESTAT:SDG_10_50(1.0),02/02/24 23:00:00,A,PL,2018,22.6,
ESTAT:SDG_10_50(1.0),02/02/24 23:00:00,A,PL,2019,22.3,
ESTAT:SDG_10_50(1.0),02/02/24 23:00:00,A,PL,2020,22.9,
ESTAT:SDG_10_50(1.0),02/02/24 23:00:00,A,PL,2021,23.1,
ESTAT:SDG_10_50(1.0),02/02/24 23:00:00,A,PL,2022,23.5,
ESTAT:SDG_10_50(1.0),02/02/24 23:00:00,A,PT,2000,19.0,
ESTAT:SDG_10_50(1.0),02/02/24 23:00:00,A,PT,2001,18.0,
ESTAT:SDG_10_50(1.0),02/02/24 23:00:00,A,PT,2004,17.8,b
ESTAT:SDG_10_50(1.0),02/02/24 23:00:00,A,PT,2005,17.9,
ESTAT:SDG_10_50(1.0),02/02/24 23:00:00,A,PT,2006,18.3,
ESTAT:SDG_10_50(1.0),02/02/24 23:00:00,A,PT,2007,18.4,
ESTAT:SDG_10_50(1.0),02/02/24 23:00:00,A,PT,2008,18.8,
ESTAT:SDG_10_50(1.0),02/02/24 23:00:00,A,PT,2009,19.2,
ESTAT:SDG_10_50(1.0),02/02/24 23:00:00,A,PT,2010,19.7,
ESTAT:SDG_10_50(1.0),02/02/24 23:00:00,A,PT,2011,19.6,
ESTAT:SDG_10_50(1.0),02/02/24 23:00:00,A,PT,2012,19.6,
ESTAT:SDG_10_50(1.0),02/02/24 23:00:00,A,PT,2013,19.4,
ESTAT:SDG_10_50(1.0),02/02/24 23:00:00,A,PT,2014,19.0,
ESTAT:SDG_10_50(1.0),02/02/24 23:00:00,A,PT,2015,19.4,
ESTAT:SDG_10_50(1.0),02/02/24 23:00:00,A,PT,2016,19.4,
ESTAT:SDG_10_50(1.0),02/02/24 23:00:00,A,PT,2017,19.9,
ESTAT:SDG_10_50(1.0),02/02/24 23:00:00,A,PT,2018,20.5,
ESTAT:SDG_10_50(1.0),02/02/24 23:00:00,A,PT,2019,20.7,
ESTAT:SDG_10_50(1.0),02/02/24 23:00:00,A,PT,2020,21.0,
ESTAT:SDG_10_50(1.0),02/02/24 23:00:00,A,PT,2021,20.0,
ESTAT:SDG_10_50(1.0),02/02/24 23:00:00,A,PT,2022,20.9,
ESTAT:SDG_10_50(1.0),02/02/24 23:00:00,A,RO,2007,16.5,
ESTAT:SDG_10_50(1.0),02/02/24 23:00:00,A,RO,2008,17.8,
ESTAT:SDG_10_50(1.0),02/02/24 23:00:00,A,RO,2009,18.5,
ESTAT:SDG_10_50(1.0),02/02/24 23:00:00,A,RO,2010,19.0,
ESTAT:SDG_10_50(1.0),02/02/24 23:00:00,A,RO,2011,18.8,
ESTAT:SDG_10_50(1.0),02/02/24 23:00:00,A,RO,2012,18.4,
ESTAT:SDG_10_50(1.0),02/02/24 23:00:00,A,RO,2013,18.1,
ESTAT:SDG_10_50(1.0),02/02/24 23:00:00,A,RO,2014,17.6,
ESTAT:SDG_10_50(1.0),02/02/24 23:00:00,A,RO,2015,16.8,
ESTAT:SDG_10_50(1.0),02/02/24 23:00:00,A,RO,2016,17.5,
ESTAT:SDG_10_50(1.0),02/02/24 23:00:00,A,RO,2017,18.6,
ESTAT:SDG_10_50(1.0),02/02/24 23:00:00,A,RO,2018,17.6,
ESTAT:SDG_10_50(1.0),02/02/24 23:00:00,A,RO,2019,17.8,
ESTAT:SDG_10_50(1.0),02/02/24 23:00:00,A,RO,2020,18.3,
ESTAT:SDG_10_50(1.0),02/02/24 23:00:00,A,RO,2021,17.9,
ESTAT:SDG_10_50(1.0),02/02/24 23:00:00,A,RO,2022,19.4,
ESTAT:SDG_10_50(1.0),02/02/24 23:00:00,A,RS,2013,16.5,
ESTAT:SDG_10_50(1.0),02/02/24 23:00:00,A,RS,2014,16.1,
ESTAT:SDG_10_50(1.0),02/02/24 23:00:00,A,RS,2015,15.1,
ESTAT:SDG_10_50(1.0),02/02/24 23:00:00,A,RS,2016,14.8,
ESTAT:SDG_10_50(1.0),02/02/24 23:00:00,A,RS,2017,16.3,
ESTAT:SDG_10_50(1.0),02/02/24 23:00:00,A,RS,2018,17.3,
ESTAT:SDG_10_50(1.0),02/02/24 23:00:00,A,RS,2019,18.8,
ESTAT:SDG_10_50(1.0),02/02/24 23:00:00,A,RS,2020,19.4,
ESTAT:SDG_10_50(1.0),02/02/24 23:00:00,A,RS,2021,19.6,
ESTAT:SDG_10_50(1.0),02/02/24 23:00:00,A,RS,2022,20.4,
ESTAT:SDG_10_50(1.0),02/02/24 23:00:00,A,SE,2004,25.2,
ESTAT:SDG_10_50(1.0),02/02/24 23:00:00,A,SE,2005,25.4,
ESTAT:SDG_10_50(1.0),02/02/24 23:00:00,A,SE,2006,24.6,
ESTAT:SDG_10_50(1.0),02/02/24 23:00:00,A,SE,2007,25.2,
ESTAT:SDG_10_50(1.0),02/02/24 23:00:00,A,SE,2008,24.0,b
ESTAT:SDG_10_50(1.0),02/02/24 23:00:00,A,SE,2009,23.4,
ESTAT:SDG_10_50(1.0),02/02/24 23:00:00,A,SE,2010,23.6,
ESTAT:SDG_10_50(1.0),02/02/24 23:00:00,A,SE,2011,23.3,
ESTAT:SDG_10_50(1.0),02/02/24 23:00:00,A,SE,2012,23.2,
ESTAT:SDG_10_50(1.0),02/02/24 23:00:00,A,SE,2013,23.3,
ESTAT:SDG_10_50(1.0),02/02/24 23:00:00,A,SE,2014,22.9,
ESTAT:SDG_10_50(1.0),02/02/24 23:00:00,A,SE,2015,22.9,
ESTAT:SDG_10_50(1.0),02/02/24 23:00:00,A,SE,2016,22.6,
ESTAT:SDG_10_50(1.0),02/02/24 23:00:00,A,SE,2017,22.5,
ESTAT:SDG_10_50(1.0),02/02/24 23:00:00,A,SE,2018,22.8,
ESTAT:SDG_10_50(1.0),02/02/24 23:00:00,A,SE,2019,22.4,
ESTAT:SDG_10_50(1.0),02/02/24 23:00:00,A,SE,2020,22.8,
ESTAT:SDG_10_50(1.0),02/02/24 23:00:00,A,SE,2021,22.9,
ESTAT:SDG_10_50(1.0),02/02/24 23:00:00,A,SE,2022,22.4,
ESTAT:SDG_10_50(1.0),02/02/24 23:00:00,A,SI,2005,25.0,
ESTAT:SDG_10_50(1.0),02/02/24 23:00:00,A,SI,2006,25.0,
ESTAT:SDG_10_50(1.0),02/02/24 23:00:00,A,SI,2007,25.3,
ESTAT:SDG_10_50(1.0),02/02/24 23:00:00,A,SI,2008,25.2,
ESTAT:SDG_10_50(1.0),02/02/24 23:00:00,A,SI,2009,25.5,
ESTAT:SDG_10_50(1.0),02/02/24 23:00:00,A,SI,2010,24.9,
ESTAT:SDG_10_50(1.0),02/02/24 23:00:00,A,SI,2011,24.7,
ESTAT:SDG_10_50(1.0),02/02/24 23:00:00,A,SI,2012,24.8,
ESTAT:SDG_10_50(1.0),02/02/24 23:00:00,A,SI,2013,24.4,
ESTAT:SDG_10_50(1.0),02/02/24 23:00:00,A,SI,2014,24.1,
ESTAT:SDG_10_50(1.0),02/02/24 23:00:00,A,SI,2015,24.4,
ESTAT:SDG_10_50(1.0),02/02/24 23:00:00,A,SI,2016,24.4,
ESTAT:SDG_10_50(1.0),02/02/24 23:00:00,A,SI,2017,24.8,
ESTAT:SDG_10_50(1.0),02/02/24 23:00:00,A,SI,2018,25.0,
ESTAT:SDG_10_50(1.0),02/02/24 23:00:00,A,SI,2019,24.9,
ESTAT:SDG_10_50(1.0),02/02/24 23:00:00,A,SI,2020,25.0,
ESTAT:SDG_10_50(1.0),02/02/24 23:00:00,A,SI,2021,25.4,
ESTAT:SDG_10_50(1.0),02/02/24 23:00:00,A,SI,2022,25.2,
ESTAT:SDG_10_50(1.0),02/02/24 23:00:00,A,SK,2005,23.8,
ESTAT:SDG_10_50(1.0),02/02/24 23:00:00,A,SK,2006,23.5,
ESTAT:SDG_10_50(1.0),02/02/24 23:00:00,A,SK,2007,24.9,
ESTAT:SDG_10_50(1.0),02/02/24 23:00:00,A,SK,2008,25.1,
ESTAT:SDG_10_50(1.0),02/02/24 23:00:00,A,SK,2009,24.6,
ESTAT:SDG_10_50(1.0),02/02/24 23:00:00,A,SK,2010,23.9,
ESTAT:SDG_10_50(1.0),02/02/24 23:00:00,A,SK,2011,24.0,
ESTAT:SDG_10_50(1.0),02/02/24 23:00:00,A,SK,2012,23.9,
ESTAT:SDG_10_50(1.0),02/02/24 23:00:00,A,SK,2013,24.5,
ESTAT:SDG_10_50(1.0),02/02/24 23:00:00,A,SK,2014,23.8,
ESTAT:SDG_10_50(1.0),02/02/24 23:00:00,A,SK,2015,24.8,
ESTAT:SDG_10_50(1.0),02/02/24 23:00:00,A,SK,2016,24.5,
ESTAT:SDG_10_50(1.0),02/02/24 23:00:00,A,SK,2017,25.0,
ESTAT:SDG_10_50(1.0),02/02/24 23:00:00,A,SK,2018,26.2,
ESTAT:SDG_10_50(1.0),02/02/24 23:00:00,A,SK,2019,25.1,
ESTAT:SDG_10_50(1.0),02/02/24 23:00:00,A,SK,2020,26.1,
ESTAT:SDG_10_50(1.0),02/02/24 23:00:00,A,SK,2021,25.5,
ESTAT:SDG_10_50(1.0),02/02/24 23:00:00,A,SK,2022,26.0,
ESTAT:SDG_10_50(1.0),02/02/24 23:00:00,A,TR,2006,13.9,
ESTAT:SDG_10_50(1.0),02/02/24 23:00:00,A,TR,2007,15.2,
ESTAT:SDG_10_50(1.0),02/02/24 23:00:00,A,TR,2008,15.1,
ESTAT:SDG_10_50(1.0),02/02/24 23:00:00,A,TR,2009,14.6,
ESTAT:SDG_10_50(1.0),02/02/24 23:00:00,A,TR,2010,14.8,
ESTAT:SDG_10_50(1.0),02/02/24 23:00:00,A,TR,2011,15.2,
ESTAT:SDG_10_50(1.0),02/02/24 23:00:00,A,TR,2012,15.3,
ESTAT:SDG_10_50(1.0),02/02/24 23:00:00,A,TR,2013,15.8,
ESTAT:SDG_10_50(1.0),02/02/24 23:00:00,A,TR,2014,16.0,
ESTAT:SDG_10_50(1.0),02/02/24 23:00:00,A,TR,2015,15.8,
ESTAT:SDG_10_50(1.0),02/02/24 23:00:00,A,TR,2016,15.8,
ESTAT:SDG_10_50(1.0),02/02/24 23:00:00,A,TR,2017,15.8,
ESTAT:SDG_10_50(1.0),02/02/24 23:00:00,A,TR,2018,15.8,
ESTAT:SDG_10_50(1.0),02/02/24 23:00:00,A,TR,2019,16.2,
ESTAT:SDG_10_50(1.0),02/02/24 23:00:00,A,TR,2020,15.4,
ESTAT:SDG_10_50(1.0),02/02/24 23:00:00,A,TR,2021,15.7,
ESTAT:SDG_10_50(1.0),02/02/24 23:00:00,A,UK,2000,21.0,
ESTAT:SDG_10_50(1.0),02/02/24 23:00:00,A,UK,2001,21.0,
ESTAT:SDG_10_50(1.0),02/02/24 23:00:00,A,UK,2005,19.3,b
ESTAT:SDG_10_50(1.0),02/02/24 23:00:00,A,UK,2006,20.0,
ESTAT:SDG_10_50(1.0),02/02/24 23:00:00,A,UK,2007,20.2,
ESTAT:SDG_10_50(1.0),02/02/24 23:00:00,A,UK,2008,19.7,
ESTAT:SDG_10_50(1.0),02/02/24 23:00:00,A,UK,2009,20.4,
ESTAT:SDG_10_50(1.0),02/02/24 23:00:00,A,UK,2010,20.1,
ESTAT:SDG_10_50(1.0),02/02/24 23:00:00,A,UK,2011,20.2,
ESTAT:SDG_10_50(1.0),02/02/24 23:00:00,A,UK,2012,20.9,b
ESTAT:SDG_10_50(1.0),02/02/24 23:00:00,A,UK,2013,21.3,
ESTAT:SDG_10_50(1.0),02/02/24 23:00:00,A,UK,2014,20.6,
ESTAT:SDG_10_50(1.0),02/02/24 23:00:00,A,UK,2015,20.3,
ESTAT:SDG_10_50(1.0),02/02/24 23:00:00,A,UK,2016,20.7,
ESTAT:SDG_10_50(1.0),02/02/24 23:00:00,A,UK,2017,20.1,b
ESTAT:SDG_10_50(1.0),02/02/24 23:00:00,A,UK,2018,19.7,
ESTAT:SDG_10_50(1.0),02/02/24 23:00:00,A,XK,2018,12.9,
