DATAFLOW,LAST UPDATE,freq,unit,geo,TIME_PERIOD,OBS_VALUE,OBS_FLAG
ESTAT:SDG_10_20(1.0),26/01/24 23:00:00,A,PPS_EU27_2020_HAB,AT,2000,18096,
ESTAT:SDG_10_20(1.0),26/01/24 23:00:00,A,PPS_EU27_2020_HAB,AT,2001,18038,
ESTAT:SDG_10_20(1.0),26/01/24 23:00:00,A,PPS_EU27_2020_HAB,AT,2002,18604,
ESTAT:SDG_10_20(1.0),26/01/24 23:00:00,A,PPS_EU27_2020_HAB,AT,2003,19575,
ESTAT:SDG_10_20(1.0),26/01/24 23:00:00,A,PPS_EU27_2020_HAB,AT,2004,20217,
ESTAT:SDG_10_20(1.0),26/01/24 23:00:00,A,PPS_EU27_2020_HAB,AT,2005,21540,
ESTAT:SDG_10_20(1.0),26/01/24 23:00:00,A,PPS_EU27_2020_HAB,AT,2006,22503,
ESTAT:SDG_10_20(1.0),26/01/24 23:00:00,A,PPS_EU27_2020_HAB,AT,2007,23128,
ESTAT:SDG_10_20(1.0),26/01/24 23:00:00,A,PPS_EU27_2020_HAB,AT,2008,23767,
ESTAT:SDG_10_20(1.0),26/01/24 23:00:00,A,PPS_EU27_2020_HAB,AT,2009,23554,
ESTAT:SDG_10_20(1.0),26/01/24 23:00:00,A,PPS_EU27_2020_HAB,AT,2010,23755,
ESTAT:SDG_10_20(1.0),26/01/24 23:00:00,A,PPS_EU27_2020_HAB,AT,2011,24115,
ESTAT:SDG_10_20(1.0),26/01/24 23:00:00,A,PPS_EU27_2020_HAB,AT,2012,24872,
ESTAT:SDG_10_20(1.0),26/01/24 23:00:00,A,PPS_EU27_2020_HAB,AT,2013,24920,
ESTAT:SDG_10_20(1.0),26/01/24 23:00:00,A,PPS_EU27_2020_HAB,AT,2014,25112,
ESTAT:SDG_10_20(1.0),26/01/24 23:00:00,A,PPS_EU27_2020_HAB,AT,2015,25201,
ESTAT:SDG_10_20(1.0),26/01/24 23:00:00,A,PPS_EU27_2020_HAB,AT,2016,25644,
ESTAT:SDG_10_20(1.0),26/01/24 23:00:00,A,PPS_EU27_2020_HAB,AT,2017,26041,
ESTAT:SDG_10_20(1.0),26/01/24 23:00:00,A,PPS_EU27_2020_HAB,AT,2018,26633,
ESTAT:SDG_10_20(1.0),26/01/24 23:00:00,A,PPS_EU27_2020_HAB,AT,2019,27058,
ESTAT:SDG_10_20(1.0),26/01/24 23:00:00,A,PPS_EU27_2020_HAB,AT,2020,26758,
ESTAT:SDG_10_20(1.0),26/01/24 23:00:00,A,PPS_EU27_2020_HAB,AT,2021,28425,
ESTAT:SDG_10_20(1.0),26/01/24 23:00:00,A,PPS_EU27_2020_HAB,AT,2022,31228,
ESTAT:SDG_10_20(1.0),26/01/24 23:00:00,A,PPS_EU27_2020_HAB,BE,2000,17072,
ESTAT:SDG_10_20(1.0),26/01/24 23:00:00,A,PPS_EU27_2020_HAB,BE,2001,17746,
ESTAT:SDG_10_20(1.0),26/01/24 23:00:00,A,PPS_EU27_2020_HAB,BE,2002,18280,
ESTAT:SDG_10_20(1.0),26/01/24 23:00:00,A,PPS_EU27_2020_HAB,BE,2003,18554,
ESTAT:SDG_10_20(1.0),26/01/24 23:00:00,A,PPS_EU27_2020_HAB,BE,2004,18778,
ESTAT:SDG_10_20(1.0),26/01/24 23:00:00,A,PPS_EU27_2020_HAB,BE,2005,19479,
ESTAT:SDG_10_20(1.0),26/01/24 23:00:00,A,PPS_EU27_2020_HAB,BE,2006,20225,
ESTAT:SDG_10_20(1.0),26/01/24 23:00:00,A,PPS_EU27_2020_HAB,BE,2007,20723,
ESTAT:SDG_10_20(1.0),26/01/24 23:00:00,A,PPS_EU27_2020_HAB,BE,2008,21724,
ESTAT:SDG_10_20(1.0),26/01/24 23:00:00,A,PPS_EU27_2020_HAB,BE,2009,21590,
ESTAT:SDG_10_20(1.0),26/01/24 23:00:00,A,PPS_EU27_2020_HAB,BE,2010,21928,
ESTAT:SDG_10_20(1.0),26/01/24 23:00:00,A,PPS_EU27_2020_HAB,BE,2011,22334,
ESTAT:SDG_10_20(1.0),26/01/24 23:00:00,A,PPS_EU27_2020_HAB,BE,2012,22747,
ESTAT:SDG_10_20(1.0),26/01/24 23:00:00,A,PPS_EU27_2020_HAB,BE,2013,23191,
ESTAT:SDG_10_20(1.0),26/01/24 23:00:00,A,PPS_EU27_2020_HAB,BE,2014,23578,
ESTAT:SDG_10_20(1.0),26/01/24 23:00:00,A,PPS_EU27_2020_HAB,BE,2015,23871,
ESTAT:SDG_10_20(1.0),26/01/24 23:00:00,A,PPS_EU27_2020_HAB,BE,2016,23941,
ESTAT:SDG_10_20(1.0),26/01/24 23:00:00,A,PPS_EU27_2020_HAB,BE,2017,24486,
ESTAT:SDG_10_20(1.0),26/01/24 23:00:00,A,PPS_EU27_2020_HAB,BE,2018,25059,
ESTAT:SDG_10_20(1.0),26/01/24 23:00:00,A,PPS_EU27_2020_HAB,BE,2019,25938,
ESTAT:SDG_10_20(1.0),26/01/24 23:00:00,A,PPS_EU27_2020_HAB,BE,2020,26665,
ESTAT:SDG_10_20(1.0),26/01/24 23:00:00,A,PPS_EU27_2020_HAB,BE,2021,28227,
ESTAT:SDG_10_20(1.0),26/01/24 23:00:00,A,PPS_EU27_2020_HAB,BE,2022,29684,p
ESTAT:SDG_10_20(1.0),26/01/24 23:00:00,A,PPS_EU27_2020_HAB,BG,2000,3868,
ESTAT:SDG_10_20(1.0),26/01/24 23:00:00,A,PPS_EU27_2020_HAB,BG,2001,4051,
ESTAT:SDG_10_20(1.0),26/01/24 23:00:00,A,PPS_EU27_2020_HAB,BG,2002,4586,
ESTAT:SDG_10_20(1.0),26/01/24 23:00:00,A,PPS_EU27_2020_HAB,BG,2003,4989,
ESTAT:SDG_10_20(1.0),26/01/24 23:00:00,A,PPS_EU27_2020_HAB,BG,2004,5240,
ESTAT:SDG_10_20(1.0),26/01/24 23:00:00,A,PPS_EU27_2020_HAB,BG,2005,5630,
ESTAT:SDG_10_20(1.0),26/01/24 23:00:00,A,PPS_EU27_2020_HAB,BG,2006,5985,
ESTAT:SDG_10_20(1.0),26/01/24 23:00:00,A,PPS_EU27_2020_HAB,BG,2007,6444,
ESTAT:SDG_10_20(1.0),26/01/24 23:00:00,A,PPS_EU27_2020_HAB,BG,2008,7435,
ESTAT:SDG_10_20(1.0),26/01/24 23:00:00,A,PPS_EU27_2020_HAB,BG,2009,7369,
ESTAT:SDG_10_20(1.0),26/01/24 23:00:00,A,PPS_EU27_2020_HAB,BG,2010,7726,
ESTAT:SDG_10_20(1.0),26/01/24 23:00:00,A,PPS_EU27_2020_HAB,BG,2011,8514,
ESTAT:SDG_10_20(1.0),26/01/24 23:00:00,A,PPS_EU27_2020_HAB,BG,2012,8590,
ESTAT:SDG_10_20(1.0),26/01/24 23:00:00,A,PPS_EU27_2020_HAB,BG,2013,8981,
ESTAT:SDG_10_20(1.0),26/01/24 23:00:00,A,PPS_EU27_2020_HAB,BG,2014,9361,
ESTAT:SDG_10_20(1.0),26/01/24 23:00:00,A,PPS_EU27_2020_HAB,BG,2015,9657,
ESTAT:SDG_10_20(1.0),26/01/24 23:00:00,A,PPS_EU27_2020_HAB,BG,2016,10088,
ESTAT:SDG_10_20(1.0),26/01/24 23:00:00,A,PPS_EU27_2020_HAB,BG,2017,10508,
ESTAT:SDG_10_20(1.0),26/01/24 23:00:00,A,PPS_EU27_2020_HAB,CH,2000,20122,
ESTAT:SDG_10_20(1.0),26/01/24 23:00:00,A,PPS_EU27_2020_HAB,CH,2001,20932,
ESTAT:SDG_10_20(1.0),26/01/24 23:00:00,A,PPS_EU27_2020_HAB,CH,2002,21122,
ESTAT:SDG_10_20(1.0),26/01/24 23:00:00,A,PPS_EU27_2020_HAB,CH,2003,21122,
ESTAT:SDG_10_20(1.0),26/01/24 23:00:00,A,PPS_EU27_2020_HAB,CH,2004,21746,
ESTAT:SDG_10_20(1.0),26/01/24 23:00:00,A,PPS_EU27_2020_HAB,CH,2005,22611,
ESTAT:SDG_10_20(1.0),26/01/24 23:00:00,A,PPS_EU27_2020_HAB,CH,2006,23969,
ESTAT:SDG_10_20(1.0),26/01/24 23:00:00,A,PPS_EU27_2020_HAB,CH,2007,26107,
ESTAT:SDG_10_20(1.0),26/01/24 23:00:00,A,PPS_EU27_2020_HAB,CH,2008,27100,
ESTAT:SDG_10_20(1.0),26/01/24 23:00:00,A,PPS_EU27_2020_HAB,CH,2009,27080,
ESTAT:SDG_10_20(1.0),26/01/24 23:00:00,A,PPS_EU27_2020_HAB,CH,2010,26777,
ESTAT:SDG_10_20(1.0),26/01/24 23:00:00,A,PPS_EU27_2020_HAB,CH,2011,27161,
ESTAT:SDG_10_20(1.0),26/01/24 23:00:00,A,PPS_EU27_2020_HAB,CH,2012,27712,
ESTAT:SDG_10_20(1.0),26/01/24 23:00:00,A,PPS_EU27_2020_HAB,CH,2013,28524,
ESTAT:SDG_10_20(1.0),26/01/24 23:00:00,A,PPS_EU27_2020_HAB,CH,2014,29024,
ESTAT:SDG_10_20(1.0),26/01/24 23:00:00,A,PPS_EU27_2020_HAB,CH,2015,29367,
ESTAT:SDG_10_20(1.0),26/01/24 23:00:00,A,PPS_EU27_2020_HAB,CH,2016,29091,
ESTAT:SDG_10_20(1.0),26/01/24 23:00:00,A,PPS_EU27_2020_HAB,CH,2017,28461,
ESTAT:SDG_10_20(1.0),26/01/24 23:00:00,A,PPS_EU27_2020_HAB,CH,2018,28726,
ESTAT:SDG_10_20(1.0),26/01/24 23:00:00,A,PPS_EU27_2020_HAB,CH,2019,29084,
ESTAT:SDG_10_20(1.0),26/01/24 23:00:00,A,PPS_EU27_2020_HAB,CH,2020,29563,
ESTAT:SDG_10_20(1.0),26/01/24 23:00:00,A,PPS_EU27_2020_HAB,CH,2021,30225,p
ESTAT:SDG_10_20(1.0),26/01/24 23:00:00,A,PPS_EU27_2020_HAB,CH,2022,32297,p
ESTAT:SDG_10_20(1.0),26/01/24 23:00:00,A,PPS_EU27_2020_HAB,CY,2000,12020,
ESTAT:SDG_10_20(1.0),26/01/24 23:00:00,A,PPS_EU27_2020_HAB,CY,2001,12493,
ESTAT:SDG_10_20(1.0),26/01/24 23:00:00,A,PPS_EU27_2020_HAB,CY,2002,12584,
ESTAT:SDG_10_20(1.0),26/01/24 23:00:00,A,PPS_EU27_2020_HAB,CY,2003,13531,
ESTAT:SDG_10_20(1.0),26/01/24 23:00:00,A,PPS_EU27_2020_HAB,CY,2004,14766,
ESTAT:SDG_10_20(1.0),26/01/24 23:00:00,A,PPS_EU27_2020_HAB,CY,2005,16199,
ESTAT:SDG_10_20(1.0),26/01/24 23:00:00,A,PPS_EU27_2020_HAB,CY,2006,17011,
ESTAT:SDG_10_20(1.0),26/01/24 23:00:00,A,PPS_EU27_2020_HAB,CY,2007,18378,
ESTAT:SDG_10_20(1.0),26/01/24 23:00:00,A,PPS_EU27_2020_HAB,CY,2008,20044,
ESTAT:SDG_10_20(1.0),26/01/24 23:00:00,A,PPS_EU27_2020_HAB,CY,2009,19392,
ESTAT:SDG_10_20(1.0),26/01/24 23:00:00,A,PPS_EU27_2020_HAB,CY,2010,18773,
ESTAT:SDG_10_20(1.0),26/01/24 23:00:00,A,PPS_EU27_2020_HAB,CY,2011,18510,
ESTAT:SDG_10_20(1.0),26/01/24 23:00:00,A,PPS_EU27_2020_HAB,CY,2012,17410,
ESTAT:SDG_10_20(1.0),26/01/24 23:00:00,A,PPS_EU27_2020_HAB,CY,2013,16908,
ESTAT:SDG_10_20(1.0),26/01/24 23:00:00,A,PPS_EU27_2020_HAB,CY,2014,16232,
ESTAT:SDG_10_20(1.0),26/01/24 23:00:00,A,PPS_EU27_2020_HAB,CY,2015,16635,
ESTAT:SDG_10_20(1.0),26/01/24 23:00:00,A,PPS_EU27_2020_HAB,CY,2016,17852,
ESTAT:SDG_10_20(1.0),26/01/24 23:00:00,A,PPS_EU27_2020_HAB,CY,2017,18782,
ESTAT:SDG_10_20(1.0),26/01/24 23:00:00,A,PPS_EU27_2020_HAB,CY,2018,19345,
ESTAT:SDG_10_20(1.0),26/01/24 23:00:00,A,PPS_EU27_2020_HAB,CY,2019,20779,
ESTAT:SDG_10_20(1.0),26/01/24 23:00:00,A,PPS_EU27_2020_HAB,CY,2020,21001,
ESTAT:SDG_10_20(1.0),26/01/24 23:00:00,A,PPS_EU27_2020_HAB,CY,2021,22669,
ESTAT:SDG_10_20(1.0),26/01/24 23:00:00,A,PPS_EU27_2020_HAB,CY,2022,23923,p
ESTAT:SDG_10_20(1.0),26/01/24 23:00:00,A,PPS_EU27_2020_HAB,CZ,2000,9408,
ESTAT:SDG_10_20(1.0),26/01/24 23:00:00,A,PPS_EU27_2020_HAB,CZ,2001,10226,
ESTAT:SDG_10_20(1.0),26/01/24 23:00:00,A,PPS_EU27_2020_HAB,CZ,2002,10422,
ESTAT:SDG_10_20(1.0),26/01/24 23:00:00,A,PPS_EU27_2020_HAB,CZ,2003,11116,
ESTAT:SDG_10_20(1.0),26/01/24 23:00:00,A,PPS_EU27_2020_HAB,CZ,2004,11532,
ESTAT:SDG_10_20(1.0),26/01/24 23:00:00,A,PPS_EU27_2020_HAB,CZ,2005,12127,
ESTAT:SDG_10_20(1.0),26/01/24 23:00:00,A,PPS_EU27_2020_HAB,CZ,2006,12590,
ESTAT:SDG_10_20(1.0),26/01/24 23:00:00,A,PPS_EU27_2020_HAB,CZ,2007,13365,
ESTAT:SDG_10_20(1.0),26/01/24 23:00:00,A,PPS_EU27_2020_HAB,CZ,2008,13986,
ESTAT:SDG_10_20(1.0),26/01/24 23:00:00,A,PPS_EU27_2020_HAB,CZ,2009,14433,
ESTAT:SDG_10_20(1.0),26/01/24 23:00:00,A,PPS_EU27_2020_HAB,CZ,2010,14664,
ESTAT:SDG_10_20(1.0),26/01/24 23:00:00,A,PPS_EU27_2020_HAB,CZ,2011,14732,
ESTAT:SDG_10_20(1.0),26/01/24 23:00:00,A,PPS_EU27_2020_HAB,CZ,2012,14822,
ESTAT:SDG_10_20(1.0),26/01/24 23:00:00,A,PPS_EU27_2020_HAB,CZ,2013,15288,
ESTAT:SDG_10_20(1.0),26/01/24 23:00:00,A,PPS_EU27_2020_HAB,CZ,2014,16014,
ESTAT:SDG_10_20(1.0),26/01/24 23:00:00,A,PPS_EU27_2020_HAB,CZ,2015,16340,
ESTAT:SDG_10_20(1.0),26/01/24 23:00:00,A,PPS_EU27_2020_HAB,CZ,2016,16750,
ESTAT:SDG_10_20(1.0),26/01/24 23:00:00,A,PPS_EU27_2020_HAB,CZ,2017,17901,
ESTAT:SDG_10_20(1.0),26/01/24 23:00:00,A,PPS_EU27_2020_HAB,CZ,2018,18669,
ESTAT:SDG_10_20(1.0),26/01/24 23:00:00,A,PPS_EU27_2020_HAB,CZ,2019,19531,
ESTAT:SDG_10_20(1.0),26/01/24 23:00:00,A,PPS_EU27_2020_HAB,CZ,2020,19715,
ESTAT:SDG_10_20(1.0),26/01/24 23:00:00,A,PPS_EU27_2020_HAB,CZ,2021,21378,
ESTAT:SDG_10_20(1.0),26/01/24 23:00:00,A,PPS_EU27_2020_HAB,CZ,2022,22120,
ESTAT:SDG_10_20(1.0),26/01/24 23:00:00,A,PPS_EU27_2020_HAB,DE,2000,17725,
ESTAT:SDG_10_20(1.0),26/01/24 23:00:00,A,PPS_EU27_2020_HAB,DE,2001,18538,
ESTAT:SDG_10_20(1.0),26/01/24 23:00:00,A,PPS_EU27_2020_HAB,DE,2002,18671,
ESTAT:SDG_10_20(1.0),26/01/24 23:00:00,A,PPS_EU27_2020_HAB,DE,2003,19549,
ESTAT:SDG_10_20(1.0),26/01/24 23:00:00,A,PPS_EU27_2020_HAB,DE,2004,20134,
ESTAT:SDG_10_20(1.0),26/01/24 23:00:00,A,PPS_EU27_2020_HAB,DE,2005,20653,
ESTAT:SDG_10_20(1.0),26/01/24 23:00:00,A,PPS_EU27_2020_HAB,DE,2006,21250,
ESTAT:SDG_10_20(1.0),26/01/24 23:00:00,A,PPS_EU27_2020_HAB,DE,2007,21966,
ESTAT:SDG_10_20(1.0),26/01/24 23:00:00,A,PPS_EU27_2020_HAB,DE,2008,22689,
ESTAT:SDG_10_20(1.0),26/01/24 23:00:00,A,PPS_EU27_2020_HAB,DE,2009,22594,
ESTAT:SDG_10_20(1.0),26/01/24 23:00:00,A,PPS_EU27_2020_HAB,DE,2010,23394,
ESTAT:SDG_10_20(1.0),26/01/24 23:00:00,A,PPS_EU27_2020_HAB,DE,2011,24390,
ESTAT:SDG_10_20(1.0),26/01/24 23:00:00,A,PPS_EU27_2020_HAB,DE,2012,24871,
ESTAT:SDG_10_20(1.0),26/01/24 23:00:00,A,PPS_EU27_2020_HAB,DE,2013,25104,
ESTAT:SDG_10_20(1.0),26/01/24 23:00:00,A,PPS_EU27_2020_HAB,DE,2014,25700,
ESTAT:SDG_10_20(1.0),26/01/24 23:00:00,A,PPS_EU27_2020_HAB,DE,2015,25992,
ESTAT:SDG_10_20(1.0),26/01/24 23:00:00,A,PPS_EU27_2020_HAB,DE,2016,26823,
ESTAT:SDG_10_20(1.0),26/01/24 23:00:00,A,PPS_EU27_2020_HAB,DE,2017,27652,
ESTAT:SDG_10_20(1.0),26/01/24 23:00:00,A,PPS_EU27_2020_HAB,DE,2018,28711,
ESTAT:SDG_10_20(1.0),26/01/24 23:00:00,A,PPS_EU27_2020_HAB,DE,2019,29057,p
ESTAT:SDG_10_20(1.0),26/01/24 23:00:00,A,PPS_EU27_2020_HAB,DE,2020,29635,p
ESTAT:SDG_10_20(1.0),26/01/24 23:00:00,A,PPS_EU27_2020_HAB,DE,2021,30584,p
ESTAT:SDG_10_20(1.0),26/01/24 23:00:00,A,PPS_EU27_2020_HAB,DE,2022,32129,p
ESTAT:SDG_10_20(1.0),26/01/24 23:00:00,A,PPS_EU27_2020_HAB,DK,2000,13948,
ESTAT:SDG_10_20(1.0),26/01/24 23:00:00,A,PPS_EU27_2020_HAB,DK,2001,14434,
ESTAT:SDG_10_20(1.0),26/01/24 23:00:00,A,PPS_EU27_2020_HAB,DK,2002,15186,
ESTAT:SDG_10_20(1.0),26/01/24 23:00:00,A,PPS_EU27_2020_HAB,DK,2003,15545,
ESTAT:SDG_10_20(1.0),26/01/24 23:00:00,A,PPS_EU27_2020_HAB,DK,2004,16192,
ESTAT:SDG_10_20(1.0),26/01/24 23:00:00,A,PPS_EU27_2020_HAB,DK,2005,16734,
ESTAT:SDG_10_20(1.0),26/01/24 23:00:00,A,PPS_EU27_2020_HAB,DK,2006,17785,
ESTAT:SDG_10_20(1.0),26/01/24 23:00:00,A,PPS_EU27_2020_HAB,DK,2007,18649,
ESTAT:SDG_10_20(1.0),26/01/24 23:00:00,A,PPS_EU27_2020_HAB,DK,2008,19207,
ESTAT:SDG_10_20(1.0),26/01/24 23:00:00,A,PPS_EU27_2020_HAB,DK,2009,19578,
ESTAT:SDG_10_20(1.0),26/01/24 23:00:00,A,PPS_EU27_2020_HAB,DK,2010,20622,
ESTAT:SDG_10_20(1.0),26/01/24 23:00:00,A,PPS_EU27_2020_HAB,DK,2011,21020,
ESTAT:SDG_10_20(1.0),26/01/24 23:00:00,A,PPS_EU27_2020_HAB,DK,2012,21085,
ESTAT:SDG_10_20(1.0),26/01/24 23:00:00,A,PPS_EU27_2020_HAB,DK,2013,21495,
ESTAT:SDG_10_20(1.0),26/01/24 23:00:00,A,PPS_EU27_2020_HAB,DK,2014,21614,
ESTAT:SDG_10_20(1.0),26/01/24 23:00:00,A,PPS_EU27_2020_HAB,DK,2015,22341,
ESTAT:SDG_10_20(1.0),26/01/24 23:00:00,A,PPS_EU27_2020_HAB,DK,2016,22616,
ESTAT:SDG_10_20(1.0),26/01/24 23:00:00,A,PPS_EU27_2020_HAB,DK,2017,23546,
ESTAT:SDG_10_20(1.0),26/01/24 23:00:00,A,PPS_EU27_2020_HAB,DK,2018,24209,
ESTAT:SDG_10_20(1.0),26/01/24 23:00:00,A,PPS_EU27_2020_HAB,DK,2019,24545,
ESTAT:SDG_10_20(1.0),26/01/24 23:00:00,A,PPS_EU27_2020_HAB,DK,2020,24756,
ESTAT:SDG_10_20(1.0),26/01/24 23:00:00,A,PPS_EU27_2020_HAB,DK,2021,25571,
ESTAT:SDG_10_20(1.0),26/01/24 23:00:00,A,PPS_EU27_2020_HAB,DK,2022,27072,
ESTAT:SDG_10_20(1.0),26/01/24 23:00:00,A,PPS_EU27_2020_HAB,EE,2000,5712,
ESTAT:SDG_10_20(1.0),26/01/24 23:00:00,A,PPS_EU27_2020_HAB,EE,2001,6053,
ESTAT:SDG_10_20(1.0),26/01/24 23:00:00,A,PPS_EU27_2020_HAB,EE,2002,6422,
ESTAT:SDG_10_20(1.0),26/01/24 23:00:00,A,PPS_EU27_2020_HAB,EE,2003,7045,
ESTAT:SDG_10_20(1.0),26/01/24 23:00:00,A,PPS_EU27_2020_HAB,EE,2004,7629,
ESTAT:SDG_10_20(1.0),26/01/24 23:00:00,A,PPS_EU27_2020_HAB,EE,2005,8535,
ESTAT:SDG_10_20(1.0),26/01/24 23:00:00,A,PPS_EU27_2020_HAB,EE,2006,9541,
ESTAT:SDG_10_20(1.0),26/01/24 23:00:00,A,PPS_EU27_2020_HAB,EE,2007,10539,
ESTAT:SDG_10_20(1.0),26/01/24 23:00:00,A,PPS_EU27_2020_HAB,EE,2008,11776,
ESTAT:SDG_10_20(1.0),26/01/24 23:00:00,A,PPS_EU27_2020_HAB,EE,2009,11120,
ESTAT:SDG_10_20(1.0),26/01/24 23:00:00,A,PPS_EU27_2020_HAB,EE,2010,11193,
ESTAT:SDG_10_20(1.0),26/01/24 23:00:00,A,PPS_EU27_2020_HAB,EE,2011,11884,
ESTAT:SDG_10_20(1.0),26/01/24 23:00:00,A,PPS_EU27_2020_HAB,EE,2012,12129,
ESTAT:SDG_10_20(1.0),26/01/24 23:00:00,A,PPS_EU27_2020_HAB,EE,2013,12812,
ESTAT:SDG_10_20(1.0),26/01/24 23:00:00,A,PPS_EU27_2020_HAB,EE,2014,13402,
ESTAT:SDG_10_20(1.0),26/01/24 23:00:00,A,PPS_EU27_2020_HAB,EE,2015,14149,
ESTAT:SDG_10_20(1.0),26/01/24 23:00:00,A,PPS_EU27_2020_HAB,EE,2016,14672,
ESTAT:SDG_10_20(1.0),26/01/24 23:00:00,A,PPS_EU27_2020_HAB,EE,2017,15368,
ESTAT:SDG_10_20(1.0),26/01/24 23:00:00,A,PPS_EU27_2020_HAB,EE,2018,16378,
ESTAT:SDG_10_20(1.0),26/01/24 23:00:00,A,PPS_EU27_2020_HAB,EE,2019,16996,
ESTAT:SDG_10_20(1.0),26/01/24 23:00:00,A,PPS_EU27_2020_HAB,EE,2020,17316,
ESTAT:SDG_10_20(1.0),26/01/24 23:00:00,A,PPS_EU27_2020_HAB,EE,2021,18375,
ESTAT:SDG_10_20(1.0),26/01/24 23:00:00,A,PPS_EU27_2020_HAB,EE,2022,18645,
ESTAT:SDG_10_20(1.0),26/01/24 23:00:00,A,PPS_EU27_2020_HAB,EL,2000,12415,
ESTAT:SDG_10_20(1.0),26/01/24 23:00:00,A,PPS_EU27_2020_HAB,EL,2001,13371,
ESTAT:SDG_10_20(1.0),26/01/24 23:00:00,A,PPS_EU27_2020_HAB,EL,2002,14378,
ESTAT:SDG_10_20(1.0),26/01/24 23:00:00,A,PPS_EU27_2020_HAB,EL,2003,15183,
ESTAT:SDG_10_20(1.0),26/01/24 23:00:00,A,PPS_EU27_2020_HAB,EL,2004,15941,
ESTAT:SDG_10_20(1.0),26/01/24 23:00:00,A,PPS_EU27_2020_HAB,EL,2005,16233,
ESTAT:SDG_10_20(1.0),26/01/24 23:00:00,A,PPS_EU27_2020_HAB,EL,2006,17497,
ESTAT:SDG_10_20(1.0),26/01/24 23:00:00,A,PPS_EU27_2020_HAB,EL,2007,18054,
ESTAT:SDG_10_20(1.0),26/01/24 23:00:00,A,PPS_EU27_2020_HAB,EL,2008,19028,
ESTAT:SDG_10_20(1.0),26/01/24 23:00:00,A,PPS_EU27_2020_HAB,EL,2009,19009,
ESTAT:SDG_10_20(1.0),26/01/24 23:00:00,A,PPS_EU27_2020_HAB,EL,2010,16837,b
ESTAT:SDG_10_20(1.0),26/01/24 23:00:00,A,PPS_EU27_2020_HAB,EL,2011,15291,
ESTAT:SDG_10_20(1.0),26/01/24 23:00:00,A,PPS_EU27_2020_HAB,EL,2012,13976,
ESTAT:SDG_10_20(1.0),26/01/24 23:00:00,A,PPS_EU27_2020_HAB,EL,2013,13697,
ESTAT:SDG_10_20(1.0),26/01/24 23:00:00,A,PPS_EU27_2020_HAB,EL,2014,14109,
ESTAT:SDG_10_20(1.0),26/01/24 23:00:00,A,PPS_EU27_2020_HAB,EL,2015,14348,
ESTAT:SDG_10_20(1.0),26/01/24 23:00:00,A,PPS_EU27_2020_HAB,EL,2016,14359,
ESTAT:SDG_10_20(1.0),26/01/24 23:00:00,A,PPS_EU27_2020_HAB,EL,2017,14554,
ESTAT:SDG_10_20(1.0),26/01/24 23:00:00,A,PPS_EU27_2020_HAB,EL,2018,14786,
ESTAT:SDG_10_20(1.0),26/01/24 23:00:00,A,PPS_EU27_2020_HAB,EL,2019,15515,
ESTAT:SDG_10_20(1.0),26/01/24 23:00:00,A,PPS_EU27_2020_HAB,EL,2020,14888,p
ESTAT:SDG_10_20(1.0),26/01/24 23:00:00,A,PPS_EU27_2020_HAB,EL,2021,16256,p
ESTAT:SDG_10_20(1.0),26/01/24 23:00:00,A,PPS_EU27_2020_HAB,EL,2022,17482,p
ESTAT:SDG_10_20(1.0),26/01/24 23:00:00,A,PPS_EU27_2020_HAB,ES,2000,13340,
ESTAT:SDG_10_20(1.0),26/01/24 23:00:00,A,PPS_EU27_2020_HAB,ES,2001,14266,
ESTAT:SDG_10_20(1.0),26/01/24 23:00:00,A,PPS_EU27_2020_HAB,ES,2002,15021,
ESTAT:SDG_10_20(1.0),26/01/24 23:00:00,A,PPS_EU27_2020_HAB,ES,2003,15489,
ESTAT:SDG_10_20(1.0),26/01/24 23:00:00,A,PPS_EU27_2020_HAB,ES,2004,15947,
ESTAT:SDG_10_20(1.0),26/01/24 23:00:00,A,PPS_EU27_2020_HAB,ES,2005,16754,
ESTAT:SDG_10_20(1.0),26/01/24 23:00:00,A,PPS_EU27_2020_HAB,ES,2006,17467,
ESTAT:SDG_10_20(1.0),26/01/24 23:00:00,A,PPS_EU27_2020_HAB,ES,2007,17592,
ESTAT:SDG_10_20(1.0),26/01/24 23:00:00,A,PPS_EU27_2020_HAB,ES,2008,18185,
ESTAT:SDG_10_20(1.0),26/01/24 23:00:00,A,PPS_EU27_2020_HAB,ES,2009,17813,
ESTAT:SDG_10_20(1.0),26/01/24 23:00:00,A,PPS_EU27_2020_HAB,ES,2010,17446,
ESTAT:SDG_10_20(1.0),26/01/24 23:00:00,A,PPS_EU27_2020_HAB,ES,2011,17458,
ESTAT:SDG_10_20(1.0),26/01/24 23:00:00,A,PPS_EU27_2020_HAB,ES,2012,16734,
ESTAT:SDG_10_20(1.0),26/01/24 23:00:00,A,PPS_EU27_2020_HAB,ES,2013,16887,
ESTAT:SDG_10_20(1.0),26/01/24 23:00:00,A,PPS_EU27_2020_HAB,ES,2014,17177,
ESTAT:SDG_10_20(1.0),26/01/24 23:00:00,A,PPS_EU27_2020_HAB,ES,2015,18045,
ESTAT:SDG_10_20(1.0),26/01/24 23:00:00,A,PPS_EU27_2020_HAB,ES,2016,18417,
ESTAT:SDG_10_20(1.0),26/01/24 23:00:00,A,PPS_EU27_2020_HAB,ES,2017,19107,
ESTAT:SDG_10_20(1.0),26/01/24 23:00:00,A,PPS_EU27_2020_HAB,ES,2018,19354,
ESTAT:SDG_10_20(1.0),26/01/24 23:00:00,A,PPS_EU27_2020_HAB,ES,2019,20260,
ESTAT:SDG_10_20(1.0),26/01/24 23:00:00,A,PPS_EU27_2020_HAB,ES,2020,19441,
ESTAT:SDG_10_20(1.0),26/01/24 23:00:00,A,PPS_EU27_2020_HAB,ES,2021,20478,p
ESTAT:SDG_10_20(1.0),26/01/24 23:00:00,A,PPS_EU27_2020_HAB,ES,2022,21382,p
ESTAT:SDG_10_20(1.0),26/01/24 23:00:00,A,PPS_EU27_2020_HAB,FI,2000,13597,
ESTAT:SDG_10_20(1.0),26/01/24 23:00:00,A,PPS_EU27_2020_HAB,FI,2001,13779,
ESTAT:SDG_10_20(1.0),26/01/24 23:00:00,A,PPS_EU27_2020_HAB,FI,2002,14382,
ESTAT:SDG_10_20(1.0),26/01/24 23:00:00,A,PPS_EU27_2020_HAB,FI,2003,15031,
ESTAT:SDG_10_20(1.0),26/01/24 23:00:00,A,PPS_EU27_2020_HAB,FI,2004,16115,
ESTAT:SDG_10_20(1.0),26/01/24 23:00:00,A,PPS_EU27_2020_HAB,FI,2005,16582,
ESTAT:SDG_10_20(1.0),26/01/24 23:00:00,A,PPS_EU27_2020_HAB,FI,2006,17509,
ESTAT:SDG_10_20(1.0),26/01/24 23:00:00,A,PPS_EU27_2020_HAB,FI,2007,19083,
ESTAT:SDG_10_20(1.0),26/01/24 23:00:00,A,PPS_EU27_2020_HAB,FI,2008,20259,
ESTAT:SDG_10_20(1.0),26/01/24 23:00:00,A,PPS_EU27_2020_HAB,FI,2009,20403,
ESTAT:SDG_10_20(1.0),26/01/24 23:00:00,A,PPS_EU27_2020_HAB,FI,2010,21052,
ESTAT:SDG_10_20(1.0),26/01/24 23:00:00,A,PPS_EU27_2020_HAB,FI,2011,21641,
ESTAT:SDG_10_20(1.0),26/01/24 23:00:00,A,PPS_EU27_2020_HAB,FI,2012,21942,
ESTAT:SDG_10_20(1.0),26/01/24 23:00:00,A,PPS_EU27_2020_HAB,FI,2013,22074,
ESTAT:SDG_10_20(1.0),26/01/24 23:00:00,A,PPS_EU27_2020_HAB,FI,2014,22139,
ESTAT:SDG_10_20(1.0),26/01/24 23:00:00,A,PPS_EU27_2020_HAB,FI,2015,22591,
ESTAT:SDG_10_20(1.0),26/01/24 23:00:00,A,PPS_EU27_2020_HAB,FI,2016,22844,
ESTAT:SDG_10_20(1.0),26/01/24 23:00:00,A,PPS_EU27_2020_HAB,FI,2017,23501,
ESTAT:SDG_10_20(1.0),26/01/24 23:00:00,A,PPS_EU27_2020_HAB,FI,2018,24181,
ESTAT:SDG_10_20(1.0),26/01/24 23:00:00,A,PPS_EU27_2020_HAB,FI,2019,24665,
ESTAT:SDG_10_20(1.0),26/01/24 23:00:00,A,PPS_EU27_2020_HAB,FI,2020,25052,
ESTAT:SDG_10_20(1.0),26/01/24 23:00:00,A,PPS_EU27_2020_HAB,FI,2021,25931,
ESTAT:SDG_10_20(1.0),26/01/24 23:00:00,A,PPS_EU27_2020_HAB,FI,2022,27150,
ESTAT:SDG_10_20(1.0),26/01/24 23:00:00,A,PPS_EU27_2020_HAB,FR,2000,16769,
ESTAT:SDG_10_20(1.0),26/01/24 23:00:00,A,PPS_EU27_2020_HAB,FR,2001,17844,
ESTAT:SDG_10_20(1.0),26/01/24 23:00:00,A,PPS_EU27_2020_HAB,FR,2002,18580,
ESTAT:SDG_10_20(1.0),26/01/24 23:00:00,A,PPS_EU27_2020_HAB,FR,2003,18401,
ESTAT:SDG_10_20(1.0),26/01/24 23:00:00,A,PPS_EU27_2020_HAB,FR,2004,18779,
ESTAT:SDG_10_20(1.0),26/01/24 23:00:00,A,PPS_EU27_2020_HAB,FR,2005,19656,
ESTAT:SDG_10_20(1.0),26/01/24 23:00:00,A,PPS_EU27_2020_HAB,FR,2006,20321,
ESTAT:SDG_10_20(1.0),26/01/24 23:00:00,A,PPS_EU27_2020_HAB,FR,2007,21231,
ESTAT:SDG_10_20(1.0),26/01/24 23:00:00,A,PPS_EU27_2020_HAB,FR,2008,21647,
ESTAT:SDG_10_20(1.0),26/01/24 23:00:00,A,PPS_EU27_2020_HAB,FR,2009,21599,
ESTAT:SDG_10_20(1.0),26/01/24 23:00:00,A,PPS_EU27_2020_HAB,FR,2010,22224,
ESTAT:SDG_10_20(1.0),26/01/24 23:00:00,A,PPS_EU27_2020_HAB,FR,2011,22605,
ESTAT:SDG_10_20(1.0),26/01/24 23:00:00,A,PPS_EU27_2020_HAB,FR,2012,22686,
ESTAT:SDG_10_20(1.0),26/01/24 23:00:00,A,PPS_EU27_2020_HAB,FR,2013,23024,
ESTAT:SDG_10_20(1.0),26/01/24 23:00:00,A,PPS_EU27_2020_HAB,FR,2014,23191,
ESTAT:SDG_10_20(1.0),26/01/24 23:00:00,A,PPS_EU27_2020_HAB,FR,2015,23354,
ESTAT:SDG_10_20(1.0),26/01/24 23:00:00,A,PPS_EU27_2020_HAB,FR,2016,23749,
ESTAT:SDG_10_20(1.0),26/01/24 23:00:00,A,PPS_EU27_2020_HAB,FR,2017,24162,
ESTAT:SDG_10_20(1.0),26/01/24 23:00:00,A,PPS_EU27_2020_HAB,FR,2018,24603,
ESTAT:SDG_10_20(1.0),26/01/24 23:00:00,A,PPS_EU27_2020_HAB,FR,2019,25531,
ESTAT:SDG_10_20(1.0),26/01/24 23:00:00,A,PPS_EU27_2020_HAB,FR,2020,26047,
ESTAT:SDG_10_20(1.0),26/01/24 23:00:00,A,PPS_EU27_2020_HAB,FR,2021,27400,p
ESTAT:SDG_10_20(1.0),26/01/24 23:00:00,A,PPS_EU27_2020_HAB,FR,2022,29125,p
ESTAT:SDG_10_20(1.0),26/01/24 23:00:00,A,PPS_EU27_2020_HAB,HR,2000,7485,
ESTAT:SDG_10_20(1.0),26/01/24 23:00:00,A,PPS_EU27_2020_HAB,HR,2001,7720,b
ESTAT:SDG_10_20(1.0),26/01/24 23:00:00,A,PPS_EU27_2020_HAB,HR,2002,8380,
ESTAT:SDG_10_20(1.0),26/01/24 23:00:00,A,PPS_EU27_2020_HAB,HR,2003,8713,
ESTAT:SDG_10_20(1.0),26/01/24 23:00:00,A,PPS_EU27_2020_HAB,HR,2004,9128,
ESTAT:SDG_10_20(1.0),26/01/24 23:00:00,A,PPS_EU27_2020_HAB,HR,2005,9272,
ESTAT:SDG_10_20(1.0),26/01/24 23:00:00,A,PPS_EU27_2020_HAB,HR,2006,9794,
ESTAT:SDG_10_20(1.0),26/01/24 23:00:00,A,PPS_EU27_2020_HAB,HR,2007,10540,
ESTAT:SDG_10_20(1.0),26/01/24 23:00:00,A,PPS_EU27_2020_HAB,HR,2008,11030,
ESTAT:SDG_10_20(1.0),26/01/24 23:00:00,A,PPS_EU27_2020_HAB,HR,2009,11050,
ESTAT:SDG_10_20(1.0),26/01/24 23:00:00,A,PPS_EU27_2020_HAB,HR,2010,11075,
ESTAT:SDG_10_20(1.0),26/01/24 23:00:00,A,PPS_EU27_2020_HAB,HR,2011,11201,
ESTAT:SDG_10_20(1.0),26/01/24 23:00:00,A,PPS_EU27_2020_HAB,HR,2012,11317,
ESTAT:SDG_10_20(1.0),26/01/24 23:00:00,A,PPS_EU27_2020_HAB,HR,2013,11473,
ESTAT:SDG_10_20(1.0),26/01/24 23:00:00,A,PPS_EU27_2020_HAB,HR,2014,11606,
ESTAT:SDG_10_20(1.0),26/01/24 23:00:00,A,PPS_EU27_2020_HAB,HR,2015,12074,
ESTAT:SDG_10_20(1.0),26/01/24 23:00:00,A,PPS_EU27_2020_HAB,HR,2016,12724,
ESTAT:SDG_10_20(1.0),26/01/24 23:00:00,A,PPS_EU27_2020_HAB,HR,2017,13298,
ESTAT:SDG_10_20(1.0),26/01/24 23:00:00,A,PPS_EU27_2020_HAB,HR,2018,13910,
ESTAT:SDG_10_20(1.0),26/01/24 23:00:00,A,PPS_EU27_2020_HAB,HR,2019,14546,
ESTAT:SDG_10_20(1.0),26/01/24 23:00:00,A,PPS_EU27_2020_HAB,HR,2020,14880,
ESTAT:SDG_10_20(1.0),26/01/24 23:00:00,A,PPS_EU27_2020_HAB,HR,2021,16138,
ESTAT:SDG_10_20(1.0),26/01/24 23:00:00,A,PPS_EU27_2020_HAB,HR,2022,18393,e
ESTAT:SDG_10_20(1.0),26/01/24 23:00:00,A,PPS_EU27_2020_HAB,HU,2000,7430,
ESTAT:SDG_10_20(1.0),26/01/24 23:00:00,A,PPS_EU27_2020_HAB,HU,2001,8049,
ESTAT:SDG_10_20(1.0),26/01/24 23:00:00,A,PPS_EU27_2020_HAB,HU,2002,8696,
ESTAT:SDG_10_20(1.0),26/01/24 23:00:00,A,PPS_EU27_2020_HAB,HU,2003,9345,
ESTAT:SDG_10_20(1.0),26/01/24 23:00:00,A,PPS_EU27_2020_HAB,HU,2004,9905,
ESTAT:SDG_10_20(1.0),26/01/24 23:00:00,A,PPS_EU27_2020_HAB,HU,2005,10574,
ESTAT:SDG_10_20(1.0),26/01/24 23:00:00,A,PPS_EU27_2020_HAB,HU,2006,10911,
ESTAT:SDG_10_20(1.0),26/01/24 23:00:00,A,PPS_EU27_2020_HAB,HU,2007,10700,
ESTAT:SDG_10_20(1.0),26/01/24 23:00:00,A,PPS_EU27_2020_HAB,HU,2008,11027,
ESTAT:SDG_10_20(1.0),26/01/24 23:00:00,A,PPS_EU27_2020_HAB,HU,2009,11038,
ESTAT:SDG_10_20(1.0),26/01/24 23:00:00,A,PPS_EU27_2020_HAB,HU,2010,11597,
ESTAT:SDG_10_20(1.0),26/01/24 23:00:00,A,PPS_EU27_2020_HAB,HU,2011,12372,
ESTAT:SDG_10_20(1.0),26/01/24 23:00:00,A,PPS_EU27_2020_HAB,HU,2012,12349,
ESTAT:SDG_10_20(1.0),26/01/24 23:00:00,A,PPS_EU27_2020_HAB,HU,2013,12612,
ESTAT:SDG_10_20(1.0),26/01/24 23:00:00,A,PPS_EU27_2020_HAB,HU,2014,12834,
ESTAT:SDG_10_20(1.0),26/01/24 23:00:00,A,PPS_EU27_2020_HAB,HU,2015,13163,
ESTAT:SDG_10_20(1.0),26/01/24 23:00:00,A,PPS_EU27_2020_HAB,HU,2016,13402,
ESTAT:SDG_10_20(1.0),26/01/24 23:00:00,A,PPS_EU27_2020_HAB,HU,2017,13935,
ESTAT:SDG_10_20(1.0),26/01/24 23:00:00,A,PPS_EU27_2020_HAB,HU,2018,14981,
ESTAT:SDG_10_20(1.0),26/01/24 23:00:00,A,PPS_EU27_2020_HAB,HU,2019,15730,
ESTAT:SDG_10_20(1.0),26/01/24 23:00:00,A,PPS_EU27_2020_HAB,HU,2020,15776,
ESTAT:SDG_10_20(1.0),26/01/24 23:00:00,A,PPS_EU27_2020_HAB,HU,2021,17162,
ESTAT:SDG_10_20(1.0),26/01/24 23:00:00,A,PPS_EU27_2020_HAB,HU,2022,18686,p
ESTAT:SDG_10_20(1.0),26/01/24 23:00:00,A,PPS_EU27_2020_HAB,IE,2000,13856,
ESTAT:SDG_10_20(1.0),26/01/24 23:00:00,A,PPS_EU27_2020_HAB,IE,2001,15247,
ESTAT:SDG_10_20(1.0),26/01/24 23:00:00,A,PPS_EU27_2020_HAB,IE,2002,15643,
ESTAT:SDG_10_20(1.0),26/01/24 23:00:00,A,PPS_EU27_2020_HAB,IE,2003,16442,
ESTAT:SDG_10_20(1.0),26/01/24 23:00:00,A,PPS_EU27_2020_HAB,IE,2004,17343,
ESTAT:SDG_10_20(1.0),26/01/24 23:00:00,A,PPS_EU27_2020_HAB,IE,2005,18658,
ESTAT:SDG_10_20(1.0),26/01/24 23:00:00,A,PPS_EU27_2020_HAB,IE,2006,19420,
ESTAT:SDG_10_20(1.0),26/01/24 23:00:00,A,PPS_EU27_2020_HAB,IE,2007,20001,
ESTAT:SDG_10_20(1.0),26/01/24 23:00:00,A,PPS_EU27_2020_HAB,IE,2008,20372,
ESTAT:SDG_10_20(1.0),26/01/24 23:00:00,A,PPS_EU27_2020_HAB,IE,2009,19267,
ESTAT:SDG_10_20(1.0),26/01/24 23:00:00,A,PPS_EU27_2020_HAB,IE,2010,19378,
ESTAT:SDG_10_20(1.0),26/01/24 23:00:00,A,PPS_EU27_2020_HAB,IE,2011,18708,
ESTAT:SDG_10_20(1.0),26/01/24 23:00:00,A,PPS_EU27_2020_HAB,IE,2012,18984,
ESTAT:SDG_10_20(1.0),26/01/24 23:00:00,A,PPS_EU27_2020_HAB,IE,2013,18420,
ESTAT:SDG_10_20(1.0),26/01/24 23:00:00,A,PPS_EU27_2020_HAB,IE,2014,18137,
ESTAT:SDG_10_20(1.0),26/01/24 23:00:00,A,PPS_EU27_2020_HAB,IE,2015,18808,
ESTAT:SDG_10_20(1.0),26/01/24 23:00:00,A,PPS_EU27_2020_HAB,IE,2016,19255,
ESTAT:SDG_10_20(1.0),26/01/24 23:00:00,A,PPS_EU27_2020_HAB,IE,2017,19959,
ESTAT:SDG_10_20(1.0),26/01/24 23:00:00,A,PPS_EU27_2020_HAB,IE,2018,20398,
ESTAT:SDG_10_20(1.0),26/01/24 23:00:00,A,PPS_EU27_2020_HAB,IE,2019,20963,
ESTAT:SDG_10_20(1.0),26/01/24 23:00:00,A,PPS_EU27_2020_HAB,IE,2020,21408,
ESTAT:SDG_10_20(1.0),26/01/24 23:00:00,A,PPS_EU27_2020_HAB,IE,2021,22300,
ESTAT:SDG_10_20(1.0),26/01/24 23:00:00,A,PPS_EU27_2020_HAB,IE,2022,23217,
ESTAT:SDG_10_20(1.0),26/01/24 23:00:00,A,PPS_EU27_2020_HAB,IS,2000,13991,
ESTAT:SDG_10_20(1.0),26/01/24 23:00:00,A,PPS_EU27_2020_HAB,IS,2001,14265,
ESTAT:SDG_10_20(1.0),26/01/24 23:00:00,A,PPS_EU27_2020_HAB,IS,2002,15016,
ESTAT:SDG_10_20(1.0),26/01/24 23:00:00,A,PPS_EU27_2020_HAB,IS,2003,15879,
ESTAT:SDG_10_20(1.0),26/01/24 23:00:00,A,PPS_EU27_2020_HAB,IS,2004,17000,
ESTAT:SDG_10_20(1.0),26/01/24 23:00:00,A,PPS_EU27_2020_HAB,IS,2005,18237,
ESTAT:SDG_10_20(1.0),26/01/24 23:00:00,A,PPS_EU27_2020_HAB,IS,2006,19519,
ESTAT:SDG_10_20(1.0),26/01/24 23:00:00,A,PPS_EU27_2020_HAB,IS,2007,21902,
ESTAT:SDG_10_20(1.0),26/01/24 23:00:00,A,PPS_EU27_2020_HAB,IS,2008,22169,
ESTAT:SDG_10_20(1.0),26/01/24 23:00:00,A,PPS_EU27_2020_HAB,IS,2009,19280,
ESTAT:SDG_10_20(1.0),26/01/24 23:00:00,A,PPS_EU27_2020_HAB,IS,2010,16619,
ESTAT:SDG_10_20(1.0),26/01/24 23:00:00,A,PPS_EU27_2020_HAB,IS,2011,17635,
ESTAT:SDG_10_20(1.0),26/01/24 23:00:00,A,PPS_EU27_2020_HAB,IS,2012,18343,
ESTAT:SDG_10_20(1.0),26/01/24 23:00:00,A,PPS_EU27_2020_HAB,IS,2013,18386,
ESTAT:SDG_10_20(1.0),26/01/24 23:00:00,A,PPS_EU27_2020_HAB,IS,2014,19033,
ESTAT:SDG_10_20(1.0),26/01/24 23:00:00,A,PPS_EU27_2020_HAB,IT,2000,16771,
ESTAT:SDG_10_20(1.0),26/01/24 23:00:00,A,PPS_EU27_2020_HAB,IT,2001,17366,
ESTAT:SDG_10_20(1.0),26/01/24 23:00:00,A,PPS_EU27_2020_HAB,IT,2002,17673,
ESTAT:SDG_10_20(1.0),26/01/24 23:00:00,A,PPS_EU27_2020_HAB,IT,2003,18173,
ESTAT:SDG_10_20(1.0),26/01/24 23:00:00,A,PPS_EU27_2020_HAB,IT,2004,18513,
ESTAT:SDG_10_20(1.0),26/01/24 23:00:00,A,PPS_EU27_2020_HAB,IT,2005,19027,
ESTAT:SDG_10_20(1.0),26/01/24 23:00:00,A,PPS_EU27_2020_HAB,IT,2006,19838,
ESTAT:SDG_10_20(1.0),26/01/24 23:00:00,A,PPS_EU27_2020_HAB,IT,2007,20605,
ESTAT:SDG_10_20(1.0),26/01/24 23:00:00,A,PPS_EU27_2020_HAB,IT,2008,21274,
ESTAT:SDG_10_20(1.0),26/01/24 23:00:00,A,PPS_EU27_2020_HAB,IT,2009,20579,
ESTAT:SDG_10_20(1.0),26/01/24 23:00:00,A,PPS_EU27_2020_HAB,IT,2010,21007,
ESTAT:SDG_10_20(1.0),26/01/24 23:00:00,A,PPS_EU27_2020_HAB,IT,2011,21106,
ESTAT:SDG_10_20(1.0),26/01/24 23:00:00,A,PPS_EU27_2020_HAB,IT,2012,20332,
ESTAT:SDG_10_20(1.0),26/01/24 23:00:00,A,PPS_EU27_2020_HAB,IT,2013,20198,
ESTAT:SDG_10_20(1.0),26/01/24 23:00:00,A,PPS_EU27_2020_HAB,IT,2014,20026,
ESTAT:SDG_10_20(1.0),26/01/24 23:00:00,A,PPS_EU27_2020_HAB,IT,2015,20294,
ESTAT:SDG_10_20(1.0),26/01/24 23:00:00,A,PPS_EU27_2020_HAB,IT,2016,20864,
ESTAT:SDG_10_20(1.0),26/01/24 23:00:00,A,PPS_EU27_2020_HAB,IT,2017,21429,
ESTAT:SDG_10_20(1.0),26/01/24 23:00:00,A,PPS_EU27_2020_HAB,IT,2018,21946,
ESTAT:SDG_10_20(1.0),26/01/24 23:00:00,A,PPS_EU27_2020_HAB,IT,2019,22455,
ESTAT:SDG_10_20(1.0),26/01/24 23:00:00,A,PPS_EU27_2020_HAB,IT,2020,22326,
ESTAT:SDG_10_20(1.0),26/01/24 23:00:00,A,PPS_EU27_2020_HAB,IT,2021,23695,
ESTAT:SDG_10_20(1.0),26/01/24 23:00:00,A,PPS_EU27_2020_HAB,IT,2022,25140,
ESTAT:SDG_10_20(1.0),26/01/24 23:00:00,A,PPS_EU27_2020_HAB,LT,2000,5868,
ESTAT:SDG_10_20(1.0),26/01/24 23:00:00,A,PPS_EU27_2020_HAB,LT,2001,6269,
ESTAT:SDG_10_20(1.0),26/01/24 23:00:00,A,PPS_EU27_2020_HAB,LT,2002,6899,
ESTAT:SDG_10_20(1.0),26/01/24 23:00:00,A,PPS_EU27_2020_HAB,LT,2003,7817,
ESTAT:SDG_10_20(1.0),26/01/24 23:00:00,A,PPS_EU27_2020_HAB,LT,2004,8992,
ESTAT:SDG_10_20(1.0),26/01/24 23:00:00,A,PPS_EU27_2020_HAB,LT,2005,9568,
ESTAT:SDG_10_20(1.0),26/01/24 23:00:00,A,PPS_EU27_2020_HAB,LT,2006,10533,
ESTAT:SDG_10_20(1.0),26/01/24 23:00:00,A,PPS_EU27_2020_HAB,LT,2007,10980,
ESTAT:SDG_10_20(1.0),26/01/24 23:00:00,A,PPS_EU27_2020_HAB,LT,2008,12340,
ESTAT:SDG_10_20(1.0),26/01/24 23:00:00,A,PPS_EU27_2020_HAB,LT,2009,11653,
ESTAT:SDG_10_20(1.0),26/01/24 23:00:00,A,PPS_EU27_2020_HAB,LT,2010,12348,
ESTAT:SDG_10_20(1.0),26/01/24 23:00:00,A,PPS_EU27_2020_HAB,LT,2011,13137,
ESTAT:SDG_10_20(1.0),26/01/24 23:00:00,A,PPS_EU27_2020_HAB,LT,2012,13695,
ESTAT:SDG_10_20(1.0),26/01/24 23:00:00,A,PPS_EU27_2020_HAB,LT,2013,14477,
ESTAT:SDG_10_20(1.0),26/01/24 23:00:00,A,PPS_EU27_2020_HAB,LT,2014,14875,
ESTAT:SDG_10_20(1.0),26/01/24 23:00:00,A,PPS_EU27_2020_HAB,LT,2015,15515,
ESTAT:SDG_10_20(1.0),26/01/24 23:00:00,A,PPS_EU27_2020_HAB,LT,2016,16486,
ESTAT:SDG_10_20(1.0),26/01/24 23:00:00,A,PPS_EU27_2020_HAB,LT,2017,17226,
ESTAT:SDG_10_20(1.0),26/01/24 23:00:00,A,PPS_EU27_2020_HAB,LT,2018,17998,
ESTAT:SDG_10_20(1.0),26/01/24 23:00:00,A,PPS_EU27_2020_HAB,LT,2019,19718,
ESTAT:SDG_10_20(1.0),26/01/24 23:00:00,A,PPS_EU27_2020_HAB,LT,2020,21000,
ESTAT:SDG_10_20(1.0),26/01/24 23:00:00,A,PPS_EU27_2020_HAB,LT,2021,22091,
ESTAT:SDG_10_20(1.0),26/01/24 23:00:00,A,PPS_EU27_2020_HAB,LT,2022,22747,
ESTAT:SDG_10_20(1.0),26/01/24 23:00:00,A,PPS_EU27_2020_HAB,LU,2000,23352,
ESTAT:SDG_10_20(1.0),26/01/24 23:00:00,A,PPS_EU27_2020_HAB,LU,2001,24276,
ESTAT:SDG_10_20(1.0),26/01/24 23:00:00,A,PPS_EU27_2020_HAB,LU,2002,26259,
ESTAT:SDG_10_20(1.0),26/01/24 23:00:00,A,PPS_EU27_2020_HAB,LU,2003,26790,
ESTAT:SDG_10_20(1.0),26/01/24 23:00:00,A,PPS_EU27_2020_HAB,LU,2004,26705,
ESTAT:SDG_10_20(1.0),26/01/24 23:00:00,A,PPS_EU27_2020_HAB,LU,2005,27302,
ESTAT:SDG_10_20(1.0),26/01/24 23:00:00,A,PPS_EU27_2020_HAB,LU,2006,28691,
ESTAT:SDG_10_20(1.0),26/01/24 23:00:00,A,PPS_EU27_2020_HAB,LU,2007,29034,
ESTAT:SDG_10_20(1.0),26/01/24 23:00:00,A,PPS_EU27_2020_HAB,LU,2008,30183,
ESTAT:SDG_10_20(1.0),26/01/24 23:00:00,A,PPS_EU27_2020_HAB,LU,2009,29812,
ESTAT:SDG_10_20(1.0),26/01/24 23:00:00,A,PPS_EU27_2020_HAB,LU,2010,28883,
ESTAT:SDG_10_20(1.0),26/01/24 23:00:00,A,PPS_EU27_2020_HAB,LU,2011,29814,
ESTAT:SDG_10_20(1.0),26/01/24 23:00:00,A,PPS_EU27_2020_HAB,LU,2012,30373,
ESTAT:SDG_10_20(1.0),26/01/24 23:00:00,A,PPS_EU27_2020_HAB,LU,2013,31838,
ESTAT:SDG_10_20(1.0),26/01/24 23:00:00,A,PPS_EU27_2020_HAB,LU,2014,31664,
ESTAT:SDG_10_20(1.0),26/01/24 23:00:00,A,PPS_EU27_2020_HAB,LU,2015,31838,
ESTAT:SDG_10_20(1.0),26/01/24 23:00:00,A,PPS_EU27_2020_HAB,LU,2016,31503,
ESTAT:SDG_10_20(1.0),26/01/24 23:00:00,A,PPS_EU27_2020_HAB,LU,2017,32766,
ESTAT:SDG_10_20(1.0),26/01/24 23:00:00,A,PPS_EU27_2020_HAB,LU,2018,34028,
ESTAT:SDG_10_20(1.0),26/01/24 23:00:00,A,PPS_EU27_2020_HAB,LU,2019,34018,
ESTAT:SDG_10_20(1.0),26/01/24 23:00:00,A,PPS_EU27_2020_HAB,LU,2020,34510,
ESTAT:SDG_10_20(1.0),26/01/24 23:00:00,A,PPS_EU27_2020_HAB,LU,2021,35186,
ESTAT:SDG_10_20(1.0),26/01/24 23:00:00,A,PPS_EU27_2020_HAB,LU,2022,37040,
ESTAT:SDG_10_20(1.0),26/01/24 23:00:00,A,PPS_EU27_2020_HAB,LV,2000,4905,
ESTAT:SDG_10_20(1.0),26/01/24 23:00:00,A,PPS_EU27_2020_HAB,LV,2001,5360,
ESTAT:SDG_10_20(1.0),26/01/24 23:00:00,A,PPS_EU27_2020_HAB,LV,2002,6010,
ESTAT:SDG_10_20(1.0),26/01/24 23:00:00,A,PPS_EU27_2020_HAB,LV,2003,6571,
ESTAT:SDG_10_20(1.0),26/01/24 23:00:00,A,PPS_EU27_2020_HAB,LV,2004,7294,
ESTAT:SDG_10_20(1.0),26/01/24 23:00:00,A,PPS_EU27_2020_HAB,LV,2005,8205,
ESTAT:SDG_10_20(1.0),26/01/24 23:00:00,A,PPS_EU27_2020_HAB,LV,2006,9363,
ESTAT:SDG_10_20(1.0),26/01/24 23:00:00,A,PPS_EU27_2020_HAB,LV,2007,10411,
ESTAT:SDG_10_20(1.0),26/01/24 23:00:00,A,PPS_EU27_2020_HAB,LV,2008,11450,
ESTAT:SDG_10_20(1.0),26/01/24 23:00:00,A,PPS_EU27_2020_HAB,LV,2009,9904,
ESTAT:SDG_10_20(1.0),26/01/24 23:00:00,A,PPS_EU27_2020_HAB,LV,2010,10137,
ESTAT:SDG_10_20(1.0),26/01/24 23:00:00,A,PPS_EU27_2020_HAB,LV,2011,10051,
ESTAT:SDG_10_20(1.0),26/01/24 23:00:00,A,PPS_EU27_2020_HAB,LV,2012,10834,
ESTAT:SDG_10_20(1.0),26/01/24 23:00:00,A,PPS_EU27_2020_HAB,LV,2013,11293,
ESTAT:SDG_10_20(1.0),26/01/24 23:00:00,A,PPS_EU27_2020_HAB,LV,2014,11773,
ESTAT:SDG_10_20(1.0),26/01/24 23:00:00,A,PPS_EU27_2020_HAB,LV,2015,12574,
ESTAT:SDG_10_20(1.0),26/01/24 23:00:00,A,PPS_EU27_2020_HAB,LV,2016,13148,
ESTAT:SDG_10_20(1.0),26/01/24 23:00:00,A,PPS_EU27_2020_HAB,LV,2017,14048,
ESTAT:SDG_10_20(1.0),26/01/24 23:00:00,A,PPS_EU27_2020_HAB,LV,2018,14840,
ESTAT:SDG_10_20(1.0),26/01/24 23:00:00,A,PPS_EU27_2020_HAB,LV,2019,15398,
ESTAT:SDG_10_20(1.0),26/01/24 23:00:00,A,PPS_EU27_2020_HAB,LV,2020,15778,
ESTAT:SDG_10_20(1.0),26/01/24 23:00:00,A,PPS_EU27_2020_HAB,LV,2021,16929,
ESTAT:SDG_10_20(1.0),26/01/24 23:00:00,A,PPS_EU27_2020_HAB,LV,2022,18018,
ESTAT:SDG_10_20(1.0),26/01/24 23:00:00,A,PPS_EU27_2020_HAB,NL,2000,17583,
ESTAT:SDG_10_20(1.0),26/01/24 23:00:00,A,PPS_EU27_2020_HAB,NL,2001,18779,
ESTAT:SDG_10_20(1.0),26/01/24 23:00:00,A,PPS_EU27_2020_HAB,NL,2002,19466,
ESTAT:SDG_10_20(1.0),26/01/24 23:00:00,A,PPS_EU27_2020_HAB,NL,2003,19112,
ESTAT:SDG_10_20(1.0),26/01/24 23:00:00,A,PPS_EU27_2020_HAB,NL,2004,19752,
ESTAT:SDG_10_20(1.0),26/01/24 23:00:00,A,PPS_EU27_2020_HAB,NL,2005,20391,
ESTAT:SDG_10_20(1.0),26/01/24 23:00:00,A,PPS_EU27_2020_HAB,NL,2006,21860,
ESTAT:SDG_10_20(1.0),26/01/24 23:00:00,A,PPS_EU27_2020_HAB,NL,2007,22958,
ESTAT:SDG_10_20(1.0),26/01/24 23:00:00,A,PPS_EU27_2020_HAB,NL,2008,23697,
ESTAT:SDG_10_20(1.0),26/01/24 23:00:00,A,PPS_EU27_2020_HAB,NL,2009,23336,
ESTAT:SDG_10_20(1.0),26/01/24 23:00:00,A,PPS_EU27_2020_HAB,NL,2010,22812,
ESTAT:SDG_10_20(1.0),26/01/24 23:00:00,A,PPS_EU27_2020_HAB,NL,2011,23062,
ESTAT:SDG_10_20(1.0),26/01/24 23:00:00,A,PPS_EU27_2020_HAB,NL,2012,23211,
ESTAT:SDG_10_20(1.0),26/01/24 23:00:00,A,PPS_EU27_2020_HAB,NL,2013,23242,
ESTAT:SDG_10_20(1.0),26/01/24 23:00:00,A,PPS_EU27_2020_HAB,NL,2014,23363,
ESTAT:SDG_10_20(1.0),26/01/24 23:00:00,A,PPS_EU27_2020_HAB,NL,2015,23576,
ESTAT:SDG_10_20(1.0),26/01/24 23:00:00,A,PPS_EU27_2020_HAB,NL,2016,23542,
ESTAT:SDG_10_20(1.0),26/01/24 23:00:00,A,PPS_EU27_2020_HAB,NL,2017,24207,
ESTAT:SDG_10_20(1.0),26/01/24 23:00:00,A,PPS_EU27_2020_HAB,NL,2018,25289,
ESTAT:SDG_10_20(1.0),26/01/24 23:00:00,A,PPS_EU27_2020_HAB,NL,2019,25844,
ESTAT:SDG_10_20(1.0),26/01/24 23:00:00,A,PPS_EU27_2020_HAB,NL,2020,26826,
ESTAT:SDG_10_20(1.0),26/01/24 23:00:00,A,PPS_EU27_2020_HAB,NL,2021,28265,p
ESTAT:SDG_10_20(1.0),26/01/24 23:00:00,A,PPS_EU27_2020_HAB,NL,2022,30283,p
ESTAT:SDG_10_20(1.0),26/01/24 23:00:00,A,PPS_EU27_2020_HAB,NO,2000,16112,
ESTAT:SDG_10_20(1.0),26/01/24 23:00:00,A,PPS_EU27_2020_HAB,NO,2001,16285,
ESTAT:SDG_10_20(1.0),26/01/24 23:00:00,A,PPS_EU27_2020_HAB,NO,2002,17728,
ESTAT:SDG_10_20(1.0),26/01/24 23:00:00,A,PPS_EU27_2020_HAB,NO,2003,18701,
ESTAT:SDG_10_20(1.0),26/01/24 23:00:00,A,PPS_EU27_2020_HAB,NO,2004,19649,
ESTAT:SDG_10_20(1.0),26/01/24 23:00:00,A,PPS_EU27_2020_HAB,NO,2005,21289,
ESTAT:SDG_10_20(1.0),26/01/24 23:00:00,A,PPS_EU27_2020_HAB,NO,2006,20827,
ESTAT:SDG_10_20(1.0),26/01/24 23:00:00,A,PPS_EU27_2020_HAB,NO,2007,22397,
ESTAT:SDG_10_20(1.0),26/01/24 23:00:00,A,PPS_EU27_2020_HAB,NO,2008,23219,
ESTAT:SDG_10_20(1.0),26/01/24 23:00:00,A,PPS_EU27_2020_HAB,NO,2009,23626,
ESTAT:SDG_10_20(1.0),26/01/24 23:00:00,A,PPS_EU27_2020_HAB,NO,2010,23838,
ESTAT:SDG_10_20(1.0),26/01/24 23:00:00,A,PPS_EU27_2020_HAB,NO,2011,24529,
ESTAT:SDG_10_20(1.0),26/01/24 23:00:00,A,PPS_EU27_2020_HAB,NO,2012,25195,
ESTAT:SDG_10_20(1.0),26/01/24 23:00:00,A,PPS_EU27_2020_HAB,NO,2013,26208,
ESTAT:SDG_10_20(1.0),26/01/24 23:00:00,A,PPS_EU27_2020_HAB,NO,2014,26684,
ESTAT:SDG_10_20(1.0),26/01/24 23:00:00,A,PPS_EU27_2020_HAB,NO,2015,26669,
ESTAT:SDG_10_20(1.0),26/01/24 23:00:00,A,PPS_EU27_2020_HAB,NO,2016,26143,
ESTAT:SDG_10_20(1.0),26/01/24 23:00:00,A,PPS_EU27_2020_HAB,NO,2017,27619,
ESTAT:SDG_10_20(1.0),26/01/24 23:00:00,A,PPS_EU27_2020_HAB,NO,2018,28228,
ESTAT:SDG_10_20(1.0),26/01/24 23:00:00,A,PPS_EU27_2020_HAB,NO,2019,28436,
ESTAT:SDG_10_20(1.0),26/01/24 23:00:00,A,PPS_EU27_2020_HAB,NO,2020,28280,
ESTAT:SDG_10_20(1.0),26/01/24 23:00:00,A,PPS_EU27_2020_HAB,NO,2021,29883,
ESTAT:SDG_10_20(1.0),26/01/24 23:00:00,A,PPS_EU27_2020_HAB,NO,2022,31035,
ESTAT:SDG_10_20(1.0),26/01/24 23:00:00,A,PPS_EU27_2020_HAB,PL,2000,7361,
ESTAT:SDG_10_20(1.0),26/01/24 23:00:00,A,PPS_EU27_2020_HAB,PL,2001,7804,
ESTAT:SDG_10_20(1.0),26/01/24 23:00:00,A,PPS_EU27_2020_HAB,PL,2002,8084,
ESTAT:SDG_10_20(1.0),26/01/24 23:00:00,A,PPS_EU27_2020_HAB,PL,2003,8301,
ESTAT:SDG_10_20(1.0),26/01/24 23:00:00,A,PPS_EU27_2020_HAB,PL,2004,8500,
ESTAT:SDG_10_20(1.0),26/01/24 23:00:00,A,PPS_EU27_2020_HAB,PL,2005,8539,
ESTAT:SDG_10_20(1.0),26/01/24 23:00:00,A,PPS_EU27_2020_HAB,PL,2006,9092,
ESTAT:SDG_10_20(1.0),26/01/24 23:00:00,A,PPS_EU27_2020_HAB,PL,2007,10052,
ESTAT:SDG_10_20(1.0),26/01/24 23:00:00,A,PPS_EU27_2020_HAB,PL,2008,10731,
ESTAT:SDG_10_20(1.0),26/01/24 23:00:00,A,PPS_EU27_2020_HAB,PL,2009,11169,
ESTAT:SDG_10_20(1.0),26/01/24 23:00:00,A,PPS_EU27_2020_HAB,PL,2010,12347,
ESTAT:SDG_10_20(1.0),26/01/24 23:00:00,A,PPS_EU27_2020_HAB,PL,2011,12886,
ESTAT:SDG_10_20(1.0),26/01/24 23:00:00,A,PPS_EU27_2020_HAB,PL,2012,13479,
ESTAT:SDG_10_20(1.0),26/01/24 23:00:00,A,PPS_EU27_2020_HAB,PL,2013,13580,
ESTAT:SDG_10_20(1.0),26/01/24 23:00:00,A,PPS_EU27_2020_HAB,PL,2014,14113,
ESTAT:SDG_10_20(1.0),26/01/24 23:00:00,A,PPS_EU27_2020_HAB,PL,2015,14617,
ESTAT:SDG_10_20(1.0),26/01/24 23:00:00,A,PPS_EU27_2020_HAB,PL,2016,15099,
ESTAT:SDG_10_20(1.0),26/01/24 23:00:00,A,PPS_EU27_2020_HAB,PL,2017,15541,
ESTAT:SDG_10_20(1.0),26/01/24 23:00:00,A,PPS_EU27_2020_HAB,PL,2018,16163,
ESTAT:SDG_10_20(1.0),26/01/24 23:00:00,A,PPS_EU27_2020_HAB,PL,2019,17041,
ESTAT:SDG_10_20(1.0),26/01/24 23:00:00,A,PPS_EU27_2020_HAB,PL,2020,18031,
ESTAT:SDG_10_20(1.0),26/01/24 23:00:00,A,PPS_EU27_2020_HAB,PL,2021,18237,
ESTAT:SDG_10_20(1.0),26/01/24 23:00:00,A,PPS_EU27_2020_HAB,PL,2022,19843,b
ESTAT:SDG_10_20(1.0),26/01/24 23:00:00,A,PPS_EU27_2020_HAB,PT,2000,12553,
ESTAT:SDG_10_20(1.0),26/01/24 23:00:00,A,PPS_EU27_2020_HAB,PT,2001,12975,
ESTAT:SDG_10_20(1.0),26/01/24 23:00:00,A,PPS_EU27_2020_HAB,PT,2002,13254,
ESTAT:SDG_10_20(1.0),26/01/24 23:00:00,A,PPS_EU27_2020_HAB,PT,2003,13725,
ESTAT:SDG_10_20(1.0),26/01/24 23:00:00,A,PPS_EU27_2020_HAB,PT,2004,14109,
ESTAT:SDG_10_20(1.0),26/01/24 23:00:00,A,PPS_EU27_2020_HAB,PT,2005,14993,
ESTAT:SDG_10_20(1.0),26/01/24 23:00:00,A,PPS_EU27_2020_HAB,PT,2006,15487,
ESTAT:SDG_10_20(1.0),26/01/24 23:00:00,A,PPS_EU27_2020_HAB,PT,2007,15767,
ESTAT:SDG_10_20(1.0),26/01/24 23:00:00,A,PPS_EU27_2020_HAB,PT,2008,16348,
ESTAT:SDG_10_20(1.0),26/01/24 23:00:00,A,PPS_EU27_2020_HAB,PT,2009,16315,
ESTAT:SDG_10_20(1.0),26/01/24 23:00:00,A,PPS_EU27_2020_HAB,PT,2010,16412,
ESTAT:SDG_10_20(1.0),26/01/24 23:00:00,A,PPS_EU27_2020_HAB,PT,2011,15886,
ESTAT:SDG_10_20(1.0),26/01/24 23:00:00,A,PPS_EU27_2020_HAB,PT,2012,15635,
ESTAT:SDG_10_20(1.0),26/01/24 23:00:00,A,PPS_EU27_2020_HAB,PT,2013,16019,
ESTAT:SDG_10_20(1.0),26/01/24 23:00:00,A,PPS_EU27_2020_HAB,PT,2014,15976,
ESTAT:SDG_10_20(1.0),26/01/24 23:00:00,A,PPS_EU27_2020_HAB,PT,2015,16570,
ESTAT:SDG_10_20(1.0),26/01/24 23:00:00,A,PPS_EU27_2020_HAB,PT,2016,16950,
ESTAT:SDG_10_20(1.0),26/01/24 23:00:00,A,PPS_EU27_2020_HAB,PT,2017,17256,
ESTAT:SDG_10_20(1.0),26/01/24 23:00:00,A,PPS_EU27_2020_HAB,PT,2018,18168,
ESTAT:SDG_10_20(1.0),26/01/24 23:00:00,A,PPS_EU27_2020_HAB,PT,2019,18852,
ESTAT:SDG_10_20(1.0),26/01/24 23:00:00,A,PPS_EU27_2020_HAB,PT,2020,18469,
ESTAT:SDG_10_20(1.0),26/01/24 23:00:00,A,PPS_EU27_2020_HAB,PT,2021,19591,
ESTAT:SDG_10_20(1.0),26/01/24 23:00:00,A,PPS_EU27_2020_HAB,PT,2022,21032,p
ESTAT:SDG_10_20(1.0),26/01/24 23:00:00,A,PPS_EU27_2020_HAB,RS,2005,6284,p
ESTAT:SDG_10_20(1.0),26/01/24 23:00:00,A,PPS_EU27_2020_HAB,RS,2006,6835,p
ESTAT:SDG_10_20(1.0),26/01/24 23:00:00,A,PPS_EU27_2020_HAB,RS,2007,7252,p
ESTAT:SDG_10_20(1.0),26/01/24 23:00:00,A,PPS_EU27_2020_HAB,RS,2008,8170,p
ESTAT:SDG_10_20(1.0),26/01/24 23:00:00,A,PPS_EU27_2020_HAB,RS,2009,8255,p
ESTAT:SDG_10_20(1.0),26/01/24 23:00:00,A,PPS_EU27_2020_HAB,RS,2010,8388,p
ESTAT:SDG_10_20(1.0),26/01/24 23:00:00,A,PPS_EU27_2020_HAB,RS,2011,8400,p
ESTAT:SDG_10_20(1.0),26/01/24 23:00:00,A,PPS_EU27_2020_HAB,RS,2012,8701,p
ESTAT:SDG_10_20(1.0),26/01/24 23:00:00,A,PPS_EU27_2020_HAB,RS,2013,8527,p
ESTAT:SDG_10_20(1.0),26/01/24 23:00:00,A,PPS_EU27_2020_HAB,RS,2014,8775,p
ESTAT:SDG_10_20(1.0),26/01/24 23:00:00,A,PPS_EU27_2020_HAB,RS,2015,8903,p
ESTAT:SDG_10_20(1.0),26/01/24 23:00:00,A,PPS_EU27_2020_HAB,RS,2016,8814,p
ESTAT:SDG_10_20(1.0),26/01/24 23:00:00,A,PPS_EU27_2020_HAB,RS,2017,8937,p
ESTAT:SDG_10_20(1.0),26/01/24 23:00:00,A,PPS_EU27_2020_HAB,RS,2018,9882,p
ESTAT:SDG_10_20(1.0),26/01/24 23:00:00,A,PPS_EU27_2020_HAB,RS,2019,10299,p
ESTAT:SDG_10_20(1.0),26/01/24 23:00:00,A,PPS_EU27_2020_HAB,RS,2020,10481,p
ESTAT:SDG_10_20(1.0),26/01/24 23:00:00,A,PPS_EU27_2020_HAB,RS,2021,11811,p
ESTAT:SDG_10_20(1.0),26/01/24 23:00:00,A,PPS_EU27_2020_HAB,RS,2022,12978,p
ESTAT:SDG_10_20(1.0),26/01/24 23:00:00,A,PPS_EU27_2020_HAB,SE,2000,14678,
ESTAT:SDG_10_20(1.0),26/01/24 23:00:00,A,PPS_EU27_2020_HAB,SE,2001,15473,
ESTAT:SDG_10_20(1.0),26/01/24 23:00:00,A,PPS_EU27_2020_HAB,SE,2002,16094,
ESTAT:SDG_10_20(1.0),26/01/24 23:00:00,A,PPS_EU27_2020_HAB,SE,2003,16448,
ESTAT:SDG_10_20(1.0),26/01/24 23:00:00,A,PPS_EU27_2020_HAB,SE,2004,16879,
ESTAT:SDG_10_20(1.0),26/01/24 23:00:00,A,PPS_EU27_2020_HAB,SE,2005,17528,
ESTAT:SDG_10_20(1.0),26/01/24 23:00:00,A,PPS_EU27_2020_HAB,SE,2006,18791,
ESTAT:SDG_10_20(1.0),26/01/24 23:00:00,A,PPS_EU27_2020_HAB,SE,2007,20245,
ESTAT:SDG_10_20(1.0),26/01/24 23:00:00,A,PPS_EU27_2020_HAB,SE,2008,21290,
ESTAT:SDG_10_20(1.0),26/01/24 23:00:00,A,PPS_EU27_2020_HAB,SE,2009,21125,
ESTAT:SDG_10_20(1.0),26/01/24 23:00:00,A,PPS_EU27_2020_HAB,SE,2010,21183,
ESTAT:SDG_10_20(1.0),26/01/24 23:00:00,A,PPS_EU27_2020_HAB,SE,2011,21979,
ESTAT:SDG_10_20(1.0),26/01/24 23:00:00,A,PPS_EU27_2020_HAB,SE,2012,22832,
ESTAT:SDG_10_20(1.0),26/01/24 23:00:00,A,PPS_EU27_2020_HAB,SE,2013,22479,
ESTAT:SDG_10_20(1.0),26/01/24 23:00:00,A,PPS_EU27_2020_HAB,SE,2014,22760,
ESTAT:SDG_10_20(1.0),26/01/24 23:00:00,A,PPS_EU27_2020_HAB,SE,2015,23247,
ESTAT:SDG_10_20(1.0),26/01/24 23:00:00,A,PPS_EU27_2020_HAB,SE,2016,23303,
ESTAT:SDG_10_20(1.0),26/01/24 23:00:00,A,PPS_EU27_2020_HAB,SE,2017,23510,
ESTAT:SDG_10_20(1.0),26/01/24 23:00:00,A,PPS_EU27_2020_HAB,SE,2018,23832,
ESTAT:SDG_10_20(1.0),26/01/24 23:00:00,A,PPS_EU27_2020_HAB,SE,2019,24225,
ESTAT:SDG_10_20(1.0),26/01/24 23:00:00,A,PPS_EU27_2020_HAB,SE,2020,24126,
ESTAT:SDG_10_20(1.0),26/01/24 23:00:00,A,PPS_EU27_2020_HAB,SE,2021,25791,
ESTAT:SDG_10_20(1.0),26/01/24 23:00:00,A,PPS_EU27_2020_HAB,SE,2022,27241,
ESTAT:SDG_10_20(1.0),26/01/24 23:00:00,A,PPS_EU27_2020_HAB,SI,2000,11337,
ESTAT:SDG_10_20(1.0),26/01/24 23:00:00,A,PPS_EU27_2020_HAB,SI,2001,11941,
ESTAT:SDG_10_20(1.0),26/01/24 23:00:00,A,PPS_EU27_2020_HAB,SI,2002,12575,
ESTAT:SDG_10_20(1.0),26/01/24 23:00:00,A,PPS_EU27_2020_HAB,SI,2003,12800,
ESTAT:SDG_10_20(1.0),26/01/24 23:00:00,A,PPS_EU27_2020_HAB,SI,2004,13328,
ESTAT:SDG_10_20(1.0),26/01/24 23:00:00,A,PPS_EU27_2020_HAB,SI,2005,14061,
ESTAT:SDG_10_20(1.0),26/01/24 23:00:00,A,PPS_EU27_2020_HAB,SI,2006,14562,
ESTAT:SDG_10_20(1.0),26/01/24 23:00:00,A,PPS_EU27_2020_HAB,SI,2007,15214,
ESTAT:SDG_10_20(1.0),26/01/24 23:00:00,A,PPS_EU27_2020_HAB,SI,2008,16135,b
ESTAT:SDG_10_20(1.0),26/01/24 23:00:00,A,PPS_EU27_2020_HAB,SI,2009,15384,
ESTAT:SDG_10_20(1.0),26/01/24 23:00:00,A,PPS_EU27_2020_HAB,SI,2010,15630,
ESTAT:SDG_10_20(1.0),26/01/24 23:00:00,A,PPS_EU27_2020_HAB,SI,2011,16029,
ESTAT:SDG_10_20(1.0),26/01/24 23:00:00,A,PPS_EU27_2020_HAB,SI,2012,15761,
ESTAT:SDG_10_20(1.0),26/01/24 23:00:00,A,PPS_EU27_2020_HAB,SI,2013,15676,
ESTAT:SDG_10_20(1.0),26/01/24 23:00:00,A,PPS_EU27_2020_HAB,SI,2014,15702,
ESTAT:SDG_10_20(1.0),26/01/24 23:00:00,A,PPS_EU27_2020_HAB,SI,2015,16000,
ESTAT:SDG_10_20(1.0),26/01/24 23:00:00,A,PPS_EU27_2020_HAB,SI,2016,16555,
ESTAT:SDG_10_20(1.0),26/01/24 23:00:00,A,PPS_EU27_2020_HAB,SI,2017,17367,
ESTAT:SDG_10_20(1.0),26/01/24 23:00:00,A,PPS_EU27_2020_HAB,SI,2018,18230,
ESTAT:SDG_10_20(1.0),26/01/24 23:00:00,A,PPS_EU27_2020_HAB,SI,2019,19047,
ESTAT:SDG_10_20(1.0),26/01/24 23:00:00,A,PPS_EU27_2020_HAB,SI,2020,19823,
ESTAT:SDG_10_20(1.0),26/01/24 23:00:00,A,PPS_EU27_2020_HAB,SI,2021,21062,
ESTAT:SDG_10_20(1.0),26/01/24 23:00:00,A,PPS_EU27_2020_HAB,SI,2022,22439,
ESTAT:SDG_10_20(1.0),26/01/24 23:00:00,A,PPS_EU27_2020_HAB,SK,2000,7156,
ESTAT:SDG_10_20(1.0),26/01/24 23:00:00,A,PPS_EU27_2020_HAB,SK,2001,7809,
ESTAT:SDG_10_20(1.0),26/01/24 23:00:00,A,PPS_EU27_2020_HAB,SK,2002,8292,
ESTAT:SDG_10_20(1.0),26/01/24 23:00:00,A,PPS_EU27_2020_HAB,SK,2003,8291,
ESTAT:SDG_10_20(1.0),26/01/24 23:00:00,A,PPS_EU27_2020_HAB,SK,2004,8836,
ESTAT:SDG_10_20(1.0),26/01/24 23:00:00,A,PPS_EU27_2020_HAB,SK,2005,9346,
ESTAT:SDG_10_20(1.0),26/01/24 23:00:00,A,PPS_EU27_2020_HAB,SK,2006,9936,
ESTAT:SDG_10_20(1.0),26/01/24 23:00:00,A,PPS_EU27_2020_HAB,SK,2007,11176,
ESTAT:SDG_10_20(1.0),26/01/24 23:00:00,A,PPS_EU27_2020_HAB,SK,2008,12523,
ESTAT:SDG_10_20(1.0),26/01/24 23:00:00,A,PPS_EU27_2020_HAB,SK,2009,12704,
ESTAT:SDG_10_20(1.0),26/01/24 23:00:00,A,PPS_EU27_2020_HAB,SK,2010,13842,
ESTAT:SDG_10_20(1.0),26/01/24 23:00:00,A,PPS_EU27_2020_HAB,SK,2011,13787,
ESTAT:SDG_10_20(1.0),26/01/24 23:00:00,A,PPS_EU27_2020_HAB,SK,2012,13991,
ESTAT:SDG_10_20(1.0),26/01/24 23:00:00,A,PPS_EU27_2020_HAB,SK,2013,14167,
ESTAT:SDG_10_20(1.0),26/01/24 23:00:00,A,PPS_EU27_2020_HAB,SK,2014,14300,
ESTAT:SDG_10_20(1.0),26/01/24 23:00:00,A,PPS_EU27_2020_HAB,SK,2015,14961,
ESTAT:SDG_10_20(1.0),26/01/24 23:00:00,A,PPS_EU27_2020_HAB,SK,2016,14107,
ESTAT:SDG_10_20(1.0),26/01/24 23:00:00,A,PPS_EU27_2020_HAB,SK,2017,14111,
ESTAT:SDG_10_20(1.0),26/01/24 23:00:00,A,PPS_EU27_2020_HAB,SK,2018,14781,
ESTAT:SDG_10_20(1.0),26/01/24 23:00:00,A,PPS_EU27_2020_HAB,SK,2019,15518,
ESTAT:SDG_10_20(1.0),26/01/24 23:00:00,A,PPS_EU27_2020_HAB,SK,2020,15591,
ESTAT:SDG_10_20(1.0),26/01/24 23:00:00,A,PPS_EU27_2020_HAB,SK,2021,16308,
ESTAT:SDG_10_20(1.0),26/01/24 23:00:00,A,PPS_EU27_2020_HAB,SK,2022,17359,
ESTAT:SDG_10_20(1.0),26/01/24 23:00:00,A,PPS_EU27_2020_HAB,TR,2009,9140,p
ESTAT:SDG_10_20(1.0),26/01/24 23:00:00,A,PPS_EU27_2020_HAB,TR,2010,10144,p
ESTAT:SDG_10_20(1.0),26/01/24 23:00:00,A,PPS_EU27_2020_HAB,TR,2011,11422,p
ESTAT:SDG_10_20(1.0),26/01/24 23:00:00,A,PPS_EU27_2020_HAB,TR,2012,11690,p
ESTAT:SDG_10_20(1.0),26/01/24 23:00:00,A,PPS_EU27_2020_HAB,TR,2013,12494,p
ESTAT:SDG_10_20(1.0),26/01/24 23:00:00,A,PPS_EU27_2020_HAB,TR,2014,13341,p
ESTAT:SDG_10_20(1.0),26/01/24 23:00:00,A,PPS_EU27_2020_HAB,TR,2015,14438,p
ESTAT:SDG_10_20(1.0),26/01/24 23:00:00,A,PPS_EU27_2020_HAB,TR,2016,14606,p
ESTAT:SDG_10_20(1.0),26/01/24 23:00:00,A,PPS_EU27_2020_HAB,TR,2017,15452,p
ESTAT:SDG_10_20(1.0),26/01/24 23:00:00,A,PPS_EU27_2020_HAB,TR,2018,15086,p
ESTAT:SDG_10_20(1.0),26/01/24 23:00:00,A,PPS_EU27_2020_HAB,TR,2019,14712,p
ESTAT:SDG_10_20(1.0),26/01/24 23:00:00,A,PPS_EU27_2020_HAB,TR,2020,14159,p
ESTAT:SDG_10_20(1.0),26/01/24 23:00:00,A,PPS_EU27_2020_HAB,TR,2021,15979,p
ESTAT:SDG_10_20(1.0),26/01/24 23:00:00,A,PPS_EU27_2020_HAB,UK,2000,16231,
ESTAT:SDG_10_20(1.0),26/01/24 23:00:00,A,PPS_EU27_2020_HAB,UK,2001,17220,
ESTAT:SDG_10_20(1.0),26/01/24 23:00:00,A,PPS_EU27_2020_HAB,UK,2002,17759,
ESTAT:SDG_10_20(1.0),26/01/24 23:00:00,A,PPS_EU27_2020_HAB,UK,2003,18424,
ESTAT:SDG_10_20(1.0),26/01/24 23:00:00,A,PPS_EU27_2020_HAB,UK,2004,19641,
ESTAT:SDG_10_20(1.0),26/01/24 23:00:00,A,PPS_EU27_2020_HAB,UK,2005,19923,
ESTAT:SDG_10_20(1.0),26/01/24 23:00:00,A,PPS_EU27_2020_HAB,UK,2006,20754,
ESTAT:SDG_10_20(1.0),26/01/24 23:00:00,A,PPS_EU27_2020_HAB,UK,2007,21286,
ESTAT:SDG_10_20(1.0),26/01/24 23:00:00,A,PPS_EU27_2020_HAB,UK,2008,21607,
ESTAT:SDG_10_20(1.0),26/01/24 23:00:00,A,PPS_EU27_2020_HAB,UK,2009,21217,
ESTAT:SDG_10_20(1.0),26/01/24 23:00:00,A,PPS_EU27_2020_HAB,UK,2010,21446,
ESTAT:SDG_10_20(1.0),26/01/24 23:00:00,A,PPS_EU27_2020_HAB,UK,2011,21406,
ESTAT:SDG_10_20(1.0),26/01/24 23:00:00,A,PPS_EU27_2020_HAB,UK,2012,21915,
ESTAT:SDG_10_20(1.0),26/01/24 23:00:00,A,PPS_EU27_2020_HAB,UK,2013,21879,
ESTAT:SDG_10_20(1.0),26/01/24 23:00:00,A,PPS_EU27_2020_HAB,UK,2014,22165,
ESTAT:SDG_10_20(1.0),26/01/24 23:00:00,A,PPS_EU27_2020_HAB,UK,2015,23091,
ESTAT:SDG_10_20(1.0),26/01/24 23:00:00,A,PPS_EU27_2020_HAB,UK,2016,22874,
ESTAT:SDG_10_20(1.0),26/01/24 23:00:00,A,PPS_EU27_2020_HAB,UK,2017,23157,
ESTAT:SDG_10_20(1.0),26/01/24 23:00:00,A,PPS_EU27_2020_HAB,UK,2018,23669,
ESTAT:SDG_10_20(1.0),26/01/24 23:00:00,A,PPS_EU27_2020_HAB,UK,2019,24508,
