DATAFLOW,LAST UPDATE,freq,unit,subjnmon,hhtyp,incgrp,geo,TIME_PERIOD,OBS_VALUE,OBS_FLAG
ESTAT:ILC_MDES09(1.0),15/02/24 11:00:00,A,PC,EM_GD,TOTAL,TOTAL,AL,2017,24.3,
ESTAT:ILC_MDES09(1.0),15/02/24 11:00:00,A,PC,EM_GD,TOTAL,TOTAL,AL,2018,20.4,
ESTAT:ILC_MDES09(1.0),15/02/24 11:00:00,A,PC,EM_GD,TOTAL,TOTAL,AL,2019,20.1,
ESTAT:ILC_MDES09(1.0),15/02/24 11:00:00,A,PC,EM_GD,TOTAL,TOTAL,AL,2020,21.1,
ESTAT:ILC_MDES09(1.0),15/02/24 11:00:00,A,PC,EM_GD,TOTAL,TOTAL,AL,2021,18.1,
ESTAT:ILC_MDES09(1.0),15/02/24 11:00:00,A,PC,EM_GD,TOTAL,TOTAL,AT,2003,3.8,
ESTAT:ILC_MDES09(1.0),15/02/24 11:00:00,A,PC,EM_GD,TOTAL,TOTAL,AT,2004,3.6,
ESTAT:ILC_MDES09(1.0),15/02/24 11:00:00,A,PC,EM_GD,TOTAL,TOTAL,AT,2005,3.0,
ESTAT:ILC_MDES09(1.0),15/02/24 11:00:00,A,PC,EM_GD,TOTAL,TOTAL,AT,2006,2.4,
ESTAT:ILC_MDES09(1.0),15/02/24 11:00:00,A,PC,EM_GD,TOTAL,TOTAL,AT,2007,3.3,
ESTAT:ILC_MDES09(1.0),15/02/24 11:00:00,A,PC,EM_GD,TOTAL,TOTAL,AT,2008,4.6,
ESTAT:ILC_MDES09(1.0),15/02/24 11:00:00,A,PC,EM_GD,TOTAL,TOTAL,AT,2009,5.4,
ESTAT:ILC_MDES09(1.0),15/02/24 11:00:00,A,PC,EM_GD,TOTAL,TOTAL,AT,2010,5.9,
ESTAT:ILC_MDES09(1.0),15/02/24 11:00:00,A,PC,EM_GD,TOTAL,TOTAL,AT,2011,5.5,
ESTAT:ILC_MDES09(1.0),15/02/24 11:00:00,A,PC,EM_GD,TOTAL,TOTAL,AT,2012,6.0,
ESTAT:ILC_MDES09(1.0),15/02/24 11:00:00,A,PC,EM_GD,TOTAL,TOTAL,AT,2013,5.4,
ESTAT:ILC_MDES09(1.0),15/02/24 11:00:00,A,PC,EM_GD,TOTAL,TOTAL,AT,2014,5.6,
ESTAT:ILC_MDES09(1.0),15/02/24 11:00:00,A,PC,EM_GD,TOTAL,TOTAL,AT,2015,5.3,
ESTAT:ILC_MDES09(1.0),15/02/24 11:00:00,A,PC,EM_GD,TOTAL,TOTAL,AT,2016,4.3,
ESTAT:ILC_MDES09(1.0),15/02/24 11:00:00,A,PC,EM_GD,TOTAL,TOTAL,AT,2017,4.5,
ESTAT:ILC_MDES09(1.0),15/02/24 11:00:00,A,PC,EM_GD,TOTAL,TOTAL,AT,2018,4.5,
ESTAT:ILC_MDES09(1.0),15/02/24 11:00:00,A,PC,EM_GD,TOTAL,TOTAL,AT,2019,4.0,
ESTAT:ILC_MDES09(1.0),15/02/24 11:00:00,A,PC,EM_GD,TOTAL,TOTAL,AT,2020,3.9,
ESTAT:ILC_MDES09(1.0),15/02/24 11:00:00,A,PC,EM_GD,TOTAL,TOTAL,AT,2021,4.0,
ESTAT:ILC_MDES09(1.0),15/02/24 11:00:00,A,PC,EM_GD,TOTAL,TOTAL,AT,2022,4.7,
ESTAT:ILC_MDES09(1.0),15/02/24 11:00:00,A,PC,EM_GD,TOTAL,TOTAL,BE,2003,6.6,
ESTAT:ILC_MDES09(1.0),15/02/24 11:00:00,A,PC,EM_GD,TOTAL,TOTAL,BE,2004,7.0,
ESTAT:ILC_MDES09(1.0),15/02/24 11:00:00,A,PC,EM_GD,TOTAL,TOTAL,BE,2005,6.0,
ESTAT:ILC_MDES09(1.0),15/02/24 11:00:00,A,PC,EM_GD,TOTAL,TOTAL,BE,2006,5.7,
ESTAT:ILC_MDES09(1.0),15/02/24 11:00:00,A,PC,EM_GD,TOTAL,TOTAL,BE,2007,5.6,
ESTAT:ILC_MDES09(1.0),15/02/24 11:00:00,A,PC,EM_GD,TOTAL,TOTAL,BE,2008,7.5,
ESTAT:ILC_MDES09(1.0),15/02/24 11:00:00,A,PC,EM_GD,TOTAL,TOTAL,BE,2009,8.3,
ESTAT:ILC_MDES09(1.0),15/02/24 11:00:00,A,PC,EM_GD,TOTAL,TOTAL,BE,2010,7.7,
ESTAT:ILC_MDES09(1.0),15/02/24 11:00:00,A,PC,EM_GD,TOTAL,TOTAL,BE,2011,8.8,
ESTAT:ILC_MDES09(1.0),15/02/24 11:00:00,A,PC,EM_GD,TOTAL,TOTAL,BE,2012,8.3,
ESTAT:ILC_MDES09(1.0),15/02/24 11:00:00,A,PC,EM_GD,TOTAL,TOTAL,BE,2013,8.8,
ESTAT:ILC_MDES09(1.0),15/02/24 11:00:00,A,PC,EM_GD,TOTAL,TOTAL,BE,2014,7.9,
ESTAT:ILC_MDES09(1.0),15/02/24 11:00:00,A,PC,EM_GD,TOTAL,TOTAL,BE,2015,8.6,
ESTAT:ILC_MDES09(1.0),15/02/24 11:00:00,A,PC,EM_GD,TOTAL,TOTAL,BE,2016,9.3,
ESTAT:ILC_MDES09(1.0),15/02/24 11:00:00,A,PC,EM_GD,TOTAL,TOTAL,BE,2017,8.6,
ESTAT:ILC_MDES09(1.0),15/02/24 11:00:00,A,PC,EM_GD,TOTAL,TOTAL,BE,2018,8.1,
ESTAT:ILC_MDES09(1.0),15/02/24 11:00:00,A,PC,EM_GD,TOTAL,TOTAL,BE,2019,8.9,b
ESTAT:ILC_MDES09(1.0),15/02/24 11:00:00,A,PC,EM_GD,TOTAL,TOTAL,BE,2020,7.8,
ESTAT:ILC_MDES09(1.0),15/02/24 11:00:00,A,PC,EM_GD,TOTAL,TOTAL,BE,2021,6.6,
ESTAT:ILC_MDES09(1.0),15/02/24 11:00:00,A,PC,EM_GD,TOTAL,TOTAL,BE,2022,6.9,
ESTAT:ILC_MDES09(1.0),15/02/24 11:00:00,A,PC,EM_GD,TOTAL,TOTAL,BE,2023,6.0,
ESTAT:ILC_MDES09(1.0),15/02/24 11:00:00,A,PC,EM_GD,TOTAL,TOTAL,BG,2005,35.7,
ESTAT:ILC_MDES09(1.0),15/02/24 11:00:00,A,PC,EM_GD,TOTAL,TOTAL,BG,2006,35.7,
ESTAT:ILC_MDES09(1.0),15/02/24 11:00:00,A,PC,EM_GD,TOTAL,TOTAL,BG,2007,33.3,
ESTAT:ILC_MDES09(1.0),15/02/24 11:00:00,A,PC,EM_GD,TOTAL,TOTAL,BG,2008,31.1,
ESTAT:ILC_MDES09(1.0),15/02/24 11:00:00,A,PC,EM_GD,TOTAL,TOTAL,BG,2009,27.8,
ESTAT:ILC_MDES09(1.0),15/02/24 11:00:00,A,PC,EM_GD,TOTAL,TOTAL,BG,2010,29.0,
ESTAT:ILC_MDES09(1.0),15/02/24 11:00:00,A,PC,EM_GD,TOTAL,TOTAL,BG,2011,27.8,
ESTAT:ILC_MDES09(1.0),15/02/24 11:00:00,A,PC,EM_GD,TOTAL,TOTAL,BG,2012,32.8,
ESTAT:ILC_MDES09(1.0),15/02/24 11:00:00,A,PC,EM_GD,TOTAL,TOTAL,BG,2013,32.9,
ESTAT:ILC_MDES09(1.0),15/02/24 11:00:00,A,PC,EM_GD,TOTAL,TOTAL,BG,2014,31.7,b
ESTAT:ILC_MDES09(1.0),15/02/24 11:00:00,A,PC,EM_GD,TOTAL,TOTAL,BG,2015,30.6,
ESTAT:ILC_MDES09(1.0),15/02/24 11:00:00,A,PC,EM_GD,TOTAL,TOTAL,BG,2016,28.9,b
ESTAT:ILC_MDES09(1.0),15/02/24 11:00:00,A,PC,EM_GD,TOTAL,TOTAL,BG,2017,28.0,
ESTAT:ILC_MDES09(1.0),15/02/24 11:00:00,A,PC,EM_GD,TOTAL,TOTAL,BG,2018,26.5,
ESTAT:ILC_MDES09(1.0),15/02/24 11:00:00,A,PC,EM_GD,TOTAL,TOTAL,BG,2019,23.7,
ESTAT:ILC_MDES09(1.0),15/02/24 11:00:00,A,PC,EM_GD,TOTAL,TOTAL,BG,2020,18.6,
ESTAT:ILC_MDES09(1.0),15/02/24 11:00:00,A,PC,EM_GD,TOTAL,TOTAL,BG,2021,13.7,
ESTAT:ILC_MDES09(1.0),15/02/24 11:00:00,A,PC,EM_GD,TOTAL,TOTAL,BG,2022,14.0,
ESTAT:ILC_MDES09(1.0),15/02/24 11:00:00,A,PC,EM_GD,TOTAL,TOTAL,BG,2023,10.1,
ESTAT:ILC_MDES09(1.0),15/02/24 11:00:00,A,PC,EM_GD,TOTAL,TOTAL,CH,2007,2.2,
ESTAT:ILC_MDES09(1.0),15/02/24 11:00:00,A,PC,EM_GD,TOTAL,TOTAL,CH,2008,2.3,
ESTAT:ILC_MDES09(1.0),15/02/24 11:00:00,A,PC,EM_GD,TOTAL,TOTAL,CH,2009,3.6,
ESTAT:ILC_MDES09(1.0),15/02/24 11:00:00,A,PC,EM_GD,TOTAL,TOTAL,CH,2010,3.9,
ESTAT:ILC_MDES09(1.0),15/02/24 11:00:00,A,PC,EM_GD,TOTAL,TOTAL,CH,2011,3.5,
ESTAT:ILC_MDES09(1.0),15/02/24 11:00:00,A,PC,EM_GD,TOTAL,TOTAL,CH,2012,3.4,
ESTAT:ILC_MDES09(1.0),15/02/24 11:00:00,A,PC,EM_GD,TOTAL,TOTAL,CH,2013,3.3,
ESTAT:ILC_MDES09(1.0),15/02/24 11:00:00,A,PC,EM_GD,TOTAL,TOTAL,CH,2014,3.6,b
ESTAT:ILC_MDES09(1.0),15/02/24 11:00:00,A,PC,EM_GD,TOTAL,TOTAL,CH,2015,2.8,
ESTAT:ILC_MDES09(1.0),15/02/24 11:00:00,A,PC,EM_GD,TOTAL,TOTAL,CH,2016,3.7,
ESTAT:ILC_MDES09(1.0),15/02/24 11:00:00,A,PC,EM_GD,TOTAL,TOTAL,CH,2017,3.2,
ESTAT:ILC_MDES09(1.0),15/02/24 11:00:00,A,PC,EM_GD,TOTAL,TOTAL,CH,2018,4.4,
ESTAT:ILC_MDES09(1.0),15/02/24 11:00:00,A,PC,EM_GD,TOTAL,TOTAL,CH,2019,3.8,
ESTAT:ILC_MDES09(1.0),15/02/24 11:00:00,A,PC,EM_GD,TOTAL,TOTAL,CH,2020,2.9,
ESTAT:ILC_MDES09(1.0),15/02/24 11:00:00,A,PC,EM_GD,TOTAL,TOTAL,CH,2021,2.4,
ESTAT:ILC_MDES09(1.0),15/02/24 11:00:00,A,PC,EM_GD,TOTAL,TOTAL,CH,2022,2.5,
ESTAT:ILC_MDES09(1.0),15/02/24 11:00:00,A,PC,EM_GD,TOTAL,TOTAL,CY,2005,14.4,
ESTAT:ILC_MDES09(1.0),15/02/24 11:00:00,A,PC,EM_GD,TOTAL,TOTAL,CY,2006,18.7,
ESTAT:ILC_MDES09(1.0),15/02/24 11:00:00,A,PC,EM_GD,TOTAL,TOTAL,CY,2007,17.3,
ESTAT:ILC_MDES09(1.0),15/02/24 11:00:00,A,PC,EM_GD,TOTAL,TOTAL,CY,2008,21.0,
ESTAT:ILC_MDES09(1.0),15/02/24 11:00:00,A,PC,EM_GD,TOTAL,TOTAL,CY,2009,20.1,
ESTAT:ILC_MDES09(1.0),15/02/24 11:00:00,A,PC,EM_GD,TOTAL,TOTAL,CY,2010,23.3,
ESTAT:ILC_MDES09(1.0),15/02/24 11:00:00,A,PC,EM_GD,TOTAL,TOTAL,CY,2011,26.3,
ESTAT:ILC_MDES09(1.0),15/02/24 11:00:00,A,PC,EM_GD,TOTAL,TOTAL,CY,2012,22.3,
ESTAT:ILC_MDES09(1.0),15/02/24 11:00:00,A,PC,EM_GD,TOTAL,TOTAL,CY,2013,32.1,
ESTAT:ILC_MDES09(1.0),15/02/24 11:00:00,A,PC,EM_GD,TOTAL,TOTAL,CY,2014,32.1,
ESTAT:ILC_MDES09(1.0),15/02/24 11:00:00,A,PC,EM_GD,TOTAL,TOTAL,CY,2015,32.0,
ESTAT:ILC_MDES09(1.0),15/02/24 11:00:00,A,PC,EM_GD,TOTAL,TOTAL,CY,2016,29.4,
ESTAT:ILC_MDES09(1.0),15/02/24 11:00:00,A,PC,EM_GD,TOTAL,TOTAL,CY,2017,22.2,
ESTAT:ILC_MDES09(1.0),15/02/24 11:00:00,A,PC,EM_GD,TOTAL,TOTAL,CY,2018,20.7,
ESTAT:ILC_MDES09(1.0),15/02/24 11:00:00,A,PC,EM_GD,TOTAL,TOTAL,CY,2019,16.9,
ESTAT:ILC_MDES09(1.0),15/02/24 11:00:00,A,PC,EM_GD,TOTAL,TOTAL,CY,2020,11.2,
ESTAT:ILC_MDES09(1.0),15/02/24 11:00:00,A,PC,EM_GD,TOTAL,TOTAL,CY,2021,11.4,
ESTAT:ILC_MDES09(1.0),15/02/24 11:00:00,A,PC,EM_GD,TOTAL,TOTAL,CY,2022,9.8,
ESTAT:ILC_MDES09(1.0),15/02/24 11:00:00,A,PC,EM_GD,TOTAL,TOTAL,CZ,2005,10.6,
ESTAT:ILC_MDES09(1.0),15/02/24 11:00:00,A,PC,EM_GD,TOTAL,TOTAL,CZ,2006,9.0,
ESTAT:ILC_MDES09(1.0),15/02/24 11:00:00,A,PC,EM_GD,TOTAL,TOTAL,CZ,2007,7.4,
ESTAT:ILC_MDES09(1.0),15/02/24 11:00:00,A,PC,EM_GD,TOTAL,TOTAL,CZ,2008,7.8,
ESTAT:ILC_MDES09(1.0),15/02/24 11:00:00,A,PC,EM_GD,TOTAL,TOTAL,CZ,2009,7.9,
ESTAT:ILC_MDES09(1.0),15/02/24 11:00:00,A,PC,EM_GD,TOTAL,TOTAL,CZ,2010,8.4,
ESTAT:ILC_MDES09(1.0),15/02/24 11:00:00,A,PC,EM_GD,TOTAL,TOTAL,CZ,2011,8.7,
ESTAT:ILC_MDES09(1.0),15/02/24 11:00:00,A,PC,EM_GD,TOTAL,TOTAL,CZ,2012,9.3,
ESTAT:ILC_MDES09(1.0),15/02/24 11:00:00,A,PC,EM_GD,TOTAL,TOTAL,CZ,2013,9.1,
ESTAT:ILC_MDES09(1.0),15/02/24 11:00:00,A,PC,EM_GD,TOTAL,TOTAL,CZ,2014,9.3,
ESTAT:ILC_MDES09(1.0),15/02/24 11:00:00,A,PC,EM_GD,TOTAL,TOTAL,CZ,2015,7.8,
ESTAT:ILC_MDES09(1.0),15/02/24 11:00:00,A,PC,EM_GD,TOTAL,TOTAL,CZ,2016,7.1,
ESTAT:ILC_MDES09(1.0),15/02/24 11:00:00,A,PC,EM_GD,TOTAL,TOTAL,CZ,2017,7.4,
ESTAT:ILC_MDES09(1.0),15/02/24 11:00:00,A,PC,EM_GD,TOTAL,TOTAL,CZ,2018,4.5,
ESTAT:ILC_MDES09(1.0),15/02/24 11:00:00,A,PC,EM_GD,TOTAL,TOTAL,CZ,2019,3.3,
ESTAT:ILC_MDES09(1.0),15/02/24 11:00:00,A,PC,EM_GD,TOTAL,TOTAL,CZ,2020,3.0,
ESTAT:ILC_MDES09(1.0),15/02/24 11:00:00,A,PC,EM_GD,TOTAL,TOTAL,CZ,2021,3.2,
ESTAT:ILC_MDES09(1.0),15/02/24 11:00:00,A,PC,EM_GD,TOTAL,TOTAL,CZ,2022,3.1,
ESTAT:ILC_MDES09(1.0),15/02/24 11:00:00,A,PC,EM_GD,TOTAL,TOTAL,DE,2005,3.3,
ESTAT:ILC_MDES09(1.0),15/02/24 11:00:00,A,PC,EM_GD,TOTAL,TOTAL,DE,2006,2.7,
ESTAT:ILC_MDES09(1.0),15/02/24 11:00:00,A,PC,EM_GD,TOTAL,TOTAL,DE,2007,2.0,
ESTAT:ILC_MDES09(1.0),15/02/24 11:00:00,A,PC,EM_GD,TOTAL,TOTAL,DE,2008,2.1,
ESTAT:ILC_MDES09(1.0),15/02/24 11:00:00,A,PC,EM_GD,TOTAL,TOTAL,DE,2009,3.3,
ESTAT:ILC_MDES09(1.0),15/02/24 11:00:00,A,PC,EM_GD,TOTAL,TOTAL,DE,2010,2.8,
ESTAT:ILC_MDES09(1.0),15/02/24 11:00:00,A,PC,EM_GD,TOTAL,TOTAL,DE,2011,3.1,
ESTAT:ILC_MDES09(1.0),15/02/24 11:00:00,A,PC,EM_GD,TOTAL,TOTAL,DE,2012,3.0,
ESTAT:ILC_MDES09(1.0),15/02/24 11:00:00,A,PC,EM_GD,TOTAL,TOTAL,DE,2013,3.0,
ESTAT:ILC_MDES09(1.0),15/02/24 11:00:00,A,PC,EM_GD,TOTAL,TOTAL,DE,2014,2.8,
ESTAT:ILC_MDES09(1.0),15/02/24 11:00:00,A,PC,EM_GD,TOTAL,TOTAL,DE,2015,2.6,
ESTAT:ILC_MDES09(1.0),15/02/24 11:00:00,A,PC,EM_GD,TOTAL,TOTAL,DE,2016,2.3,
ESTAT:ILC_MDES09(1.0),15/02/24 11:00:00,A,PC,EM_GD,TOTAL,TOTAL,DE,2017,2.1,
ESTAT:ILC_MDES09(1.0),15/02/24 11:00:00,A,PC,EM_GD,TOTAL,TOTAL,DE,2018,1.7,
ESTAT:ILC_MDES09(1.0),15/02/24 11:00:00,A,PC,EM_GD,TOTAL,TOTAL,DE,2019,1.4,
ESTAT:ILC_MDES09(1.0),15/02/24 11:00:00,A,PC,EM_GD,TOTAL,TOTAL,DE,2020,1.7,bu
ESTAT:ILC_MDES09(1.0),15/02/24 11:00:00,A,PC,EM_GD,TOTAL,TOTAL,DE,2021,2.1,u
ESTAT:ILC_MDES09(1.0),15/02/24 11:00:00,A,PC,EM_GD,TOTAL,TOTAL,DE,2022,2.7,u
ESTAT:ILC_MDES09(1.0),15/02/24 11:00:00,A,PC,EM_GD,TOTAL,TOTAL,DK,2003,3.2,
ESTAT:ILC_MDES09(1.0),15/02/24 11:00:00,A,PC,EM_GD,TOTAL,TOTAL,DK,2004,3.3,
ESTAT:ILC_MDES09(1.0),15/02/24 11:00:00,A,PC,EM_GD,TOTAL,TOTAL,DK,2005,2.6,
ESTAT:ILC_MDES09(1.0),15/02/24 11:00:00,A,PC,EM_GD,TOTAL,TOTAL,DK,2006,2.8,
ESTAT:ILC_MDES09(1.0),15/02/24 11:00:00,A,PC,EM_GD,TOTAL,TOTAL,DK,2007,2.9,
ESTAT:ILC_MDES09(1.0),15/02/24 11:00:00,A,PC,EM_GD,TOTAL,TOTAL,DK,2008,3.0,
ESTAT:ILC_MDES09(1.0),15/02/24 11:00:00,A,PC,EM_GD,TOTAL,TOTAL,DK,2009,3.5,
ESTAT:ILC_MDES09(1.0),15/02/24 11:00:00,A,PC,EM_GD,TOTAL,TOTAL,DK,2010,3.7,
ESTAT:ILC_MDES09(1.0),15/02/24 11:00:00,A,PC,EM_GD,TOTAL,TOTAL,DK,2011,4.0,
ESTAT:ILC_MDES09(1.0),15/02/24 11:00:00,A,PC,EM_GD,TOTAL,TOTAL,DK,2012,3.0,
ESTAT:ILC_MDES09(1.0),15/02/24 11:00:00,A,PC,EM_GD,TOTAL,TOTAL,DK,2013,4.6,
ESTAT:ILC_MDES09(1.0),15/02/24 11:00:00,A,PC,EM_GD,TOTAL,TOTAL,DK,2014,4.4,
ESTAT:ILC_MDES09(1.0),15/02/24 11:00:00,A,PC,EM_GD,TOTAL,TOTAL,DK,2015,3.5,
ESTAT:ILC_MDES09(1.0),15/02/24 11:00:00,A,PC,EM_GD,TOTAL,TOTAL,DK,2016,3.2,
ESTAT:ILC_MDES09(1.0),15/02/24 11:00:00,A,PC,EM_GD,TOTAL,TOTAL,DK,2017,3.4,
ESTAT:ILC_MDES09(1.0),15/02/24 11:00:00,A,PC,EM_GD,TOTAL,TOTAL,DK,2018,3.5,
ESTAT:ILC_MDES09(1.0),15/02/24 11:00:00,A,PC,EM_GD,TOTAL,TOTAL,DK,2019,3.2,
ESTAT:ILC_MDES09(1.0),15/02/24 11:00:00,A,PC,EM_GD,TOTAL,TOTAL,DK,2020,3.2,
ESTAT:ILC_MDES09(1.0),15/02/24 11:00:00,A,PC,EM_GD,TOTAL,TOTAL,DK,2021,2.8,
ESTAT:ILC_MDES09(1.0),15/02/24 11:00:00,A,PC,EM_GD,TOTAL,TOTAL,DK,2022,3.2,
ESTAT:ILC_MDES09(1.0),15/02/24 11:00:00,A,PC,EM_GD,TOTAL,TOTAL,EE,2004,1.4,
ESTAT:ILC_MDES09(1.0),15/02/24 11:00:00,A,PC,EM_GD,TOTAL,TOTAL,EE,2005,1.0,
ESTAT:ILC_MDES09(1.0),15/02/24 11:00:00,A,PC,EM_GD,TOTAL,TOTAL,EE,2006,4.7,
ESTAT:ILC_MDES09(1.0),15/02/24 11:00:00,A,PC,EM_GD,TOTAL,TOTAL,EE,2007,3.4,
ESTAT:ILC_MDES09(1.0),15/02/24 11:00:00,A,PC,EM_GD,TOTAL,TOTAL,EE,2008,3.1,
ESTAT:ILC_MDES09(1.0),15/02/24 11:00:00,A,PC,EM_GD,TOTAL,TOTAL,EE,2009,7.9,
ESTAT:ILC_MDES09(1.0),15/02/24 11:00:00,A,PC,EM_GD,TOTAL,TOTAL,EE,2010,8.5,
ESTAT:ILC_MDES09(1.0),15/02/24 11:00:00,A,PC,EM_GD,TOTAL,TOTAL,EE,2011,8.5,
ESTAT:ILC_MDES09(1.0),15/02/24 11:00:00,A,PC,EM_GD,TOTAL,TOTAL,EE,2012,8.5,
ESTAT:ILC_MDES09(1.0),15/02/24 11:00:00,A,PC,EM_GD,TOTAL,TOTAL,EE,2013,7.5,
ESTAT:ILC_MDES09(1.0),15/02/24 11:00:00,A,PC,EM_GD,TOTAL,TOTAL,EE,2014,6.5,b
ESTAT:ILC_MDES09(1.0),15/02/24 11:00:00,A,PC,EM_GD,TOTAL,TOTAL,EE,2015,4.9,
ESTAT:ILC_MDES09(1.0),15/02/24 11:00:00,A,PC,EM_GD,TOTAL,TOTAL,EE,2016,4.9,
ESTAT:ILC_MDES09(1.0),15/02/24 11:00:00,A,PC,EM_GD,TOTAL,TOTAL,EE,2017,3.7,
ESTAT:ILC_MDES09(1.0),15/02/24 11:00:00,A,PC,EM_GD,TOTAL,TOTAL,EE,2018,4.3,
ESTAT:ILC_MDES09(1.0),15/02/24 11:00:00,A,PC,EM_GD,TOTAL,TOTAL,EE,2019,2.7,
ESTAT:ILC_MDES09(1.0),15/02/24 11:00:00,A,PC,EM_GD,TOTAL,TOTAL,EE,2020,2.1,
ESTAT:ILC_MDES09(1.0),15/02/24 11:00:00,A,PC,EM_GD,TOTAL,TOTAL,EE,2021,2.0,
ESTAT:ILC_MDES09(1.0),15/02/24 11:00:00,A,PC,EM_GD,TOTAL,TOTAL,EE,2022,2.7,
ESTAT:ILC_MDES09(1.0),15/02/24 11:00:00,A,PC,EM_GD,TOTAL,TOTAL,EE,2023,2.7,
ESTAT:ILC_MDES09(1.0),15/02/24 11:00:00,A,PC,EM_GD,TOTAL,TOTAL,EL,2003,17.7,
ESTAT:ILC_MDES09(1.0),15/02/24 11:00:00,A,PC,EM_GD,TOTAL,TOTAL,EL,2004,14.2,
ESTAT:ILC_MDES09(1.0),15/02/24 11:00:00,A,PC,EM_GD,TOTAL,TOTAL,EL,2005,17.1,
ESTAT:ILC_MDES09(1.0),15/02/24 11:00:00,A,PC,EM_GD,TOTAL,TOTAL,EL,2006,18.4,
ESTAT:ILC_MDES09(1.0),15/02/24 11:00:00,A,PC,EM_GD,TOTAL,TOTAL,EL,2007,18.8,
ESTAT:ILC_MDES09(1.0),15/02/24 11:00:00,A,PC,EM_GD,TOTAL,TOTAL,EL,2008,20.0,
ESTAT:ILC_MDES09(1.0),15/02/24 11:00:00,A,PC,EM_GD,TOTAL,TOTAL,EL,2009,22.3,
ESTAT:ILC_MDES09(1.0),15/02/24 11:00:00,A,PC,EM_GD,TOTAL,TOTAL,EL,2010,24.2,
ESTAT:ILC_MDES09(1.0),15/02/24 11:00:00,A,PC,EM_GD,TOTAL,TOTAL,EL,2011,25.6,
ESTAT:ILC_MDES09(1.0),15/02/24 11:00:00,A,PC,EM_GD,TOTAL,TOTAL,EL,2012,35.0,
ESTAT:ILC_MDES09(1.0),15/02/24 11:00:00,A,PC,EM_GD,TOTAL,TOTAL,EL,2013,39.6,
ESTAT:ILC_MDES09(1.0),15/02/24 11:00:00,A,PC,EM_GD,TOTAL,TOTAL,EL,2014,39.5,
ESTAT:ILC_MDES09(1.0),15/02/24 11:00:00,A,PC,EM_GD,TOTAL,TOTAL,EL,2015,38.2,
ESTAT:ILC_MDES09(1.0),15/02/24 11:00:00,A,PC,EM_GD,TOTAL,TOTAL,EL,2016,40.6,
ESTAT:ILC_MDES09(1.0),15/02/24 11:00:00,A,PC,EM_GD,TOTAL,TOTAL,EL,2017,39.9,
ESTAT:ILC_MDES09(1.0),15/02/24 11:00:00,A,PC,EM_GD,TOTAL,TOTAL,EL,2018,38.2,
ESTAT:ILC_MDES09(1.0),15/02/24 11:00:00,A,PC,EM_GD,TOTAL,TOTAL,EL,2019,37.7,
ESTAT:ILC_MDES09(1.0),15/02/24 11:00:00,A,PC,EM_GD,TOTAL,TOTAL,EL,2020,36.1,
ESTAT:ILC_MDES09(1.0),15/02/24 11:00:00,A,PC,EM_GD,TOTAL,TOTAL,EL,2021,39.0,
ESTAT:ILC_MDES09(1.0),15/02/24 11:00:00,A,PC,EM_GD,TOTAL,TOTAL,EL,2022,36.8,
ESTAT:ILC_MDES09(1.0),15/02/24 11:00:00,A,PC,EM_GD,TOTAL,TOTAL,ES,2004,11.7,
ESTAT:ILC_MDES09(1.0),15/02/24 11:00:00,A,PC,EM_GD,TOTAL,TOTAL,ES,2005,11.1,
ESTAT:ILC_MDES09(1.0),15/02/24 11:00:00,A,PC,EM_GD,TOTAL,TOTAL,ES,2006,12.1,
ESTAT:ILC_MDES09(1.0),15/02/24 11:00:00,A,PC,EM_GD,TOTAL,TOTAL,ES,2007,11.1,
ESTAT:ILC_MDES09(1.0),15/02/24 11:00:00,A,PC,EM_GD,TOTAL,TOTAL,ES,2008,13.7,
ESTAT:ILC_MDES09(1.0),15/02/24 11:00:00,A,PC,EM_GD,TOTAL,TOTAL,ES,2009,16.2,
ESTAT:ILC_MDES09(1.0),15/02/24 11:00:00,A,PC,EM_GD,TOTAL,TOTAL,ES,2010,15.5,
ESTAT:ILC_MDES09(1.0),15/02/24 11:00:00,A,PC,EM_GD,TOTAL,TOTAL,ES,2011,11.1,
ESTAT:ILC_MDES09(1.0),15/02/24 11:00:00,A,PC,EM_GD,TOTAL,TOTAL,ES,2012,14.7,
ESTAT:ILC_MDES09(1.0),15/02/24 11:00:00,A,PC,EM_GD,TOTAL,TOTAL,ES,2013,18.6,
ESTAT:ILC_MDES09(1.0),15/02/24 11:00:00,A,PC,EM_GD,TOTAL,TOTAL,ES,2014,17.5,
ESTAT:ILC_MDES09(1.0),15/02/24 11:00:00,A,PC,EM_GD,TOTAL,TOTAL,ES,2015,14.8,
ESTAT:ILC_MDES09(1.0),15/02/24 11:00:00,A,PC,EM_GD,TOTAL,TOTAL,ES,2016,16.6,
ESTAT:ILC_MDES09(1.0),15/02/24 11:00:00,A,PC,EM_GD,TOTAL,TOTAL,ES,2017,9.5,
ESTAT:ILC_MDES09(1.0),15/02/24 11:00:00,A,PC,EM_GD,TOTAL,TOTAL,ES,2018,10.4,
ESTAT:ILC_MDES09(1.0),15/02/24 11:00:00,A,PC,EM_GD,TOTAL,TOTAL,ES,2019,7.8,
ESTAT:ILC_MDES09(1.0),15/02/24 11:00:00,A,PC,EM_GD,TOTAL,TOTAL,ES,2020,10.0,
ESTAT:ILC_MDES09(1.0),15/02/24 11:00:00,A,PC,EM_GD,TOTAL,TOTAL,ES,2021,8.8,
ESTAT:ILC_MDES09(1.0),15/02/24 11:00:00,A,PC,EM_GD,TOTAL,TOTAL,ES,2022,8.7,
ESTAT:ILC_MDES09(1.0),15/02/24 11:00:00,A,PC,EM_GD,TOTAL,TOTAL,FI,2004,3.3,
ESTAT:ILC_MDES09(1.0),15/02/24 11:00:00,A,PC,EM_GD,TOTAL,TOTAL,FI,2005,3.1,
ESTAT:ILC_MDES09(1.0),15/02/24 11:00:00,A,PC,EM_GD,TOTAL,TOTAL,FI,2006,2.6,
ESTAT:ILC_MDES09(1.0),15/02/24 11:00:00,A,PC,EM_GD,TOTAL,TOTAL,FI,2007,2.6,
ESTAT:ILC_MDES09(1.0),15/02/24 11:00:00,A,PC,EM_GD,TOTAL,TOTAL,FI,2008,2.9,
ESTAT:ILC_MDES09(1.0),15/02/24 11:00:00,A,PC,EM_GD,TOTAL,TOTAL,FI,2009,2.3,
ESTAT:ILC_MDES09(1.0),15/02/24 11:00:00,A,PC,EM_GD,TOTAL,TOTAL,FI,2010,2.4,
ESTAT:ILC_MDES09(1.0),15/02/24 11:00:00,A,PC,EM_GD,TOTAL,TOTAL,FI,2011,2.6,
ESTAT:ILC_MDES09(1.0),15/02/24 11:00:00,A,PC,EM_GD,TOTAL,TOTAL,FI,2012,2.3,
ESTAT:ILC_MDES09(1.0),15/02/24 11:00:00,A,PC,EM_GD,TOTAL,TOTAL,FI,2013,2.2,
ESTAT:ILC_MDES09(1.0),15/02/24 11:00:00,A,PC,EM_GD,TOTAL,TOTAL,FI,2014,2.7,
ESTAT:ILC_MDES09(1.0),15/02/24 11:00:00,A,PC,EM_GD,TOTAL,TOTAL,FI,2015,2.5,
ESTAT:ILC_MDES09(1.0),15/02/24 11:00:00,A,PC,EM_GD,TOTAL,TOTAL,FI,2016,2.3,
ESTAT:ILC_MDES09(1.0),15/02/24 11:00:00,A,PC,EM_GD,TOTAL,TOTAL,FI,2017,2.3,
ESTAT:ILC_MDES09(1.0),15/02/24 11:00:00,A,PC,EM_GD,TOTAL,TOTAL,FI,2018,2.3,
ESTAT:ILC_MDES09(1.0),15/02/24 11:00:00,A,PC,EM_GD,TOTAL,TOTAL,FI,2019,2.1,
ESTAT:ILC_MDES09(1.0),15/02/24 11:00:00,A,PC,EM_GD,TOTAL,TOTAL,FI,2020,2.5,
ESTAT:ILC_MDES09(1.0),15/02/24 11:00:00,A,PC,EM_GD,TOTAL,TOTAL,FI,2021,2.1,
ESTAT:ILC_MDES09(1.0),15/02/24 11:00:00,A,PC,EM_GD,TOTAL,TOTAL,FI,2022,2.0,
ESTAT:ILC_MDES09(1.0),15/02/24 11:00:00,A,PC,EM_GD,TOTAL,TOTAL,FR,2004,6.1,
ESTAT:ILC_MDES09(1.0),15/02/24 11:00:00,A,PC,EM_GD,TOTAL,TOTAL,FR,2005,3.1,
ESTAT:ILC_MDES09(1.0),15/02/24 11:00:00,A,PC,EM_GD,TOTAL,TOTAL,FR,2006,2.9,
ESTAT:ILC_MDES09(1.0),15/02/24 11:00:00,A,PC,EM_GD,TOTAL,TOTAL,FR,2007,3.3,
ESTAT:ILC_MDES09(1.0),15/02/24 11:00:00,A,PC,EM_GD,TOTAL,TOTAL,FR,2008,2.9,
ESTAT:ILC_MDES09(1.0),15/02/24 11:00:00,A,PC,EM_GD,TOTAL,TOTAL,FR,2009,4.2,
ESTAT:ILC_MDES09(1.0),15/02/24 11:00:00,A,PC,EM_GD,TOTAL,TOTAL,FR,2010,4.4,
ESTAT:ILC_MDES09(1.0),15/02/24 11:00:00,A,PC,EM_GD,TOTAL,TOTAL,FR,2011,4.5,
ESTAT:ILC_MDES09(1.0),15/02/24 11:00:00,A,PC,EM_GD,TOTAL,TOTAL,FR,2012,4.4,
ESTAT:ILC_MDES09(1.0),15/02/24 11:00:00,A,PC,EM_GD,TOTAL,TOTAL,FR,2013,4.6,
ESTAT:ILC_MDES09(1.0),15/02/24 11:00:00,A,PC,EM_GD,TOTAL,TOTAL,FR,2014,4.9,
ESTAT:ILC_MDES09(1.0),15/02/24 11:00:00,A,PC,EM_GD,TOTAL,TOTAL,FR,2015,4.6,
ESTAT:ILC_MDES09(1.0),15/02/24 11:00:00,A,PC,EM_GD,TOTAL,TOTAL,FR,2016,4.2,
ESTAT:ILC_MDES09(1.0),15/02/24 11:00:00,A,PC,EM_GD,TOTAL,TOTAL,FR,2017,4.1,
ESTAT:ILC_MDES09(1.0),15/02/24 11:00:00,A,PC,EM_GD,TOTAL,TOTAL,FR,2018,4.5,
ESTAT:ILC_MDES09(1.0),15/02/24 11:00:00,A,PC,EM_GD,TOTAL,TOTAL,FR,2019,3.7,
ESTAT:ILC_MDES09(1.0),15/02/24 11:00:00,A,PC,EM_GD,TOTAL,TOTAL,FR,2020,6.5,b
ESTAT:ILC_MDES09(1.0),15/02/24 11:00:00,A,PC,EM_GD,TOTAL,TOTAL,FR,2021,5.6,
ESTAT:ILC_MDES09(1.0),15/02/24 11:00:00,A,PC,EM_GD,TOTAL,TOTAL,FR,2022,7.2,b
ESTAT:ILC_MDES09(1.0),15/02/24 11:00:00,A,PC,EM_GD,TOTAL,TOTAL,HR,2010,18.3,
ESTAT:ILC_MDES09(1.0),15/02/24 11:00:00,A,PC,EM_GD,TOTAL,TOTAL,HR,2011,19.7,
ESTAT:ILC_MDES09(1.0),15/02/24 11:00:00,A,PC,EM_GD,TOTAL,TOTAL,HR,2012,22.1,
ESTAT:ILC_MDES09(1.0),15/02/24 11:00:00,A,PC,EM_GD,TOTAL,TOTAL,HR,2013,26.3,
ESTAT:ILC_MDES09(1.0),15/02/24 11:00:00,A,PC,EM_GD,TOTAL,TOTAL,HR,2014,25.2,
ESTAT:ILC_MDES09(1.0),15/02/24 11:00:00,A,PC,EM_GD,TOTAL,TOTAL,HR,2015,22.7,
ESTAT:ILC_MDES09(1.0),15/02/24 11:00:00,A,PC,EM_GD,TOTAL,TOTAL,HR,2016,20.4,
ESTAT:ILC_MDES09(1.0),15/02/24 11:00:00,A,PC,EM_GD,TOTAL,TOTAL,HR,2017,15.5,
ESTAT:ILC_MDES09(1.0),15/02/24 11:00:00,A,PC,EM_GD,TOTAL,TOTAL,HR,2018,14.1,
ESTAT:ILC_MDES09(1.0),15/02/24 11:00:00,A,PC,EM_GD,TOTAL,TOTAL,HR,2019,11.9,
ESTAT:ILC_MDES09(1.0),15/02/24 11:00:00,A,PC,EM_GD,TOTAL,TOTAL,HR,2020,11.1,
ESTAT:ILC_MDES09(1.0),15/02/24 11:00:00,A,PC,EM_GD,TOTAL,TOTAL,HR,2021,7.8,
ESTAT:ILC_MDES09(1.0),15/02/24 11:00:00,A,PC,EM_GD,TOTAL,TOTAL,HR,2022,8.0,
ESTAT:ILC_MDES09(1.0),15/02/24 11:00:00,A,PC,EM_GD,TOTAL,TOTAL,HU,2005,13.8,
ESTAT:ILC_MDES09(1.0),15/02/24 11:00:00,A,PC,EM_GD,TOTAL,TOTAL,HU,2006,16.2,
ESTAT:ILC_MDES09(1.0),15/02/24 11:00:00,A,PC,EM_GD,TOTAL,TOTAL,HU,2007,13.8,
ESTAT:ILC_MDES09(1.0),15/02/24 11:00:00,A,PC,EM_GD,TOTAL,TOTAL,HU,2008,16.7,
ESTAT:ILC_MDES09(1.0),15/02/24 11:00:00,A,PC,EM_GD,TOTAL,TOTAL,HU,2009,23.8,
ESTAT:ILC_MDES09(1.0),15/02/24 11:00:00,A,PC,EM_GD,TOTAL,TOTAL,HU,2010,25.3,
ESTAT:ILC_MDES09(1.0),15/02/24 11:00:00,A,PC,EM_GD,TOTAL,TOTAL,HU,2011,26.5,
ESTAT:ILC_MDES09(1.0),15/02/24 11:00:00,A,PC,EM_GD,TOTAL,TOTAL,HU,2012,26.8,
ESTAT:ILC_MDES09(1.0),15/02/24 11:00:00,A,PC,EM_GD,TOTAL,TOTAL,HU,2013,27.4,
ESTAT:ILC_MDES09(1.0),15/02/24 11:00:00,A,PC,EM_GD,TOTAL,TOTAL,HU,2014,22.8,
ESTAT:ILC_MDES09(1.0),15/02/24 11:00:00,A,PC,EM_GD,TOTAL,TOTAL,HU,2015,19.1,
ESTAT:ILC_MDES09(1.0),15/02/24 11:00:00,A,PC,EM_GD,TOTAL,TOTAL,HU,2016,17.1,
ESTAT:ILC_MDES09(1.0),15/02/24 11:00:00,A,PC,EM_GD,TOTAL,TOTAL,HU,2017,15.7,
ESTAT:ILC_MDES09(1.0),15/02/24 11:00:00,A,PC,EM_GD,TOTAL,TOTAL,HU,2018,12.1,
ESTAT:ILC_MDES09(1.0),15/02/24 11:00:00,A,PC,EM_GD,TOTAL,TOTAL,HU,2019,8.6,
ESTAT:ILC_MDES09(1.0),15/02/24 11:00:00,A,PC,EM_GD,TOTAL,TOTAL,HU,2020,10.7,
ESTAT:ILC_MDES09(1.0),15/02/24 11:00:00,A,PC,EM_GD,TOTAL,TOTAL,HU,2021,9.8,
ESTAT:ILC_MDES09(1.0),15/02/24 11:00:00,A,PC,EM_GD,TOTAL,TOTAL,HU,2022,8.1,
ESTAT:ILC_MDES09(1.0),15/02/24 11:00:00,A,PC,EM_GD,TOTAL,TOTAL,IE,2003,8.4,
ESTAT:ILC_MDES09(1.0),15/02/24 11:00:00,A,PC,EM_GD,TOTAL,TOTAL,IE,2004,8.7,
ESTAT:ILC_MDES09(1.0),15/02/24 11:00:00,A,PC,EM_GD,TOTAL,TOTAL,IE,2005,9.9,
ESTAT:ILC_MDES09(1.0),15/02/24 11:00:00,A,PC,EM_GD,TOTAL,TOTAL,IE,2006,9.6,
ESTAT:ILC_MDES09(1.0),15/02/24 11:00:00,A,PC,EM_GD,TOTAL,TOTAL,IE,2007,8.4,
ESTAT:ILC_MDES09(1.0),15/02/24 11:00:00,A,PC,EM_GD,TOTAL,TOTAL,IE,2008,9.3,
ESTAT:ILC_MDES09(1.0),15/02/24 11:00:00,A,PC,EM_GD,TOTAL,TOTAL,IE,2009,11.2,
ESTAT:ILC_MDES09(1.0),15/02/24 11:00:00,A,PC,EM_GD,TOTAL,TOTAL,IE,2010,15.2,
ESTAT:ILC_MDES09(1.0),15/02/24 11:00:00,A,PC,EM_GD,TOTAL,TOTAL,IE,2011,14.7,
ESTAT:ILC_MDES09(1.0),15/02/24 11:00:00,A,PC,EM_GD,TOTAL,TOTAL,IE,2012,17.4,
ESTAT:ILC_MDES09(1.0),15/02/24 11:00:00,A,PC,EM_GD,TOTAL,TOTAL,IE,2013,17.4,
ESTAT:ILC_MDES09(1.0),15/02/24 11:00:00,A,PC,EM_GD,TOTAL,TOTAL,IE,2014,17.8,
ESTAT:ILC_MDES09(1.0),15/02/24 11:00:00,A,PC,EM_GD,TOTAL,TOTAL,IE,2015,14.9,
ESTAT:ILC_MDES09(1.0),15/02/24 11:00:00,A,PC,EM_GD,TOTAL,TOTAL,IE,2016,12.2,
ESTAT:ILC_MDES09(1.0),15/02/24 11:00:00,A,PC,EM_GD,TOTAL,TOTAL,IE,2017,8.7,
ESTAT:ILC_MDES09(1.0),15/02/24 11:00:00,A,PC,EM_GD,TOTAL,TOTAL,IE,2018,7.2,
ESTAT:ILC_MDES09(1.0),15/02/24 11:00:00,A,PC,EM_GD,TOTAL,TOTAL,IE,2019,7.5,
ESTAT:ILC_MDES09(1.0),15/02/24 11:00:00,A,PC,EM_GD,TOTAL,TOTAL,IE,2020,6.1,b
ESTAT:ILC_MDES09(1.0),15/02/24 11:00:00,A,PC,EM_GD,TOTAL,TOTAL,IE,2021,6.1,
ESTAT:ILC_MDES09(1.0),15/02/24 11:00:00,A,PC,EM_GD,TOTAL,TOTAL,IE,2022,6.0,
ESTAT:ILC_MDES09(1.0),15/02/24 11:00:00,A,PC,EM_GD,TOTAL,TOTAL,IS,2004,9.1,
ESTAT:ILC_MDES09(1.0),15/02/24 11:00:00,A,PC,EM_GD,TOTAL,TOTAL,IS,2005,5.8,
ESTAT:ILC_MDES09(1.0),15/02/24 11:00:00,A,PC,EM_GD,TOTAL,TOTAL,IS,2006,5.0,
ESTAT:ILC_MDES09(1.0),15/02/24 11:00:00,A,PC,EM_GD,TOTAL,TOTAL,IS,2007,5.2,
ESTAT:ILC_MDES09(1.0),15/02/24 11:00:00,A,PC,EM_GD,TOTAL,TOTAL,IS,2008,5.0,
ESTAT:ILC_MDES09(1.0),15/02/24 11:00:00,A,PC,EM_GD,TOTAL,TOTAL,IS,2009,7.8,
ESTAT:ILC_MDES09(1.0),15/02/24 11:00:00,A,PC,EM_GD,TOTAL,TOTAL,IS,2010,12.8,
ESTAT:ILC_MDES09(1.0),15/02/24 11:00:00,A,PC,EM_GD,TOTAL,TOTAL,IS,2011,12.3,
ESTAT:ILC_MDES09(1.0),15/02/24 11:00:00,A,PC,EM_GD,TOTAL,TOTAL,IS,2012,10.6,
ESTAT:ILC_MDES09(1.0),15/02/24 11:00:00,A,PC,EM_GD,TOTAL,TOTAL,IS,2013,11.7,
ESTAT:ILC_MDES09(1.0),15/02/24 11:00:00,A,PC,EM_GD,TOTAL,TOTAL,IS,2014,8.9,
ESTAT:ILC_MDES09(1.0),15/02/24 11:00:00,A,PC,EM_GD,TOTAL,TOTAL,IS,2015,8.6,
ESTAT:ILC_MDES09(1.0),15/02/24 11:00:00,A,PC,EM_GD,TOTAL,TOTAL,IS,2016,6.2,
ESTAT:ILC_MDES09(1.0),15/02/24 11:00:00,A,PC,EM_GD,TOTAL,TOTAL,IS,2017,4.8,
ESTAT:ILC_MDES09(1.0),15/02/24 11:00:00,A,PC,EM_GD,TOTAL,TOTAL,IS,2018,4.9,
ESTAT:ILC_MDES09(1.0),15/02/24 11:00:00,A,PC,EM_GD,TOTAL,TOTAL,IT,2004,15.5,
ESTAT:ILC_MDES09(1.0),15/02/24 11:00:00,A,PC,EM_GD,TOTAL,TOTAL,IT,2005,15.2,
ESTAT:ILC_MDES09(1.0),15/02/24 11:00:00,A,PC,EM_GD,TOTAL,TOTAL,IT,2006,15.3,
ESTAT:ILC_MDES09(1.0),15/02/24 11:00:00,A,PC,EM_GD,TOTAL,TOTAL,IT,2007,16.6,
ESTAT:ILC_MDES09(1.0),15/02/24 11:00:00,A,PC,EM_GD,TOTAL,TOTAL,IT,2008,18.6,
ESTAT:ILC_MDES09(1.0),15/02/24 11:00:00,A,PC,EM_GD,TOTAL,TOTAL,IT,2009,17.0,
ESTAT:ILC_MDES09(1.0),15/02/24 11:00:00,A,PC,EM_GD,TOTAL,TOTAL,IT,2010,17.4,
ESTAT:ILC_MDES09(1.0),15/02/24 11:00:00,A,PC,EM_GD,TOTAL,TOTAL,IT,2011,17.1,
ESTAT:ILC_MDES09(1.0),15/02/24 11:00:00,A,PC,EM_GD,TOTAL,TOTAL,IT,2012,17.3,
ESTAT:ILC_MDES09(1.0),15/02/24 11:00:00,A,PC,EM_GD,TOTAL,TOTAL,IT,2013,18.8,
ESTAT:ILC_MDES09(1.0),15/02/24 11:00:00,A,PC,EM_GD,TOTAL,TOTAL,IT,2014,17.9,
ESTAT:ILC_MDES09(1.0),15/02/24 11:00:00,A,PC,EM_GD,TOTAL,TOTAL,IT,2015,15.4,
ESTAT:ILC_MDES09(1.0),15/02/24 11:00:00,A,PC,EM_GD,TOTAL,TOTAL,IT,2016,10.9,
ESTAT:ILC_MDES09(1.0),15/02/24 11:00:00,A,PC,EM_GD,TOTAL,TOTAL,IT,2017,8.6,
ESTAT:ILC_MDES09(1.0),15/02/24 11:00:00,A,PC,EM_GD,TOTAL,TOTAL,IT,2018,9.7,
ESTAT:ILC_MDES09(1.0),15/02/24 11:00:00,A,PC,EM_GD,TOTAL,TOTAL,IT,2019,8.2,
ESTAT:ILC_MDES09(1.0),15/02/24 11:00:00,A,PC,EM_GD,TOTAL,TOTAL,IT,2020,9.0,
ESTAT:ILC_MDES09(1.0),15/02/24 11:00:00,A,PC,EM_GD,TOTAL,TOTAL,IT,2021,9.1,
ESTAT:ILC_MDES09(1.0),15/02/24 11:00:00,A,PC,EM_GD,TOTAL,TOTAL,IT,2022,6.9,
ESTAT:ILC_MDES09(1.0),15/02/24 11:00:00,A,PC,EM_GD,TOTAL,TOTAL,LT,2005,9.2,
ESTAT:ILC_MDES09(1.0),15/02/24 11:00:00,A,PC,EM_GD,TOTAL,TOTAL,LT,2006,7.9,
ESTAT:ILC_MDES09(1.0),15/02/24 11:00:00,A,PC,EM_GD,TOTAL,TOTAL,LT,2007,4.6,
ESTAT:ILC_MDES09(1.0),15/02/24 11:00:00,A,PC,EM_GD,TOTAL,TOTAL,LT,2008,6.3,
ESTAT:ILC_MDES09(1.0),15/02/24 11:00:00,A,PC,EM_GD,TOTAL,TOTAL,LT,2009,11.0,
ESTAT:ILC_MDES09(1.0),15/02/24 11:00:00,A,PC,EM_GD,TOTAL,TOTAL,LT,2010,12.0,
ESTAT:ILC_MDES09(1.0),15/02/24 11:00:00,A,PC,EM_GD,TOTAL,TOTAL,LT,2011,11.5,
ESTAT:ILC_MDES09(1.0),15/02/24 11:00:00,A,PC,EM_GD,TOTAL,TOTAL,LT,2012,12.9,
ESTAT:ILC_MDES09(1.0),15/02/24 11:00:00,A,PC,EM_GD,TOTAL,TOTAL,LT,2013,9.6,
ESTAT:ILC_MDES09(1.0),15/02/24 11:00:00,A,PC,EM_GD,TOTAL,TOTAL,LT,2014,8.2,
ESTAT:ILC_MDES09(1.0),15/02/24 11:00:00,A,PC,EM_GD,TOTAL,TOTAL,LT,2015,6.8,
ESTAT:ILC_MDES09(1.0),15/02/24 11:00:00,A,PC,EM_GD,TOTAL,TOTAL,LT,2016,6.9,
ESTAT:ILC_MDES09(1.0),15/02/24 11:00:00,A,PC,EM_GD,TOTAL,TOTAL,LT,2017,7.1,
ESTAT:ILC_MDES09(1.0),15/02/24 11:00:00,A,PC,EM_GD,TOTAL,TOTAL,LT,2018,5.5,
ESTAT:ILC_MDES09(1.0),15/02/24 11:00:00,A,PC,EM_GD,TOTAL,TOTAL,LT,2019,3.0,
ESTAT:ILC_MDES09(1.0),15/02/24 11:00:00,A,PC,EM_GD,TOTAL,TOTAL,LT,2020,3.0,
ESTAT:ILC_MDES09(1.0),15/02/24 11:00:00,A,PC,EM_GD,TOTAL,TOTAL,LT,2021,2.7,
ESTAT:ILC_MDES09(1.0),15/02/24 11:00:00,A,PC,EM_GD,TOTAL,TOTAL,LT,2022,2.4,
ESTAT:ILC_MDES09(1.0),15/02/24 11:00:00,A,PC,EM_GD,TOTAL,TOTAL,LU,2003,1.9,
ESTAT:ILC_MDES09(1.0),15/02/24 11:00:00,A,PC,EM_GD,TOTAL,TOTAL,LU,2004,2.0,
ESTAT:ILC_MDES09(1.0),15/02/24 11:00:00,A,PC,EM_GD,TOTAL,TOTAL,LU,2005,1.9,
ESTAT:ILC_MDES09(1.0),15/02/24 11:00:00,A,PC,EM_GD,TOTAL,TOTAL,LU,2006,1.6,
ESTAT:ILC_MDES09(1.0),15/02/24 11:00:00,A,PC,EM_GD,TOTAL,TOTAL,LU,2007,1.8,
ESTAT:ILC_MDES09(1.0),15/02/24 11:00:00,A,PC,EM_GD,TOTAL,TOTAL,LU,2008,1.9,
ESTAT:ILC_MDES09(1.0),15/02/24 11:00:00,A,PC,EM_GD,TOTAL,TOTAL,LU,2009,2.0,
ESTAT:ILC_MDES09(1.0),15/02/24 11:00:00,A,PC,EM_GD,TOTAL,TOTAL,LU,2010,1.9,
ESTAT:ILC_MDES09(1.0),15/02/24 11:00:00,A,PC,EM_GD,TOTAL,TOTAL,LU,2011,2.7,
ESTAT:ILC_MDES09(1.0),15/02/24 11:00:00,A,PC,EM_GD,TOTAL,TOTAL,LU,2012,3.6,
ESTAT:ILC_MDES09(1.0),15/02/24 11:00:00,A,PC,EM_GD,TOTAL,TOTAL,LU,2013,4.4,
ESTAT:ILC_MDES09(1.0),15/02/24 11:00:00,A,PC,EM_GD,TOTAL,TOTAL,LU,2014,3.9,
ESTAT:ILC_MDES09(1.0),15/02/24 11:00:00,A,PC,EM_GD,TOTAL,TOTAL,LU,2015,4.2,
ESTAT:ILC_MDES09(1.0),15/02/24 11:00:00,A,PC,EM_GD,TOTAL,TOTAL,LU,2016,4.2,b
ESTAT:ILC_MDES09(1.0),15/02/24 11:00:00,A,PC,EM_GD,TOTAL,TOTAL,LU,2017,5.1,
ESTAT:ILC_MDES09(1.0),15/02/24 11:00:00,A,PC,EM_GD,TOTAL,TOTAL,LU,2018,4.7,
ESTAT:ILC_MDES09(1.0),15/02/24 11:00:00,A,PC,EM_GD,TOTAL,TOTAL,LU,2019,3.7,
ESTAT:ILC_MDES09(1.0),15/02/24 11:00:00,A,PC,EM_GD,TOTAL,TOTAL,LU,2020,3.8,b
ESTAT:ILC_MDES09(1.0),15/02/24 11:00:00,A,PC,EM_GD,TOTAL,TOTAL,LU,2021,3.8,b
ESTAT:ILC_MDES09(1.0),15/02/24 11:00:00,A,PC,EM_GD,TOTAL,TOTAL,LU,2022,1.5,b
ESTAT:ILC_MDES09(1.0),15/02/24 11:00:00,A,PC,EM_GD,TOTAL,TOTAL,LV,2005,24.3,
ESTAT:ILC_MDES09(1.0),15/02/24 11:00:00,A,PC,EM_GD,TOTAL,TOTAL,LV,2006,17.8,
ESTAT:ILC_MDES09(1.0),15/02/24 11:00:00,A,PC,EM_GD,TOTAL,TOTAL,LV,2007,12.9,
ESTAT:ILC_MDES09(1.0),15/02/24 11:00:00,A,PC,EM_GD,TOTAL,TOTAL,LV,2008,13.5,
ESTAT:ILC_MDES09(1.0),15/02/24 11:00:00,A,PC,EM_GD,TOTAL,TOTAL,LV,2009,17.7,
ESTAT:ILC_MDES09(1.0),15/02/24 11:00:00,A,PC,EM_GD,TOTAL,TOTAL,LV,2010,23.5,
ESTAT:ILC_MDES09(1.0),15/02/24 11:00:00,A,PC,EM_GD,TOTAL,TOTAL,LV,2011,24.0,
ESTAT:ILC_MDES09(1.0),15/02/24 11:00:00,A,PC,EM_GD,TOTAL,TOTAL,LV,2012,21.8,
ESTAT:ILC_MDES09(1.0),15/02/24 11:00:00,A,PC,EM_GD,TOTAL,TOTAL,LV,2013,25.4,
ESTAT:ILC_MDES09(1.0),15/02/24 11:00:00,A,PC,EM_GD,TOTAL,TOTAL,LV,2014,18.6,
ESTAT:ILC_MDES09(1.0),15/02/24 11:00:00,A,PC,EM_GD,TOTAL,TOTAL,LV,2015,15.4,
ESTAT:ILC_MDES09(1.0),15/02/24 11:00:00,A,PC,EM_GD,TOTAL,TOTAL,LV,2016,12.4,
ESTAT:ILC_MDES09(1.0),15/02/24 11:00:00,A,PC,EM_GD,TOTAL,TOTAL,LV,2017,13.5,
ESTAT:ILC_MDES09(1.0),15/02/24 11:00:00,A,PC,EM_GD,TOTAL,TOTAL,LV,2018,10.3,
ESTAT:ILC_MDES09(1.0),15/02/24 11:00:00,A,PC,EM_GD,TOTAL,TOTAL,LV,2019,7.8,
ESTAT:ILC_MDES09(1.0),15/02/24 11:00:00,A,PC,EM_GD,TOTAL,TOTAL,LV,2020,7.2,
ESTAT:ILC_MDES09(1.0),15/02/24 11:00:00,A,PC,EM_GD,TOTAL,TOTAL,LV,2021,5.3,
ESTAT:ILC_MDES09(1.0),15/02/24 11:00:00,A,PC,EM_GD,TOTAL,TOTAL,LV,2022,6.7,
ESTAT:ILC_MDES09(1.0),15/02/24 11:00:00,A,PC,EM_GD,TOTAL,TOTAL,LV,2023,7.7,
ESTAT:ILC_MDES09(1.0),15/02/24 11:00:00,A,PC,EM_GD,TOTAL,TOTAL,ME,2013,28.9,
ESTAT:ILC_MDES09(1.0),15/02/24 11:00:00,A,PC,EM_GD,TOTAL,TOTAL,ME,2014,29.0,
ESTAT:ILC_MDES09(1.0),15/02/24 11:00:00,A,PC,EM_GD,TOTAL,TOTAL,ME,2015,27.4,
ESTAT:ILC_MDES09(1.0),15/02/24 11:00:00,A,PC,EM_GD,TOTAL,TOTAL,ME,2016,23.5,
ESTAT:ILC_MDES09(1.0),15/02/24 11:00:00,A,PC,EM_GD,TOTAL,TOTAL,ME,2017,27.0,
ESTAT:ILC_MDES09(1.0),15/02/24 11:00:00,A,PC,EM_GD,TOTAL,TOTAL,ME,2018,30.1,
ESTAT:ILC_MDES09(1.0),15/02/24 11:00:00,A,PC,EM_GD,TOTAL,TOTAL,ME,2019,24.9,
ESTAT:ILC_MDES09(1.0),15/02/24 11:00:00,A,PC,EM_GD,TOTAL,TOTAL,ME,2020,27.1,
ESTAT:ILC_MDES09(1.0),15/02/24 11:00:00,A,PC,EM_GD,TOTAL,TOTAL,ME,2021,26.5,
ESTAT:ILC_MDES09(1.0),15/02/24 11:00:00,A,PC,EM_GD,TOTAL,TOTAL,ME,2022,22.7,
ESTAT:ILC_MDES09(1.0),15/02/24 11:00:00,A,PC,EM_GD,TOTAL,TOTAL,MK,2010,39.8,
ESTAT:ILC_MDES09(1.0),15/02/24 11:00:00,A,PC,EM_GD,TOTAL,TOTAL,MK,2011,41.3,
ESTAT:ILC_MDES09(1.0),15/02/24 11:00:00,A,PC,EM_GD,TOTAL,TOTAL,MK,2012,39.7,
ESTAT:ILC_MDES09(1.0),15/02/24 11:00:00,A,PC,EM_GD,TOTAL,TOTAL,MK,2013,33.1,
ESTAT:ILC_MDES09(1.0),15/02/24 11:00:00,A,PC,EM_GD,TOTAL,TOTAL,MK,2014,33.0,
ESTAT:ILC_MDES09(1.0),15/02/24 11:00:00,A,PC,EM_GD,TOTAL,TOTAL,MK,2015,29.1,
ESTAT:ILC_MDES09(1.0),15/02/24 11:00:00,A,PC,EM_GD,TOTAL,TOTAL,MK,2016,30.5,
ESTAT:ILC_MDES09(1.0),15/02/24 11:00:00,A,PC,EM_GD,TOTAL,TOTAL,MK,2017,29.1,
ESTAT:ILC_MDES09(1.0),15/02/24 11:00:00,A,PC,EM_GD,TOTAL,TOTAL,MK,2018,29.1,
ESTAT:ILC_MDES09(1.0),15/02/24 11:00:00,A,PC,EM_GD,TOTAL,TOTAL,MK,2019,24.5,
ESTAT:ILC_MDES09(1.0),15/02/24 11:00:00,A,PC,EM_GD,TOTAL,TOTAL,MK,2020,25.8,
ESTAT:ILC_MDES09(1.0),15/02/24 11:00:00,A,PC,EM_GD,TOTAL,TOTAL,MT,2005,13.1,
ESTAT:ILC_MDES09(1.0),15/02/24 11:00:00,A,PC,EM_GD,TOTAL,TOTAL,MT,2006,14.2,
ESTAT:ILC_MDES09(1.0),15/02/24 11:00:00,A,PC,EM_GD,TOTAL,TOTAL,MT,2007,11.9,
ESTAT:ILC_MDES09(1.0),15/02/24 11:00:00,A,PC,EM_GD,TOTAL,TOTAL,MT,2008,13.3,
ESTAT:ILC_MDES09(1.0),15/02/24 11:00:00,A,PC,EM_GD,TOTAL,TOTAL,MT,2009,18.9,
ESTAT:ILC_MDES09(1.0),15/02/24 11:00:00,A,PC,EM_GD,TOTAL,TOTAL,MT,2010,19.7,
ESTAT:ILC_MDES09(1.0),15/02/24 11:00:00,A,PC,EM_GD,TOTAL,TOTAL,MT,2011,14.9,
ESTAT:ILC_MDES09(1.0),15/02/24 11:00:00,A,PC,EM_GD,TOTAL,TOTAL,MT,2012,17.0,
ESTAT:ILC_MDES09(1.0),15/02/24 11:00:00,A,PC,EM_GD,TOTAL,TOTAL,MT,2013,15.5,
ESTAT:ILC_MDES09(1.0),15/02/24 11:00:00,A,PC,EM_GD,TOTAL,TOTAL,MT,2014,12.4,
ESTAT:ILC_MDES09(1.0),15/02/24 11:00:00,A,PC,EM_GD,TOTAL,TOTAL,MT,2015,7.3,
ESTAT:ILC_MDES09(1.0),15/02/24 11:00:00,A,PC,EM_GD,TOTAL,TOTAL,MT,2016,6.7,
ESTAT:ILC_MDES09(1.0),15/02/24 11:00:00,A,PC,EM_GD,TOTAL,TOTAL,MT,2017,4.6,
ESTAT:ILC_MDES09(1.0),15/02/24 11:00:00,A,PC,EM_GD,TOTAL,TOTAL,MT,2018,3.9,
ESTAT:ILC_MDES09(1.0),15/02/24 11:00:00,A,PC,EM_GD,TOTAL,TOTAL,MT,2019,3.1,
ESTAT:ILC_MDES09(1.0),15/02/24 11:00:00,A,PC,EM_GD,TOTAL,TOTAL,MT,2020,4.9,
ESTAT:ILC_MDES09(1.0),15/02/24 11:00:00,A,PC,EM_GD,TOTAL,TOTAL,MT,2021,3.9,
ESTAT:ILC_MDES09(1.0),15/02/24 11:00:00,A,PC,EM_GD,TOTAL,TOTAL,MT,2022,5.7,
ESTAT:ILC_MDES09(1.0),15/02/24 11:00:00,A,PC,EM_GD,TOTAL,TOTAL,NL,2005,4.3,
ESTAT:ILC_MDES09(1.0),15/02/24 11:00:00,A,PC,EM_GD,TOTAL,TOTAL,NL,2006,4.2,
ESTAT:ILC_MDES09(1.0),15/02/24 11:00:00,A,PC,EM_GD,TOTAL,TOTAL,NL,2007,2.7,
ESTAT:ILC_MDES09(1.0),15/02/24 11:00:00,A,PC,EM_GD,TOTAL,TOTAL,NL,2008,2.8,
ESTAT:ILC_MDES09(1.0),15/02/24 11:00:00,A,PC,EM_GD,TOTAL,TOTAL,NL,2009,2.9,
ESTAT:ILC_MDES09(1.0),15/02/24 11:00:00,A,PC,EM_GD,TOTAL,TOTAL,NL,2010,3.8,
ESTAT:ILC_MDES09(1.0),15/02/24 11:00:00,A,PC,EM_GD,TOTAL,TOTAL,NL,2011,3.3,
ESTAT:ILC_MDES09(1.0),15/02/24 11:00:00,A,PC,EM_GD,TOTAL,TOTAL,NL,2012,3.9,
ESTAT:ILC_MDES09(1.0),15/02/24 11:00:00,A,PC,EM_GD,TOTAL,TOTAL,NL,2013,3.8,
ESTAT:ILC_MDES09(1.0),15/02/24 11:00:00,A,PC,EM_GD,TOTAL,TOTAL,NL,2014,4.3,
ESTAT:ILC_MDES09(1.0),15/02/24 11:00:00,A,PC,EM_GD,TOTAL,TOTAL,NL,2015,3.3,
ESTAT:ILC_MDES09(1.0),15/02/24 11:00:00,A,PC,EM_GD,TOTAL,TOTAL,NL,2016,3.0,b
ESTAT:ILC_MDES09(1.0),15/02/24 11:00:00,A,PC,EM_GD,TOTAL,TOTAL,NL,2017,3.2,
ESTAT:ILC_MDES09(1.0),15/02/24 11:00:00,A,PC,EM_GD,TOTAL,TOTAL,NL,2018,2.2,
ESTAT:ILC_MDES09(1.0),15/02/24 11:00:00,A,PC,EM_GD,TOTAL,TOTAL,NL,2019,2.9,
ESTAT:ILC_MDES09(1.0),15/02/24 11:00:00,A,PC,EM_GD,TOTAL,TOTAL,NL,2020,1.8,
ESTAT:ILC_MDES09(1.0),15/02/24 11:00:00,A,PC,EM_GD,TOTAL,TOTAL,NL,2021,1.6,
ESTAT:ILC_MDES09(1.0),15/02/24 11:00:00,A,PC,EM_GD,TOTAL,TOTAL,NL,2022,1.9,
ESTAT:ILC_MDES09(1.0),15/02/24 11:00:00,A,PC,EM_GD,TOTAL,TOTAL,NO,2003,3.5,
ESTAT:ILC_MDES09(1.0),15/02/24 11:00:00,A,PC,EM_GD,TOTAL,TOTAL,NO,2004,3.0,
ESTAT:ILC_MDES09(1.0),15/02/24 11:00:00,A,PC,EM_GD,TOTAL,TOTAL,NO,2005,3.4,
ESTAT:ILC_MDES09(1.0),15/02/24 11:00:00,A,PC,EM_GD,TOTAL,TOTAL,NO,2006,2.9,
ESTAT:ILC_MDES09(1.0),15/02/24 11:00:00,A,PC,EM_GD,TOTAL,TOTAL,NO,2007,2.0,
ESTAT:ILC_MDES09(1.0),15/02/24 11:00:00,A,PC,EM_GD,TOTAL,TOTAL,NO,2008,2.4,
ESTAT:ILC_MDES09(1.0),15/02/24 11:00:00,A,PC,EM_GD,TOTAL,TOTAL,NO,2009,3.0,
ESTAT:ILC_MDES09(1.0),15/02/24 11:00:00,A,PC,EM_GD,TOTAL,TOTAL,NO,2010,2.3,
ESTAT:ILC_MDES09(1.0),15/02/24 11:00:00,A,PC,EM_GD,TOTAL,TOTAL,NO,2011,2.5,
ESTAT:ILC_MDES09(1.0),15/02/24 11:00:00,A,PC,EM_GD,TOTAL,TOTAL,NO,2012,2.4,
ESTAT:ILC_MDES09(1.0),15/02/24 11:00:00,A,PC,EM_GD,TOTAL,TOTAL,NO,2013,2.2,
ESTAT:ILC_MDES09(1.0),15/02/24 11:00:00,A,PC,EM_GD,TOTAL,TOTAL,NO,2014,1.7,
ESTAT:ILC_MDES09(1.0),15/02/24 11:00:00,A,PC,EM_GD,TOTAL,TOTAL,NO,2015,2.1,
ESTAT:ILC_MDES09(1.0),15/02/24 11:00:00,A,PC,EM_GD,TOTAL,TOTAL,NO,2016,2.0,
ESTAT:ILC_MDES09(1.0),15/02/24 11:00:00,A,PC,EM_GD,TOTAL,TOTAL,NO,2017,2.2,
ESTAT:ILC_MDES09(1.0),15/02/24 11:00:00,A,PC,EM_GD,TOTAL,TOTAL,NO,2018,2.1,
ESTAT:ILC_MDES09(1.0),15/02/24 11:00:00,A,PC,EM_GD,TOTAL,TOTAL,NO,2019,2.3,
ESTAT:ILC_MDES09(1.0),15/02/24 11:00:00,A,PC,EM_GD,TOTAL,TOTAL,NO,2020,2.6,
ESTAT:ILC_MDES09(1.0),15/02/24 11:00:00,A,PC,EM_GD,TOTAL,TOTAL,NO,2021,2.7,b
ESTAT:ILC_MDES09(1.0),15/02/24 11:00:00,A,PC,EM_GD,TOTAL,TOTAL,NO,2022,2.5,
ESTAT:ILC_MDES09(1.0),15/02/24 11:00:00,A,PC,EM_GD,TOTAL,TOTAL,PL,2005,25.0,
ESTAT:ILC_MDES09(1.0),15/02/24 11:00:00,A,PC,EM_GD,TOTAL,TOTAL,PL,2006,20.6,
ESTAT:ILC_MDES09(1.0),15/02/24 11:00:00,A,PC,EM_GD,TOTAL,TOTAL,PL,2007,17.0,
ESTAT:ILC_MDES09(1.0),15/02/24 11:00:00,A,PC,EM_GD,TOTAL,TOTAL,PL,2008,14.4,
ESTAT:ILC_MDES09(1.0),15/02/24 11:00:00,A,PC,EM_GD,TOTAL,TOTAL,PL,2009,14.4,
ESTAT:ILC_MDES09(1.0),15/02/24 11:00:00,A,PC,EM_GD,TOTAL,TOTAL,PL,2010,14.1,b
ESTAT:ILC_MDES09(1.0),15/02/24 11:00:00,A,PC,EM_GD,TOTAL,TOTAL,PL,2011,12.4,
ESTAT:ILC_MDES09(1.0),15/02/24 11:00:00,A,PC,EM_GD,TOTAL,TOTAL,PL,2012,13.3,
ESTAT:ILC_MDES09(1.0),15/02/24 11:00:00,A,PC,EM_GD,TOTAL,TOTAL,PL,2013,12.7,
ESTAT:ILC_MDES09(1.0),15/02/24 11:00:00,A,PC,EM_GD,TOTAL,TOTAL,PL,2014,10.7,
ESTAT:ILC_MDES09(1.0),15/02/24 11:00:00,A,PC,EM_GD,TOTAL,TOTAL,PL,2015,10.2,
ESTAT:ILC_MDES09(1.0),15/02/24 11:00:00,A,PC,EM_GD,TOTAL,TOTAL,PL,2016,8.4,
ESTAT:ILC_MDES09(1.0),15/02/24 11:00:00,A,PC,EM_GD,TOTAL,TOTAL,PL,2017,6.8,
ESTAT:ILC_MDES09(1.0),15/02/24 11:00:00,A,PC,EM_GD,TOTAL,TOTAL,PL,2018,5.3,
ESTAT:ILC_MDES09(1.0),15/02/24 11:00:00,A,PC,EM_GD,TOTAL,TOTAL,PL,2019,4.5,
ESTAT:ILC_MDES09(1.0),15/02/24 11:00:00,A,PC,EM_GD,TOTAL,TOTAL,PL,2020,3.8,
ESTAT:ILC_MDES09(1.0),15/02/24 11:00:00,A,PC,EM_GD,TOTAL,TOTAL,PL,2021,3.3,
ESTAT:ILC_MDES09(1.0),15/02/24 11:00:00,A,PC,EM_GD,TOTAL,TOTAL,PL,2022,3.7,
ESTAT:ILC_MDES09(1.0),15/02/24 11:00:00,A,PC,EM_GD,TOTAL,TOTAL,PT,2004,15.5,
ESTAT:ILC_MDES09(1.0),15/02/24 11:00:00,A,PC,EM_GD,TOTAL,TOTAL,PT,2005,16.2,
ESTAT:ILC_MDES09(1.0),15/02/24 11:00:00,A,PC,EM_GD,TOTAL,TOTAL,PT,2006,14.9,
ESTAT:ILC_MDES09(1.0),15/02/24 11:00:00,A,PC,EM_GD,TOTAL,TOTAL,PT,2007,15.6,
ESTAT:ILC_MDES09(1.0),15/02/24 11:00:00,A,PC,EM_GD,TOTAL,TOTAL,PT,2008,24.2,
ESTAT:ILC_MDES09(1.0),15/02/24 11:00:00,A,PC,EM_GD,TOTAL,TOTAL,PT,2009,23.5,
ESTAT:ILC_MDES09(1.0),15/02/24 11:00:00,A,PC,EM_GD,TOTAL,TOTAL,PT,2010,20.3,
ESTAT:ILC_MDES09(1.0),15/02/24 11:00:00,A,PC,EM_GD,TOTAL,TOTAL,PT,2011,19.2,
ESTAT:ILC_MDES09(1.0),15/02/24 11:00:00,A,PC,EM_GD,TOTAL,TOTAL,PT,2012,21.9,
ESTAT:ILC_MDES09(1.0),15/02/24 11:00:00,A,PC,EM_GD,TOTAL,TOTAL,PT,2013,24.8,
ESTAT:ILC_MDES09(1.0),15/02/24 11:00:00,A,PC,EM_GD,TOTAL,TOTAL,PT,2014,23.3,
ESTAT:ILC_MDES09(1.0),15/02/24 11:00:00,A,PC,EM_GD,TOTAL,TOTAL,PT,2015,20.6,
ESTAT:ILC_MDES09(1.0),15/02/24 11:00:00,A,PC,EM_GD,TOTAL,TOTAL,PT,2016,17.0,
ESTAT:ILC_MDES09(1.0),15/02/24 11:00:00,A,PC,EM_GD,TOTAL,TOTAL,PT,2017,15.2,
ESTAT:ILC_MDES09(1.0),15/02/24 11:00:00,A,PC,EM_GD,TOTAL,TOTAL,PT,2018,13.3,
ESTAT:ILC_MDES09(1.0),15/02/24 11:00:00,A,PC,EM_GD,TOTAL,TOTAL,PT,2019,11.1,
ESTAT:ILC_MDES09(1.0),15/02/24 11:00:00,A,PC,EM_GD,TOTAL,TOTAL,PT,2020,9.0,
ESTAT:ILC_MDES09(1.0),15/02/24 11:00:00,A,PC,EM_GD,TOTAL,TOTAL,PT,2021,11.3,b
ESTAT:ILC_MDES09(1.0),15/02/24 11:00:00,A,PC,EM_GD,TOTAL,TOTAL,PT,2022,11.2,
ESTAT:ILC_MDES09(1.0),15/02/24 11:00:00,A,PC,EM_GD,TOTAL,TOTAL,RO,2007,24.2,
ESTAT:ILC_MDES09(1.0),15/02/24 11:00:00,A,PC,EM_GD,TOTAL,TOTAL,RO,2008,18.6,
ESTAT:ILC_MDES09(1.0),15/02/24 11:00:00,A,PC,EM_GD,TOTAL,TOTAL,RO,2009,19.2,
ESTAT:ILC_MDES09(1.0),15/02/24 11:00:00,A,PC,EM_GD,TOTAL,TOTAL,RO,2010,21.1,
ESTAT:ILC_MDES09(1.0),15/02/24 11:00:00,A,PC,EM_GD,TOTAL,TOTAL,RO,2011,21.2,
ESTAT:ILC_MDES09(1.0),15/02/24 11:00:00,A,PC,EM_GD,TOTAL,TOTAL,RO,2012,23.3,
ESTAT:ILC_MDES09(1.0),15/02/24 11:00:00,A,PC,EM_GD,TOTAL,TOTAL,RO,2013,23.8,
ESTAT:ILC_MDES09(1.0),15/02/24 11:00:00,A,PC,EM_GD,TOTAL,TOTAL,RO,2014,21.7,
ESTAT:ILC_MDES09(1.0),15/02/24 11:00:00,A,PC,EM_GD,TOTAL,TOTAL,RO,2015,20.2,
ESTAT:ILC_MDES09(1.0),15/02/24 11:00:00,A,PC,EM_GD,TOTAL,TOTAL,RO,2016,18.1,
ESTAT:ILC_MDES09(1.0),15/02/24 11:00:00,A,PC,EM_GD,TOTAL,TOTAL,RO,2017,14.7,
ESTAT:ILC_MDES09(1.0),15/02/24 11:00:00,A,PC,EM_GD,TOTAL,TOTAL,RO,2018,13.4,
ESTAT:ILC_MDES09(1.0),15/02/24 11:00:00,A,PC,EM_GD,TOTAL,TOTAL,RO,2019,12.4,
ESTAT:ILC_MDES09(1.0),15/02/24 11:00:00,A,PC,EM_GD,TOTAL,TOTAL,RO,2020,14.8,
ESTAT:ILC_MDES09(1.0),15/02/24 11:00:00,A,PC,EM_GD,TOTAL,TOTAL,RO,2021,11.1,
ESTAT:ILC_MDES09(1.0),15/02/24 11:00:00,A,PC,EM_GD,TOTAL,TOTAL,RO,2022,10.4,
ESTAT:ILC_MDES09(1.0),15/02/24 11:00:00,A,PC,EM_GD,TOTAL,TOTAL,RS,2013,33.8,
ESTAT:ILC_MDES09(1.0),15/02/24 11:00:00,A,PC,EM_GD,TOTAL,TOTAL,RS,2014,34.9,
ESTAT:ILC_MDES09(1.0),15/02/24 11:00:00,A,PC,EM_GD,TOTAL,TOTAL,RS,2015,31.9,
ESTAT:ILC_MDES09(1.0),15/02/24 11:00:00,A,PC,EM_GD,TOTAL,TOTAL,RS,2016,32.7,
ESTAT:ILC_MDES09(1.0),15/02/24 11:00:00,A,PC,EM_GD,TOTAL,TOTAL,RS,2017,29.4,
ESTAT:ILC_MDES09(1.0),15/02/24 11:00:00,A,PC,EM_GD,TOTAL,TOTAL,RS,2018,23.5,
ESTAT:ILC_MDES09(1.0),15/02/24 11:00:00,A,PC,EM_GD,TOTAL,TOTAL,RS,2019,14.8,
ESTAT:ILC_MDES09(1.0),15/02/24 11:00:00,A,PC,EM_GD,TOTAL,TOTAL,RS,2020,14.5,
ESTAT:ILC_MDES09(1.0),15/02/24 11:00:00,A,PC,EM_GD,TOTAL,TOTAL,RS,2021,14.4,
ESTAT:ILC_MDES09(1.0),15/02/24 11:00:00,A,PC,EM_GD,TOTAL,TOTAL,RS,2022,12.7,
ESTAT:ILC_MDES09(1.0),15/02/24 11:00:00,A,PC,EM_GD,TOTAL,TOTAL,SE,2004,3.8,
ESTAT:ILC_MDES09(1.0),15/02/24 11:00:00,A,PC,EM_GD,TOTAL,TOTAL,SE,2005,3.6,
ESTAT:ILC_MDES09(1.0),15/02/24 11:00:00,A,PC,EM_GD,TOTAL,TOTAL,SE,2006,3.8,
ESTAT:ILC_MDES09(1.0),15/02/24 11:00:00,A,PC,EM_GD,TOTAL,TOTAL,SE,2007,3.6,
ESTAT:ILC_MDES09(1.0),15/02/24 11:00:00,A,PC,EM_GD,TOTAL,TOTAL,SE,2008,4.3,b
ESTAT:ILC_MDES09(1.0),15/02/24 11:00:00,A,PC,EM_GD,TOTAL,TOTAL,SE,2009,4.1,
ESTAT:ILC_MDES09(1.0),15/02/24 11:00:00,A,PC,EM_GD,TOTAL,TOTAL,SE,2010,3.6,
ESTAT:ILC_MDES09(1.0),15/02/24 11:00:00,A,PC,EM_GD,TOTAL,TOTAL,SE,2011,4.2,
ESTAT:ILC_MDES09(1.0),15/02/24 11:00:00,A,PC,EM_GD,TOTAL,TOTAL,SE,2012,3.8,
ESTAT:ILC_MDES09(1.0),15/02/24 11:00:00,A,PC,EM_GD,TOTAL,TOTAL,SE,2013,3.6,
ESTAT:ILC_MDES09(1.0),15/02/24 11:00:00,A,PC,EM_GD,TOTAL,TOTAL,SE,2014,3.8,
ESTAT:ILC_MDES09(1.0),15/02/24 11:00:00,A,PC,EM_GD,TOTAL,TOTAL,SE,2015,3.2,
ESTAT:ILC_MDES09(1.0),15/02/24 11:00:00,A,PC,EM_GD,TOTAL,TOTAL,SE,2016,3.1,
ESTAT:ILC_MDES09(1.0),15/02/24 11:00:00,A,PC,EM_GD,TOTAL,TOTAL,SE,2017,2.9,
ESTAT:ILC_MDES09(1.0),15/02/24 11:00:00,A,PC,EM_GD,TOTAL,TOTAL,SE,2018,3.5,
ESTAT:ILC_MDES09(1.0),15/02/24 11:00:00,A,PC,EM_GD,TOTAL,TOTAL,SE,2019,3.3,
ESTAT:ILC_MDES09(1.0),15/02/24 11:00:00,A,PC,EM_GD,TOTAL,TOTAL,SE,2020,3.6,
ESTAT:ILC_MDES09(1.0),15/02/24 11:00:00,A,PC,EM_GD,TOTAL,TOTAL,SE,2021,3.2,
ESTAT:ILC_MDES09(1.0),15/02/24 11:00:00,A,PC,EM_GD,TOTAL,TOTAL,SE,2022,3.1,
ESTAT:ILC_MDES09(1.0),15/02/24 11:00:00,A,PC,EM_GD,TOTAL,TOTAL,SI,2005,6.6,
ESTAT:ILC_MDES09(1.0),15/02/24 11:00:00,A,PC,EM_GD,TOTAL,TOTAL,SI,2006,6.6,
ESTAT:ILC_MDES09(1.0),15/02/24 11:00:00,A,PC,EM_GD,TOTAL,TOTAL,SI,2007,5.1,
ESTAT:ILC_MDES09(1.0),15/02/24 11:00:00,A,PC,EM_GD,TOTAL,TOTAL,SI,2008,8.2,
ESTAT:ILC_MDES09(1.0),15/02/24 11:00:00,A,PC,EM_GD,TOTAL,TOTAL,SI,2009,7.1,
ESTAT:ILC_MDES09(1.0),15/02/24 11:00:00,A,PC,EM_GD,TOTAL,TOTAL,SI,2010,8.9,
ESTAT:ILC_MDES09(1.0),15/02/24 11:00:00,A,PC,EM_GD,TOTAL,TOTAL,SI,2011,9.3,
ESTAT:ILC_MDES09(1.0),15/02/24 11:00:00,A,PC,EM_GD,TOTAL,TOTAL,SI,2012,8.9,
ESTAT:ILC_MDES09(1.0),15/02/24 11:00:00,A,PC,EM_GD,TOTAL,TOTAL,SI,2013,11.2,
ESTAT:ILC_MDES09(1.0),15/02/24 11:00:00,A,PC,EM_GD,TOTAL,TOTAL,SI,2014,9.8,
ESTAT:ILC_MDES09(1.0),15/02/24 11:00:00,A,PC,EM_GD,TOTAL,TOTAL,SI,2015,9.1,
ESTAT:ILC_MDES09(1.0),15/02/24 11:00:00,A,PC,EM_GD,TOTAL,TOTAL,SI,2016,8.0,
ESTAT:ILC_MDES09(1.0),15/02/24 11:00:00,A,PC,EM_GD,TOTAL,TOTAL,SI,2017,6.5,
ESTAT:ILC_MDES09(1.0),15/02/24 11:00:00,A,PC,EM_GD,TOTAL,TOTAL,SI,2018,5.6,
ESTAT:ILC_MDES09(1.0),15/02/24 11:00:00,A,PC,EM_GD,TOTAL,TOTAL,SI,2019,4.1,
ESTAT:ILC_MDES09(1.0),15/02/24 11:00:00,A,PC,EM_GD,TOTAL,TOTAL,SI,2020,4.7,
ESTAT:ILC_MDES09(1.0),15/02/24 11:00:00,A,PC,EM_GD,TOTAL,TOTAL,SI,2021,2.8,
ESTAT:ILC_MDES09(1.0),15/02/24 11:00:00,A,PC,EM_GD,TOTAL,TOTAL,SI,2022,3.1,
ESTAT:ILC_MDES09(1.0),15/02/24 11:00:00,A,PC,EM_GD,TOTAL,TOTAL,SK,2005,12.5,
ESTAT:ILC_MDES09(1.0),15/02/24 11:00:00,A,PC,EM_GD,TOTAL,TOTAL,SK,2006,12.4,
ESTAT:ILC_MDES09(1.0),15/02/24 11:00:00,A,PC,EM_GD,TOTAL,TOTAL,SK,2007,10.7,
ESTAT:ILC_MDES09(1.0),15/02/24 11:00:00,A,PC,EM_GD,TOTAL,TOTAL,SK,2008,11.6,
ESTAT:ILC_MDES09(1.0),15/02/24 11:00:00,A,PC,EM_GD,TOTAL,TOTAL,SK,2009,11.1,
ESTAT:ILC_MDES09(1.0),15/02/24 11:00:00,A,PC,EM_GD,TOTAL,TOTAL,SK,2010,11.5,
ESTAT:ILC_MDES09(1.0),15/02/24 11:00:00,A,PC,EM_GD,TOTAL,TOTAL,SK,2011,10.7,
ESTAT:ILC_MDES09(1.0),15/02/24 11:00:00,A,PC,EM_GD,TOTAL,TOTAL,SK,2012,11.6,
ESTAT:ILC_MDES09(1.0),15/02/24 11:00:00,A,PC,EM_GD,TOTAL,TOTAL,SK,2013,13.3,
ESTAT:ILC_MDES09(1.0),15/02/24 11:00:00,A,PC,EM_GD,TOTAL,TOTAL,SK,2014,12.6,
ESTAT:ILC_MDES09(1.0),15/02/24 11:00:00,A,PC,EM_GD,TOTAL,TOTAL,SK,2015,11.7,
ESTAT:ILC_MDES09(1.0),15/02/24 11:00:00,A,PC,EM_GD,TOTAL,TOTAL,SK,2016,10.1,
ESTAT:ILC_MDES09(1.0),15/02/24 11:00:00,A,PC,EM_GD,TOTAL,TOTAL,SK,2017,8.1,
ESTAT:ILC_MDES09(1.0),15/02/24 11:00:00,A,PC,EM_GD,TOTAL,TOTAL,SK,2018,8.4,
ESTAT:ILC_MDES09(1.0),15/02/24 11:00:00,A,PC,EM_GD,TOTAL,TOTAL,SK,2019,9.4,
ESTAT:ILC_MDES09(1.0),15/02/24 11:00:00,A,PC,EM_GD,TOTAL,TOTAL,SK,2020,8.6,
ESTAT:ILC_MDES09(1.0),15/02/24 11:00:00,A,PC,EM_GD,TOTAL,TOTAL,SK,2021,9.3,
ESTAT:ILC_MDES09(1.0),15/02/24 11:00:00,A,PC,EM_GD,TOTAL,TOTAL,SK,2022,9.7,
ESTAT:ILC_MDES09(1.0),15/02/24 11:00:00,A,PC,EM_GD,TOTAL,TOTAL,TR,2006,27.0,
ESTAT:ILC_MDES09(1.0),15/02/24 11:00:00,A,PC,EM_GD,TOTAL,TOTAL,TR,2007,26.5,
ESTAT:ILC_MDES09(1.0),15/02/24 11:00:00,A,PC,EM_GD,TOTAL,TOTAL,TR,2008,24.8,
ESTAT:ILC_MDES09(1.0),15/02/24 11:00:00,A,PC,EM_GD,TOTAL,TOTAL,TR,2009,28.1,
ESTAT:ILC_MDES09(1.0),15/02/24 11:00:00,A,PC,EM_GD,TOTAL,TOTAL,TR,2011,20.5,
ESTAT:ILC_MDES09(1.0),15/02/24 11:00:00,A,PC,EM_GD,TOTAL,TOTAL,TR,2012,21.0,
ESTAT:ILC_MDES09(1.0),15/02/24 11:00:00,A,PC,EM_GD,TOTAL,TOTAL,TR,2013,18.8,
ESTAT:ILC_MDES09(1.0),15/02/24 11:00:00,A,PC,EM_GD,TOTAL,TOTAL,TR,2014,11.3,
ESTAT:ILC_MDES09(1.0),15/02/24 11:00:00,A,PC,EM_GD,TOTAL,TOTAL,TR,2015,10.6,
ESTAT:ILC_MDES09(1.0),15/02/24 11:00:00,A,PC,EM_GD,TOTAL,TOTAL,TR,2016,6.8,
ESTAT:ILC_MDES09(1.0),15/02/24 11:00:00,A,PC,EM_GD,TOTAL,TOTAL,TR,2017,3.7,
ESTAT:ILC_MDES09(1.0),15/02/24 11:00:00,A,PC,EM_GD,TOTAL,TOTAL,TR,2018,3.5,
ESTAT:ILC_MDES09(1.0),15/02/24 11:00:00,A,PC,EM_GD,TOTAL,TOTAL,TR,2020,3.5,
ESTAT:ILC_MDES09(1.0),15/02/24 11:00:00,A,PC,EM_GD,TOTAL,TOTAL,TR,2021,4.9,
ESTAT:ILC_MDES09(1.0),15/02/24 11:00:00,A,PC,EM_GD,TOTAL,TOTAL,UK,2005,5.0,
ESTAT:ILC_MDES09(1.0),15/02/24 11:00:00,A,PC,EM_GD,TOTAL,TOTAL,UK,2006,4.9,
ESTAT:ILC_MDES09(1.0),15/02/24 11:00:00,A,PC,EM_GD,TOTAL,TOTAL,UK,2007,4.7,
ESTAT:ILC_MDES09(1.0),15/02/24 11:00:00,A,PC,EM_GD,TOTAL,TOTAL,UK,2008,6.5,
ESTAT:ILC_MDES09(1.0),15/02/24 11:00:00,A,PC,EM_GD,TOTAL,TOTAL,UK,2009,6.8,
ESTAT:ILC_MDES09(1.0),15/02/24 11:00:00,A,PC,EM_GD,TOTAL,TOTAL,UK,2010,6.5,
ESTAT:ILC_MDES09(1.0),15/02/24 11:00:00,A,PC,EM_GD,TOTAL,TOTAL,UK,2011,7.3,
ESTAT:ILC_MDES09(1.0),15/02/24 11:00:00,A,PC,EM_GD,TOTAL,TOTAL,UK,2012,8.0,
ESTAT:ILC_MDES09(1.0),15/02/24 11:00:00,A,PC,EM_GD,TOTAL,TOTAL,UK,2013,9.6,
ESTAT:ILC_MDES09(1.0),15/02/24 11:00:00,A,PC,EM_GD,TOTAL,TOTAL,UK,2014,9.1,
ESTAT:ILC_MDES09(1.0),15/02/24 11:00:00,A,PC,EM_GD,TOTAL,TOTAL,UK,2015,6.4,
ESTAT:ILC_MDES09(1.0),15/02/24 11:00:00,A,PC,EM_GD,TOTAL,TOTAL,UK,2016,6.8,
ESTAT:ILC_MDES09(1.0),15/02/24 11:00:00,A,PC,EM_GD,TOTAL,TOTAL,UK,2017,6.2,bu
ESTAT:ILC_MDES09(1.0),15/02/24 11:00:00,A,PC,EM_GD,TOTAL,TOTAL,UK,2018,5.2,u
ESTAT:ILC_MDES09(1.0),15/02/24 11:00:00,A,PC,EM_GD,TOTAL,TOTAL,XK,2018,17.4,
