DATAFLOW,LAST UPDATE,freq,age,agedef,unit,sex,geo,TIME_PERIOD,OBS_VALUE,OBS_FLAG
ESTAT:MIGR_EMI2(1.0),21/09/23 23:00:00,A,TOTAL,COMPLET,NR,T,AT,1996,66050,
ESTAT:MIGR_EMI2(1.0),21/09/23 23:00:00,A,TOTAL,COMPLET,NR,T,AT,1997,68585,
ESTAT:MIGR_EMI2(1.0),21/09/23 23:00:00,A,TOTAL,COMPLET,NR,T,AT,1998,64272,
ESTAT:MIGR_EMI2(1.0),21/09/23 23:00:00,A,TOTAL,COMPLET,NR,T,AT,1999,66923,
ESTAT:MIGR_EMI2(1.0),21/09/23 23:00:00,A,TOTAL,COMPLET,NR,T,AT,2000,64472,
ESTAT:MIGR_EMI2(1.0),21/09/23 23:00:00,A,TOTAL,COMPLET,NR,T,AT,2001,72654,
ESTAT:MIGR_EMI2(1.0),21/09/23 23:00:00,A,TOTAL,COMPLET,NR,T,AT,2002,74831,b
ESTAT:MIGR_EMI2(1.0),21/09/23 23:00:00,A,TOTAL,COMPLET,NR,T,AT,2003,71996,
ESTAT:MIGR_EMI2(1.0),21/09/23 23:00:00,A,TOTAL,COMPLET,NR,T,AT,2004,71721,
ESTAT:MIGR_EMI2(1.0),21/09/23 23:00:00,A,TOTAL,COMPLET,NR,T,AT,2005,70133,
ESTAT:MIGR_EMI2(1.0),21/09/23 23:00:00,A,TOTAL,COMPLET,NR,T,AT,2006,74432,
ESTAT:MIGR_EMI2(1.0),21/09/23 23:00:00,A,TOTAL,COMPLET,NR,T,AT,2007,49898,b
ESTAT:MIGR_EMI2(1.0),21/09/23 23:00:00,A,TOTAL,COMPLET,NR,T,AT,2008,51563,
ESTAT:MIGR_EMI2(1.0),21/09/23 23:00:00,A,TOTAL,COMPLET,NR,T,AT,2009,53244,
ESTAT:MIGR_EMI2(1.0),21/09/23 23:00:00,A,TOTAL,COMPLET,NR,T,AT,2010,51651,
ESTAT:MIGR_EMI2(1.0),21/09/23 23:00:00,A,TOTAL,COMPLET,NR,T,AT,2011,51197,
ESTAT:MIGR_EMI2(1.0),21/09/23 23:00:00,A,TOTAL,COMPLET,NR,T,AT,2012,51812,
ESTAT:MIGR_EMI2(1.0),21/09/23 23:00:00,A,TOTAL,COMPLET,NR,T,AT,2013,54071,
ESTAT:MIGR_EMI2(1.0),21/09/23 23:00:00,A,TOTAL,COMPLET,NR,T,AT,2014,53491,
ESTAT:MIGR_EMI2(1.0),21/09/23 23:00:00,A,TOTAL,COMPLET,NR,T,AT,2015,56689,
ESTAT:MIGR_EMI2(1.0),21/09/23 23:00:00,A,TOTAL,COMPLET,NR,T,AT,2016,64428,
ESTAT:MIGR_EMI2(1.0),21/09/23 23:00:00,A,TOTAL,COMPLET,NR,T,AT,2017,66144,
ESTAT:MIGR_EMI2(1.0),21/09/23 23:00:00,A,TOTAL,COMPLET,NR,T,AT,2018,67212,
ESTAT:MIGR_EMI2(1.0),21/09/23 23:00:00,A,TOTAL,COMPLET,NR,T,AT,2019,68280,
ESTAT:MIGR_EMI2(1.0),21/09/23 23:00:00,A,TOTAL,COMPLET,NR,T,AT,2020,62581,
ESTAT:MIGR_EMI2(1.0),21/09/23 23:00:00,A,TOTAL,COMPLET,NR,T,AT,2021,67299,
ESTAT:MIGR_EMI2(1.0),21/09/23 23:00:00,A,TOTAL,COMPLET,NR,T,BE,1990,32502,
ESTAT:MIGR_EMI2(1.0),21/09/23 23:00:00,A,TOTAL,COMPLET,NR,T,BE,1991,33752,
ESTAT:MIGR_EMI2(1.0),21/09/23 23:00:00,A,TOTAL,COMPLET,NR,T,BE,1992,33707,
ESTAT:MIGR_EMI2(1.0),21/09/23 23:00:00,A,TOTAL,COMPLET,NR,T,BE,1993,44811,
ESTAT:MIGR_EMI2(1.0),21/09/23 23:00:00,A,TOTAL,COMPLET,NR,T,BE,1994,36530,
ESTAT:MIGR_EMI2(1.0),21/09/23 23:00:00,A,TOTAL,COMPLET,NR,T,BE,1995,36044,
ESTAT:MIGR_EMI2(1.0),21/09/23 23:00:00,A,TOTAL,COMPLET,NR,T,BE,1996,36674,
ESTAT:MIGR_EMI2(1.0),21/09/23 23:00:00,A,TOTAL,COMPLET,NR,T,BE,1997,39320,
ESTAT:MIGR_EMI2(1.0),21/09/23 23:00:00,A,TOTAL,COMPLET,NR,T,BE,1998,72087,
ESTAT:MIGR_EMI2(1.0),21/09/23 23:00:00,A,TOTAL,COMPLET,NR,T,BE,1999,74097,
ESTAT:MIGR_EMI2(1.0),21/09/23 23:00:00,A,TOTAL,COMPLET,NR,T,BE,2000,75320,
ESTAT:MIGR_EMI2(1.0),21/09/23 23:00:00,A,TOTAL,COMPLET,NR,T,BE,2001,75261,
ESTAT:MIGR_EMI2(1.0),21/09/23 23:00:00,A,TOTAL,COMPLET,NR,T,BE,2002,75960,
ESTAT:MIGR_EMI2(1.0),21/09/23 23:00:00,A,TOTAL,COMPLET,NR,T,BE,2003,79399,
ESTAT:MIGR_EMI2(1.0),21/09/23 23:00:00,A,TOTAL,COMPLET,NR,T,BE,2004,83895,
ESTAT:MIGR_EMI2(1.0),21/09/23 23:00:00,A,TOTAL,COMPLET,NR,T,BE,2005,86899,
ESTAT:MIGR_EMI2(1.0),21/09/23 23:00:00,A,TOTAL,COMPLET,NR,T,BE,2006,88163,
ESTAT:MIGR_EMI2(1.0),21/09/23 23:00:00,A,TOTAL,COMPLET,NR,T,BE,2007,91052,
ESTAT:MIGR_EMI2(1.0),21/09/23 23:00:00,A,TOTAL,COMPLET,NR,T,BE,2010,66013,b
ESTAT:MIGR_EMI2(1.0),21/09/23 23:00:00,A,TOTAL,COMPLET,NR,T,BE,2011,84148,b
ESTAT:MIGR_EMI2(1.0),21/09/23 23:00:00,A,TOTAL,COMPLET,NR,T,BE,2012,93600,
ESTAT:MIGR_EMI2(1.0),21/09/23 23:00:00,A,TOTAL,COMPLET,NR,T,BE,2013,102657,
ESTAT:MIGR_EMI2(1.0),21/09/23 23:00:00,A,TOTAL,COMPLET,NR,T,BE,2014,94573,
ESTAT:MIGR_EMI2(1.0),21/09/23 23:00:00,A,TOTAL,COMPLET,NR,T,BE,2015,89794,
ESTAT:MIGR_EMI2(1.0),21/09/23 23:00:00,A,TOTAL,COMPLET,NR,T,BE,2016,92471,
ESTAT:MIGR_EMI2(1.0),21/09/23 23:00:00,A,TOTAL,COMPLET,NR,T,BE,2017,89690,
ESTAT:MIGR_EMI2(1.0),21/09/23 23:00:00,A,TOTAL,COMPLET,NR,T,BE,2018,88935,
ESTAT:MIGR_EMI2(1.0),21/09/23 23:00:00,A,TOTAL,COMPLET,NR,T,BE,2019,102936,
ESTAT:MIGR_EMI2(1.0),21/09/23 23:00:00,A,TOTAL,COMPLET,NR,T,BE,2020,76562,
ESTAT:MIGR_EMI2(1.0),21/09/23 23:00:00,A,TOTAL,COMPLET,NR,T,BE,2021,87272,
ESTAT:MIGR_EMI2(1.0),21/09/23 23:00:00,A,TOTAL,COMPLET,NR,T,BG,2007,2958,
ESTAT:MIGR_EMI2(1.0),21/09/23 23:00:00,A,TOTAL,COMPLET,NR,T,BG,2012,16615,bp
ESTAT:MIGR_EMI2(1.0),21/09/23 23:00:00,A,TOTAL,COMPLET,NR,T,BG,2013,19678,p
ESTAT:MIGR_EMI2(1.0),21/09/23 23:00:00,A,TOTAL,COMPLET,NR,T,BG,2014,28727,p
ESTAT:MIGR_EMI2(1.0),21/09/23 23:00:00,A,TOTAL,COMPLET,NR,T,BG,2015,29470,p
ESTAT:MIGR_EMI2(1.0),21/09/23 23:00:00,A,TOTAL,COMPLET,NR,T,BG,2016,30570,
ESTAT:MIGR_EMI2(1.0),21/09/23 23:00:00,A,TOTAL,COMPLET,NR,T,BG,2017,31586,p
ESTAT:MIGR_EMI2(1.0),21/09/23 23:00:00,A,TOTAL,COMPLET,NR,T,BG,2018,33225,p
ESTAT:MIGR_EMI2(1.0),21/09/23 23:00:00,A,TOTAL,COMPLET,NR,T,BG,2019,39941,p
ESTAT:MIGR_EMI2(1.0),21/09/23 23:00:00,A,TOTAL,COMPLET,NR,T,BG,2020,6649,p
ESTAT:MIGR_EMI2(1.0),21/09/23 23:00:00,A,TOTAL,COMPLET,NR,T,BG,2021,26755,
ESTAT:MIGR_EMI2(1.0),21/09/23 23:00:00,A,TOTAL,COMPLET,NR,T,CH,1990,97601,
ESTAT:MIGR_EMI2(1.0),21/09/23 23:00:00,A,TOTAL,COMPLET,NR,T,CH,1991,103333,
ESTAT:MIGR_EMI2(1.0),21/09/23 23:00:00,A,TOTAL,COMPLET,NR,T,CH,1992,117034,
ESTAT:MIGR_EMI2(1.0),21/09/23 23:00:00,A,TOTAL,COMPLET,NR,T,CH,1993,105025,
ESTAT:MIGR_EMI2(1.0),21/09/23 23:00:00,A,TOTAL,COMPLET,NR,T,CH,1994,99305,
ESTAT:MIGR_EMI2(1.0),21/09/23 23:00:00,A,TOTAL,COMPLET,NR,T,CH,1995,99509,
ESTAT:MIGR_EMI2(1.0),21/09/23 23:00:00,A,TOTAL,COMPLET,NR,T,CH,1996,103398,
ESTAT:MIGR_EMI2(1.0),21/09/23 23:00:00,A,TOTAL,COMPLET,NR,T,CH,1997,98521,
ESTAT:MIGR_EMI2(1.0),21/09/23 23:00:00,A,TOTAL,COMPLET,NR,T,CH,1998,94778,
ESTAT:MIGR_EMI2(1.0),21/09/23 23:00:00,A,TOTAL,COMPLET,NR,T,CH,1999,91804,
ESTAT:MIGR_EMI2(1.0),21/09/23 23:00:00,A,TOTAL,COMPLET,NR,T,CH,2000,90078,
ESTAT:MIGR_EMI2(1.0),21/09/23 23:00:00,A,TOTAL,COMPLET,NR,T,CH,2001,82234,
ESTAT:MIGR_EMI2(1.0),21/09/23 23:00:00,A,TOTAL,COMPLET,NR,T,CH,2002,78419,
ESTAT:MIGR_EMI2(1.0),21/09/23 23:00:00,A,TOTAL,COMPLET,NR,T,CH,2003,76756,
ESTAT:MIGR_EMI2(1.0),21/09/23 23:00:00,A,TOTAL,COMPLET,NR,T,CH,2004,79726,
ESTAT:MIGR_EMI2(1.0),21/09/23 23:00:00,A,TOTAL,COMPLET,NR,T,CH,2005,82090,
ESTAT:MIGR_EMI2(1.0),21/09/23 23:00:00,A,TOTAL,COMPLET,NR,T,CH,2006,88218,
ESTAT:MIGR_EMI2(1.0),21/09/23 23:00:00,A,TOTAL,COMPLET,NR,T,CH,2007,90175,
ESTAT:MIGR_EMI2(1.0),21/09/23 23:00:00,A,TOTAL,COMPLET,NR,T,CH,2008,86130,
ESTAT:MIGR_EMI2(1.0),21/09/23 23:00:00,A,TOTAL,COMPLET,NR,T,CH,2009,86036,
ESTAT:MIGR_EMI2(1.0),21/09/23 23:00:00,A,TOTAL,COMPLET,NR,T,CH,2010,96839,
ESTAT:MIGR_EMI2(1.0),21/09/23 23:00:00,A,TOTAL,COMPLET,NR,T,CH,2011,96494,b
ESTAT:MIGR_EMI2(1.0),21/09/23 23:00:00,A,TOTAL,COMPLET,NR,T,CH,2012,103881,
ESTAT:MIGR_EMI2(1.0),21/09/23 23:00:00,A,TOTAL,COMPLET,NR,T,CH,2013,106196,
ESTAT:MIGR_EMI2(1.0),21/09/23 23:00:00,A,TOTAL,COMPLET,NR,T,CH,2014,111103,
ESTAT:MIGR_EMI2(1.0),21/09/23 23:00:00,A,TOTAL,COMPLET,NR,T,CH,2015,116631,
ESTAT:MIGR_EMI2(1.0),21/09/23 23:00:00,A,TOTAL,COMPLET,NR,T,CH,2016,120653,
ESTAT:MIGR_EMI2(1.0),21/09/23 23:00:00,A,TOTAL,COMPLET,NR,T,CH,2017,124997,
ESTAT:MIGR_EMI2(1.0),21/09/23 23:00:00,A,TOTAL,COMPLET,NR,T,CH,2018,130225,
ESTAT:MIGR_EMI2(1.0),21/09/23 23:00:00,A,TOTAL,COMPLET,NR,T,CH,2019,126221,
ESTAT:MIGR_EMI2(1.0),21/09/23 23:00:00,A,TOTAL,COMPLET,NR,T,CH,2020,109376,
ESTAT:MIGR_EMI2(1.0),21/09/23 23:00:00,A,TOTAL,COMPLET,NR,T,CH,2021,116769,
ESTAT:MIGR_EMI2(1.0),21/09/23 23:00:00,A,TOTAL,COMPLET,NR,T,CY,2002,1474,
ESTAT:MIGR_EMI2(1.0),21/09/23 23:00:00,A,TOTAL,COMPLET,NR,T,CY,2003,1696,
ESTAT:MIGR_EMI2(1.0),21/09/23 23:00:00,A,TOTAL,COMPLET,NR,T,CY,2004,1913,
ESTAT:MIGR_EMI2(1.0),21/09/23 23:00:00,A,TOTAL,COMPLET,NR,T,CY,2005,2192,
ESTAT:MIGR_EMI2(1.0),21/09/23 23:00:00,A,TOTAL,COMPLET,NR,T,CY,2006,2778,
ESTAT:MIGR_EMI2(1.0),21/09/23 23:00:00,A,TOTAL,COMPLET,NR,T,CY,2007,4106,
ESTAT:MIGR_EMI2(1.0),21/09/23 23:00:00,A,TOTAL,COMPLET,NR,T,CY,2009,4797,b
ESTAT:MIGR_EMI2(1.0),21/09/23 23:00:00,A,TOTAL,COMPLET,NR,T,CY,2010,4293,
ESTAT:MIGR_EMI2(1.0),21/09/23 23:00:00,A,TOTAL,COMPLET,NR,T,CY,2011,4895,
ESTAT:MIGR_EMI2(1.0),21/09/23 23:00:00,A,TOTAL,COMPLET,NR,T,CY,2012,18105,
ESTAT:MIGR_EMI2(1.0),21/09/23 23:00:00,A,TOTAL,COMPLET,NR,T,CY,2013,25227,
ESTAT:MIGR_EMI2(1.0),21/09/23 23:00:00,A,TOTAL,COMPLET,NR,T,CY,2014,24038,
ESTAT:MIGR_EMI2(1.0),21/09/23 23:00:00,A,TOTAL,COMPLET,NR,T,CY,2015,17183,
ESTAT:MIGR_EMI2(1.0),21/09/23 23:00:00,A,TOTAL,COMPLET,NR,T,CY,2016,14892,
ESTAT:MIGR_EMI2(1.0),21/09/23 23:00:00,A,TOTAL,COMPLET,NR,T,CY,2017,15105,
ESTAT:MIGR_EMI2(1.0),21/09/23 23:00:00,A,TOTAL,COMPLET,NR,T,CY,2018,15340,
ESTAT:MIGR_EMI2(1.0),21/09/23 23:00:00,A,TOTAL,COMPLET,NR,T,CY,2019,17373,
ESTAT:MIGR_EMI2(1.0),21/09/23 23:00:00,A,TOTAL,COMPLET,NR,T,CY,2020,21368,
ESTAT:MIGR_EMI2(1.0),21/09/23 23:00:00,A,TOTAL,COMPLET,NR,T,CY,2021,18410,
ESTAT:MIGR_EMI2(1.0),21/09/23 23:00:00,A,TOTAL,COMPLET,NR,T,CZ,2001,21469,
ESTAT:MIGR_EMI2(1.0),21/09/23 23:00:00,A,TOTAL,COMPLET,NR,T,CZ,2002,32389,
ESTAT:MIGR_EMI2(1.0),21/09/23 23:00:00,A,TOTAL,COMPLET,NR,T,CZ,2003,34226,
ESTAT:MIGR_EMI2(1.0),21/09/23 23:00:00,A,TOTAL,COMPLET,NR,T,CZ,2004,34818,
ESTAT:MIGR_EMI2(1.0),21/09/23 23:00:00,A,TOTAL,COMPLET,NR,T,CZ,2005,24065,
ESTAT:MIGR_EMI2(1.0),21/09/23 23:00:00,A,TOTAL,COMPLET,NR,T,CZ,2006,33463,
ESTAT:MIGR_EMI2(1.0),21/09/23 23:00:00,A,TOTAL,COMPLET,NR,T,CZ,2007,20500,
ESTAT:MIGR_EMI2(1.0),21/09/23 23:00:00,A,TOTAL,COMPLET,NR,T,CZ,2008,51478,b
ESTAT:MIGR_EMI2(1.0),21/09/23 23:00:00,A,TOTAL,COMPLET,NR,T,CZ,2009,61782,
ESTAT:MIGR_EMI2(1.0),21/09/23 23:00:00,A,TOTAL,COMPLET,NR,T,CZ,2010,61069,
ESTAT:MIGR_EMI2(1.0),21/09/23 23:00:00,A,TOTAL,COMPLET,NR,T,CZ,2011,55910,b
ESTAT:MIGR_EMI2(1.0),21/09/23 23:00:00,A,TOTAL,COMPLET,NR,T,CZ,2012,46106,
ESTAT:MIGR_EMI2(1.0),21/09/23 23:00:00,A,TOTAL,COMPLET,NR,T,CZ,2013,25894,b
ESTAT:MIGR_EMI2(1.0),21/09/23 23:00:00,A,TOTAL,COMPLET,NR,T,CZ,2014,28468,
ESTAT:MIGR_EMI2(1.0),21/09/23 23:00:00,A,TOTAL,COMPLET,NR,T,CZ,2015,25684,
ESTAT:MIGR_EMI2(1.0),21/09/23 23:00:00,A,TOTAL,COMPLET,NR,T,CZ,2016,38864,
ESTAT:MIGR_EMI2(1.0),21/09/23 23:00:00,A,TOTAL,COMPLET,NR,T,CZ,2017,27316,
ESTAT:MIGR_EMI2(1.0),21/09/23 23:00:00,A,TOTAL,COMPLET,NR,T,CZ,2018,26742,
ESTAT:MIGR_EMI2(1.0),21/09/23 23:00:00,A,TOTAL,COMPLET,NR,T,CZ,2019,77798,
ESTAT:MIGR_EMI2(1.0),21/09/23 23:00:00,A,TOTAL,COMPLET,NR,T,CZ,2020,35854,
ESTAT:MIGR_EMI2(1.0),21/09/23 23:00:00,A,TOTAL,COMPLET,NR,T,CZ,2021,18630,
ESTAT:MIGR_EMI2(1.0),21/09/23 23:00:00,A,TOTAL,COMPLET,NR,T,DE,1990,610595,
ESTAT:MIGR_EMI2(1.0),21/09/23 23:00:00,A,TOTAL,COMPLET,NR,T,DE,1991,596455,
ESTAT:MIGR_EMI2(1.0),21/09/23 23:00:00,A,TOTAL,COMPLET,NR,T,DE,1992,720127,
ESTAT:MIGR_EMI2(1.0),21/09/23 23:00:00,A,TOTAL,COMPLET,NR,T,DE,1993,815312,
ESTAT:MIGR_EMI2(1.0),21/09/23 23:00:00,A,TOTAL,COMPLET,NR,T,DE,1994,767555,
ESTAT:MIGR_EMI2(1.0),21/09/23 23:00:00,A,TOTAL,COMPLET,NR,T,DE,1995,698113,
ESTAT:MIGR_EMI2(1.0),21/09/23 23:00:00,A,TOTAL,COMPLET,NR,T,DE,1996,677494,
ESTAT:MIGR_EMI2(1.0),21/09/23 23:00:00,A,TOTAL,COMPLET,NR,T,DE,1997,746969,
ESTAT:MIGR_EMI2(1.0),21/09/23 23:00:00,A,TOTAL,COMPLET,NR,T,DE,1998,755358,
ESTAT:MIGR_EMI2(1.0),21/09/23 23:00:00,A,TOTAL,COMPLET,NR,T,DE,1999,672048,
ESTAT:MIGR_EMI2(1.0),21/09/23 23:00:00,A,TOTAL,COMPLET,NR,T,DE,2000,674038,
ESTAT:MIGR_EMI2(1.0),21/09/23 23:00:00,A,TOTAL,COMPLET,NR,T,DE,2001,606494,
ESTAT:MIGR_EMI2(1.0),21/09/23 23:00:00,A,TOTAL,COMPLET,NR,T,DE,2002,623255,
ESTAT:MIGR_EMI2(1.0),21/09/23 23:00:00,A,TOTAL,COMPLET,NR,T,DE,2003,626330,
ESTAT:MIGR_EMI2(1.0),21/09/23 23:00:00,A,TOTAL,COMPLET,NR,T,DE,2004,697632,
ESTAT:MIGR_EMI2(1.0),21/09/23 23:00:00,A,TOTAL,COMPLET,NR,T,DE,2005,628399,
ESTAT:MIGR_EMI2(1.0),21/09/23 23:00:00,A,TOTAL,COMPLET,NR,T,DE,2006,639064,
ESTAT:MIGR_EMI2(1.0),21/09/23 23:00:00,A,TOTAL,COMPLET,NR,T,DE,2007,636854,
ESTAT:MIGR_EMI2(1.0),21/09/23 23:00:00,A,TOTAL,COMPLET,NR,T,DE,2008,737889,
ESTAT:MIGR_EMI2(1.0),21/09/23 23:00:00,A,TOTAL,COMPLET,NR,T,DE,2009,286582,b
ESTAT:MIGR_EMI2(1.0),21/09/23 23:00:00,A,TOTAL,COMPLET,NR,T,DE,2010,252456,
ESTAT:MIGR_EMI2(1.0),21/09/23 23:00:00,A,TOTAL,COMPLET,NR,T,DE,2011,249045,
ESTAT:MIGR_EMI2(1.0),21/09/23 23:00:00,A,TOTAL,COMPLET,NR,T,DE,2012,240001,
ESTAT:MIGR_EMI2(1.0),21/09/23 23:00:00,A,TOTAL,COMPLET,NR,T,DE,2013,259328,
ESTAT:MIGR_EMI2(1.0),21/09/23 23:00:00,A,TOTAL,COMPLET,NR,T,DE,2014,324221,e
ESTAT:MIGR_EMI2(1.0),21/09/23 23:00:00,A,TOTAL,COMPLET,NR,T,DE,2015,338403,e
ESTAT:MIGR_EMI2(1.0),21/09/23 23:00:00,A,TOTAL,COMPLET,NR,T,DE,2016,533762,be
ESTAT:MIGR_EMI2(1.0),21/09/23 23:00:00,A,TOTAL,COMPLET,NR,T,DE,2017,560700,be
ESTAT:MIGR_EMI2(1.0),21/09/23 23:00:00,A,TOTAL,COMPLET,NR,T,DE,2018,540415,e
ESTAT:MIGR_EMI2(1.0),21/09/23 23:00:00,A,TOTAL,COMPLET,NR,T,DE,2019,576319,be
ESTAT:MIGR_EMI2(1.0),21/09/23 23:00:00,A,TOTAL,COMPLET,NR,T,DE,2020,488138,be
ESTAT:MIGR_EMI2(1.0),21/09/23 23:00:00,A,TOTAL,COMPLET,NR,T,DE,2021,543162,
ESTAT:MIGR_EMI2(1.0),21/09/23 23:00:00,A,TOTAL,COMPLET,NR,T,DK,1990,32383,
ESTAT:MIGR_EMI2(1.0),21/09/23 23:00:00,A,TOTAL,COMPLET,NR,T,DK,1991,32629,
ESTAT:MIGR_EMI2(1.0),21/09/23 23:00:00,A,TOTAL,COMPLET,NR,T,DK,1992,31915,
ESTAT:MIGR_EMI2(1.0),21/09/23 23:00:00,A,TOTAL,COMPLET,NR,T,DK,1993,32344,
ESTAT:MIGR_EMI2(1.0),21/09/23 23:00:00,A,TOTAL,COMPLET,NR,T,DK,1994,34710,
ESTAT:MIGR_EMI2(1.0),21/09/23 23:00:00,A,TOTAL,COMPLET,NR,T,DK,1995,34630,
ESTAT:MIGR_EMI2(1.0),21/09/23 23:00:00,A,TOTAL,COMPLET,NR,T,DK,1996,37312,
ESTAT:MIGR_EMI2(1.0),21/09/23 23:00:00,A,TOTAL,COMPLET,NR,T,DK,1997,38393,
ESTAT:MIGR_EMI2(1.0),21/09/23 23:00:00,A,TOTAL,COMPLET,NR,T,DK,1998,40340,
ESTAT:MIGR_EMI2(1.0),21/09/23 23:00:00,A,TOTAL,COMPLET,NR,T,DK,1999,41340,
ESTAT:MIGR_EMI2(1.0),21/09/23 23:00:00,A,TOTAL,COMPLET,NR,T,DK,2000,43417,
ESTAT:MIGR_EMI2(1.0),21/09/23 23:00:00,A,TOTAL,COMPLET,NR,T,DK,2001,43980,
ESTAT:MIGR_EMI2(1.0),21/09/23 23:00:00,A,TOTAL,COMPLET,NR,T,DK,2002,43481,
ESTAT:MIGR_EMI2(1.0),21/09/23 23:00:00,A,TOTAL,COMPLET,NR,T,DK,2003,43466,
ESTAT:MIGR_EMI2(1.0),21/09/23 23:00:00,A,TOTAL,COMPLET,NR,T,DK,2004,45017,
ESTAT:MIGR_EMI2(1.0),21/09/23 23:00:00,A,TOTAL,COMPLET,NR,T,DK,2005,45869,
ESTAT:MIGR_EMI2(1.0),21/09/23 23:00:00,A,TOTAL,COMPLET,NR,T,DK,2006,46786,
ESTAT:MIGR_EMI2(1.0),21/09/23 23:00:00,A,TOTAL,COMPLET,NR,T,DK,2007,41566,
ESTAT:MIGR_EMI2(1.0),21/09/23 23:00:00,A,TOTAL,COMPLET,NR,T,DK,2008,38356,b
ESTAT:MIGR_EMI2(1.0),21/09/23 23:00:00,A,TOTAL,COMPLET,NR,T,DK,2009,39899,
ESTAT:MIGR_EMI2(1.0),21/09/23 23:00:00,A,TOTAL,COMPLET,NR,T,DK,2010,41456,
ESTAT:MIGR_EMI2(1.0),21/09/23 23:00:00,A,TOTAL,COMPLET,NR,T,DK,2011,41593,
ESTAT:MIGR_EMI2(1.0),21/09/23 23:00:00,A,TOTAL,COMPLET,NR,T,DK,2012,43663,
ESTAT:MIGR_EMI2(1.0),21/09/23 23:00:00,A,TOTAL,COMPLET,NR,T,DK,2013,43310,
ESTAT:MIGR_EMI2(1.0),21/09/23 23:00:00,A,TOTAL,COMPLET,NR,T,DK,2014,44426,
ESTAT:MIGR_EMI2(1.0),21/09/23 23:00:00,A,TOTAL,COMPLET,NR,T,DK,2015,44625,
ESTAT:MIGR_EMI2(1.0),21/09/23 23:00:00,A,TOTAL,COMPLET,NR,T,DK,2016,52654,
ESTAT:MIGR_EMI2(1.0),21/09/23 23:00:00,A,TOTAL,COMPLET,NR,T,DK,2017,56403,
ESTAT:MIGR_EMI2(1.0),21/09/23 23:00:00,A,TOTAL,COMPLET,NR,T,DK,2018,60381,
ESTAT:MIGR_EMI2(1.0),21/09/23 23:00:00,A,TOTAL,COMPLET,NR,T,DK,2019,66520,
ESTAT:MIGR_EMI2(1.0),21/09/23 23:00:00,A,TOTAL,COMPLET,NR,T,DK,2020,53822,
ESTAT:MIGR_EMI2(1.0),21/09/23 23:00:00,A,TOTAL,COMPLET,NR,T,DK,2021,44008,
ESTAT:MIGR_EMI2(1.0),21/09/23 23:00:00,A,TOTAL,COMPLET,NR,T,EE,1994,9063,
ESTAT:MIGR_EMI2(1.0),21/09/23 23:00:00,A,TOTAL,COMPLET,NR,T,EE,1995,9460,
ESTAT:MIGR_EMI2(1.0),21/09/23 23:00:00,A,TOTAL,COMPLET,NR,T,EE,1996,7134,
ESTAT:MIGR_EMI2(1.0),21/09/23 23:00:00,A,TOTAL,COMPLET,NR,T,EE,1997,4071,
ESTAT:MIGR_EMI2(1.0),21/09/23 23:00:00,A,TOTAL,COMPLET,NR,T,EE,1998,2507,
ESTAT:MIGR_EMI2(1.0),21/09/23 23:00:00,A,TOTAL,COMPLET,NR,T,EE,1999,1882,
ESTAT:MIGR_EMI2(1.0),21/09/23 23:00:00,A,TOTAL,COMPLET,NR,T,EE,2000,1784,
ESTAT:MIGR_EMI2(1.0),21/09/23 23:00:00,A,TOTAL,COMPLET,NR,T,EE,2001,2175,
ESTAT:MIGR_EMI2(1.0),21/09/23 23:00:00,A,TOTAL,COMPLET,NR,T,EE,2002,2038,
ESTAT:MIGR_EMI2(1.0),21/09/23 23:00:00,A,TOTAL,COMPLET,NR,T,EE,2003,3073,
ESTAT:MIGR_EMI2(1.0),21/09/23 23:00:00,A,TOTAL,COMPLET,NR,T,EE,2004,2927,
ESTAT:MIGR_EMI2(1.0),21/09/23 23:00:00,A,TOTAL,COMPLET,NR,T,EE,2005,4610,
ESTAT:MIGR_EMI2(1.0),21/09/23 23:00:00,A,TOTAL,COMPLET,NR,T,EE,2006,5527,
ESTAT:MIGR_EMI2(1.0),21/09/23 23:00:00,A,TOTAL,COMPLET,NR,T,EE,2007,4384,
ESTAT:MIGR_EMI2(1.0),21/09/23 23:00:00,A,TOTAL,COMPLET,NR,T,EE,2008,4406,b
ESTAT:MIGR_EMI2(1.0),21/09/23 23:00:00,A,TOTAL,COMPLET,NR,T,EE,2009,4658,
ESTAT:MIGR_EMI2(1.0),21/09/23 23:00:00,A,TOTAL,COMPLET,NR,T,EE,2010,5294,
ESTAT:MIGR_EMI2(1.0),21/09/23 23:00:00,A,TOTAL,COMPLET,NR,T,EE,2011,6214,
ESTAT:MIGR_EMI2(1.0),21/09/23 23:00:00,A,TOTAL,COMPLET,NR,T,EE,2012,6321,
ESTAT:MIGR_EMI2(1.0),21/09/23 23:00:00,A,TOTAL,COMPLET,NR,T,EE,2013,6740,
ESTAT:MIGR_EMI2(1.0),21/09/23 23:00:00,A,TOTAL,COMPLET,NR,T,EE,2014,4637,
ESTAT:MIGR_EMI2(1.0),21/09/23 23:00:00,A,TOTAL,COMPLET,NR,T,EE,2015,13003,b
ESTAT:MIGR_EMI2(1.0),21/09/23 23:00:00,A,TOTAL,COMPLET,NR,T,EE,2016,13792,
ESTAT:MIGR_EMI2(1.0),21/09/23 23:00:00,A,TOTAL,COMPLET,NR,T,EE,2017,12358,
ESTAT:MIGR_EMI2(1.0),21/09/23 23:00:00,A,TOTAL,COMPLET,NR,T,EE,2018,10476,
ESTAT:MIGR_EMI2(1.0),21/09/23 23:00:00,A,TOTAL,COMPLET,NR,T,EE,2019,12801,
ESTAT:MIGR_EMI2(1.0),21/09/23 23:00:00,A,TOTAL,COMPLET,NR,T,EE,2020,12427,
ESTAT:MIGR_EMI2(1.0),21/09/23 23:00:00,A,TOTAL,COMPLET,NR,T,EE,2021,12481,
ESTAT:MIGR_EMI2(1.0),21/09/23 23:00:00,A,TOTAL,COMPLET,NR,T,EL,1991,64628,
ESTAT:MIGR_EMI2(1.0),21/09/23 23:00:00,A,TOTAL,COMPLET,NR,T,EL,1992,52389,
ESTAT:MIGR_EMI2(1.0),21/09/23 23:00:00,A,TOTAL,COMPLET,NR,T,EL,1993,52929,
ESTAT:MIGR_EMI2(1.0),21/09/23 23:00:00,A,TOTAL,COMPLET,NR,T,EL,1994,46813,
ESTAT:MIGR_EMI2(1.0),21/09/23 23:00:00,A,TOTAL,COMPLET,NR,T,EL,1995,47967,
ESTAT:MIGR_EMI2(1.0),21/09/23 23:00:00,A,TOTAL,COMPLET,NR,T,EL,1996,54628,
ESTAT:MIGR_EMI2(1.0),21/09/23 23:00:00,A,TOTAL,COMPLET,NR,T,EL,1997,51794,
ESTAT:MIGR_EMI2(1.0),21/09/23 23:00:00,A,TOTAL,COMPLET,NR,T,EL,1998,60119,
ESTAT:MIGR_EMI2(1.0),21/09/23 23:00:00,A,TOTAL,COMPLET,NR,T,EL,1999,54175,
ESTAT:MIGR_EMI2(1.0),21/09/23 23:00:00,A,TOTAL,COMPLET,NR,T,EL,2000,46993,
ESTAT:MIGR_EMI2(1.0),21/09/23 23:00:00,A,TOTAL,COMPLET,NR,T,EL,2001,45909,
ESTAT:MIGR_EMI2(1.0),21/09/23 23:00:00,A,TOTAL,COMPLET,NR,T,EL,2002,39378,b
ESTAT:MIGR_EMI2(1.0),21/09/23 23:00:00,A,TOTAL,COMPLET,NR,T,EL,2003,37433,
ESTAT:MIGR_EMI2(1.0),21/09/23 23:00:00,A,TOTAL,COMPLET,NR,T,EL,2004,38041,
ESTAT:MIGR_EMI2(1.0),21/09/23 23:00:00,A,TOTAL,COMPLET,NR,T,EL,2005,38583,
ESTAT:MIGR_EMI2(1.0),21/09/23 23:00:00,A,TOTAL,COMPLET,NR,T,EL,2006,38368,
ESTAT:MIGR_EMI2(1.0),21/09/23 23:00:00,A,TOTAL,COMPLET,NR,T,EL,2007,40400,
ESTAT:MIGR_EMI2(1.0),21/09/23 23:00:00,A,TOTAL,COMPLET,NR,T,EL,2008,43044,b
ESTAT:MIGR_EMI2(1.0),21/09/23 23:00:00,A,TOTAL,COMPLET,NR,T,EL,2009,43686,
ESTAT:MIGR_EMI2(1.0),21/09/23 23:00:00,A,TOTAL,COMPLET,NR,T,EL,2010,62041,b
ESTAT:MIGR_EMI2(1.0),21/09/23 23:00:00,A,TOTAL,COMPLET,NR,T,EL,2011,92404,
ESTAT:MIGR_EMI2(1.0),21/09/23 23:00:00,A,TOTAL,COMPLET,NR,T,EL,2012,124694,
ESTAT:MIGR_EMI2(1.0),21/09/23 23:00:00,A,TOTAL,COMPLET,NR,T,EL,2013,117094,
ESTAT:MIGR_EMI2(1.0),21/09/23 23:00:00,A,TOTAL,COMPLET,NR,T,EL,2014,106804,b
ESTAT:MIGR_EMI2(1.0),21/09/23 23:00:00,A,TOTAL,COMPLET,NR,T,EL,2015,109351,
ESTAT:MIGR_EMI2(1.0),21/09/23 23:00:00,A,TOTAL,COMPLET,NR,T,EL,2016,106535,
ESTAT:MIGR_EMI2(1.0),21/09/23 23:00:00,A,TOTAL,COMPLET,NR,T,EL,2017,103327,
ESTAT:MIGR_EMI2(1.0),21/09/23 23:00:00,A,TOTAL,COMPLET,NR,T,EL,2018,103049,
ESTAT:MIGR_EMI2(1.0),21/09/23 23:00:00,A,TOTAL,COMPLET,NR,T,EL,2019,95020,
ESTAT:MIGR_EMI2(1.0),21/09/23 23:00:00,A,TOTAL,COMPLET,NR,T,EL,2020,77837,
ESTAT:MIGR_EMI2(1.0),21/09/23 23:00:00,A,TOTAL,COMPLET,NR,T,EL,2021,79596,
ESTAT:MIGR_EMI2(1.0),21/09/23 23:00:00,A,TOTAL,COMPLET,NR,T,ES,2002,36605,
ESTAT:MIGR_EMI2(1.0),21/09/23 23:00:00,A,TOTAL,COMPLET,NR,T,ES,2003,25959,
ESTAT:MIGR_EMI2(1.0),21/09/23 23:00:00,A,TOTAL,COMPLET,NR,T,ES,2004,55092,
ESTAT:MIGR_EMI2(1.0),21/09/23 23:00:00,A,TOTAL,COMPLET,NR,T,ES,2005,68011,
ESTAT:MIGR_EMI2(1.0),21/09/23 23:00:00,A,TOTAL,COMPLET,NR,T,ES,2006,142296,
ESTAT:MIGR_EMI2(1.0),21/09/23 23:00:00,A,TOTAL,COMPLET,NR,T,ES,2007,227065,
ESTAT:MIGR_EMI2(1.0),21/09/23 23:00:00,A,TOTAL,COMPLET,NR,T,ES,2008,288432,b
ESTAT:MIGR_EMI2(1.0),21/09/23 23:00:00,A,TOTAL,COMPLET,NR,T,ES,2009,380121,
ESTAT:MIGR_EMI2(1.0),21/09/23 23:00:00,A,TOTAL,COMPLET,NR,T,ES,2010,403377,
ESTAT:MIGR_EMI2(1.0),21/09/23 23:00:00,A,TOTAL,COMPLET,NR,T,ES,2011,409034,
ESTAT:MIGR_EMI2(1.0),21/09/23 23:00:00,A,TOTAL,COMPLET,NR,T,ES,2012,446606,
ESTAT:MIGR_EMI2(1.0),21/09/23 23:00:00,A,TOTAL,COMPLET,NR,T,ES,2013,532303,
ESTAT:MIGR_EMI2(1.0),21/09/23 23:00:00,A,TOTAL,COMPLET,NR,T,ES,2014,400430,
ESTAT:MIGR_EMI2(1.0),21/09/23 23:00:00,A,TOTAL,COMPLET,NR,T,ES,2015,343875,
ESTAT:MIGR_EMI2(1.0),21/09/23 23:00:00,A,TOTAL,COMPLET,NR,T,ES,2016,327325,
ESTAT:MIGR_EMI2(1.0),21/09/23 23:00:00,A,TOTAL,COMPLET,NR,T,ES,2017,368860,
ESTAT:MIGR_EMI2(1.0),21/09/23 23:00:00,A,TOTAL,COMPLET,NR,T,ES,2018,309526,
ESTAT:MIGR_EMI2(1.0),21/09/23 23:00:00,A,TOTAL,COMPLET,NR,T,ES,2019,296248,
ESTAT:MIGR_EMI2(1.0),21/09/23 23:00:00,A,TOTAL,COMPLET,NR,T,ES,2020,248561,
ESTAT:MIGR_EMI2(1.0),21/09/23 23:00:00,A,TOTAL,COMPLET,NR,T,ES,2021,380786,
ESTAT:MIGR_EMI2(1.0),21/09/23 23:00:00,A,TOTAL,COMPLET,NR,T,FI,1990,6477,
ESTAT:MIGR_EMI2(1.0),21/09/23 23:00:00,A,TOTAL,COMPLET,NR,T,FI,1991,5984,
ESTAT:MIGR_EMI2(1.0),21/09/23 23:00:00,A,TOTAL,COMPLET,NR,T,FI,1992,6055,
ESTAT:MIGR_EMI2(1.0),21/09/23 23:00:00,A,TOTAL,COMPLET,NR,T,FI,1993,6405,
ESTAT:MIGR_EMI2(1.0),21/09/23 23:00:00,A,TOTAL,COMPLET,NR,T,FI,1994,8672,
ESTAT:MIGR_EMI2(1.0),21/09/23 23:00:00,A,TOTAL,COMPLET,NR,T,FI,1995,8957,
ESTAT:MIGR_EMI2(1.0),21/09/23 23:00:00,A,TOTAL,COMPLET,NR,T,FI,1996,10587,
ESTAT:MIGR_EMI2(1.0),21/09/23 23:00:00,A,TOTAL,COMPLET,NR,T,FI,1997,9854,
ESTAT:MIGR_EMI2(1.0),21/09/23 23:00:00,A,TOTAL,COMPLET,NR,T,FI,1998,10817,
ESTAT:MIGR_EMI2(1.0),21/09/23 23:00:00,A,TOTAL,COMPLET,NR,T,FI,1999,11966,
ESTAT:MIGR_EMI2(1.0),21/09/23 23:00:00,A,TOTAL,COMPLET,NR,T,FI,2000,14311,
ESTAT:MIGR_EMI2(1.0),21/09/23 23:00:00,A,TOTAL,COMPLET,NR,T,FI,2001,13153,
ESTAT:MIGR_EMI2(1.0),21/09/23 23:00:00,A,TOTAL,COMPLET,NR,T,FI,2002,12891,
ESTAT:MIGR_EMI2(1.0),21/09/23 23:00:00,A,TOTAL,COMPLET,NR,T,FI,2003,12083,
ESTAT:MIGR_EMI2(1.0),21/09/23 23:00:00,A,TOTAL,COMPLET,NR,T,FI,2004,13656,
ESTAT:MIGR_EMI2(1.0),21/09/23 23:00:00,A,TOTAL,COMPLET,NR,T,FI,2005,12369,
ESTAT:MIGR_EMI2(1.0),21/09/23 23:00:00,A,TOTAL,COMPLET,NR,T,FI,2006,12107,
ESTAT:MIGR_EMI2(1.0),21/09/23 23:00:00,A,TOTAL,COMPLET,NR,T,FI,2007,12443,
ESTAT:MIGR_EMI2(1.0),21/09/23 23:00:00,A,TOTAL,COMPLET,NR,T,FI,2008,13657,
ESTAT:MIGR_EMI2(1.0),21/09/23 23:00:00,A,TOTAL,COMPLET,NR,T,FI,2009,12151,
ESTAT:MIGR_EMI2(1.0),21/09/23 23:00:00,A,TOTAL,COMPLET,NR,T,FI,2010,11905,
ESTAT:MIGR_EMI2(1.0),21/09/23 23:00:00,A,TOTAL,COMPLET,NR,T,FI,2011,12660,
ESTAT:MIGR_EMI2(1.0),21/09/23 23:00:00,A,TOTAL,COMPLET,NR,T,FI,2012,13845,
ESTAT:MIGR_EMI2(1.0),21/09/23 23:00:00,A,TOTAL,COMPLET,NR,T,FI,2013,13893,
ESTAT:MIGR_EMI2(1.0),21/09/23 23:00:00,A,TOTAL,COMPLET,NR,T,FI,2014,15486,
ESTAT:MIGR_EMI2(1.0),21/09/23 23:00:00,A,TOTAL,COMPLET,NR,T,FI,2015,16305,
ESTAT:MIGR_EMI2(1.0),21/09/23 23:00:00,A,TOTAL,COMPLET,NR,T,FI,2016,18082,
ESTAT:MIGR_EMI2(1.0),21/09/23 23:00:00,A,TOTAL,COMPLET,NR,T,FI,2017,16973,
ESTAT:MIGR_EMI2(1.0),21/09/23 23:00:00,A,TOTAL,COMPLET,NR,T,FI,2018,19141,
ESTAT:MIGR_EMI2(1.0),21/09/23 23:00:00,A,TOTAL,COMPLET,NR,T,FI,2019,17263,
ESTAT:MIGR_EMI2(1.0),21/09/23 23:00:00,A,TOTAL,COMPLET,NR,T,FI,2020,15084,
ESTAT:MIGR_EMI2(1.0),21/09/23 23:00:00,A,TOTAL,COMPLET,NR,T,FI,2021,13459,
ESTAT:MIGR_EMI2(1.0),21/09/23 23:00:00,A,TOTAL,COMPLET,NR,T,FR,2006,189403,b
ESTAT:MIGR_EMI2(1.0),21/09/23 23:00:00,A,TOTAL,COMPLET,NR,T,FR,2007,220354,
ESTAT:MIGR_EMI2(1.0),21/09/23 23:00:00,A,TOTAL,COMPLET,NR,T,FR,2008,239796,
ESTAT:MIGR_EMI2(1.0),21/09/23 23:00:00,A,TOTAL,COMPLET,NR,T,FR,2009,264631,
ESTAT:MIGR_EMI2(1.0),21/09/23 23:00:00,A,TOTAL,COMPLET,NR,T,FR,2010,269531,b
ESTAT:MIGR_EMI2(1.0),21/09/23 23:00:00,A,TOTAL,COMPLET,NR,T,FR,2011,291594,
ESTAT:MIGR_EMI2(1.0),21/09/23 23:00:00,A,TOTAL,COMPLET,NR,T,FR,2012,255922,
ESTAT:MIGR_EMI2(1.0),21/09/23 23:00:00,A,TOTAL,COMPLET,NR,T,FR,2013,239813,
ESTAT:MIGR_EMI2(1.0),21/09/23 23:00:00,A,TOTAL,COMPLET,NR,T,FR,2014,308103,
ESTAT:MIGR_EMI2(1.0),21/09/23 23:00:00,A,TOTAL,COMPLET,NR,T,FR,2015,324517,
ESTAT:MIGR_EMI2(1.0),21/09/23 23:00:00,A,TOTAL,COMPLET,NR,T,FR,2016,313622,
ESTAT:MIGR_EMI2(1.0),21/09/23 23:00:00,A,TOTAL,COMPLET,NR,T,FR,2017,215470,
ESTAT:MIGR_EMI2(1.0),21/09/23 23:00:00,A,TOTAL,COMPLET,NR,T,FR,2018,300668,p
ESTAT:MIGR_EMI2(1.0),21/09/23 23:00:00,A,TOTAL,COMPLET,NR,T,FR,2019,299101,p
ESTAT:MIGR_EMI2(1.0),21/09/23 23:00:00,A,TOTAL,COMPLET,NR,T,FR,2020,144797,e
ESTAT:MIGR_EMI2(1.0),21/09/23 23:00:00,A,TOTAL,COMPLET,NR,T,FR,2021,177028,
ESTAT:MIGR_EMI2(1.0),21/09/23 23:00:00,A,TOTAL,COMPLET,NR,T,HR,1991,8647,
ESTAT:MIGR_EMI2(1.0),21/09/23 23:00:00,A,TOTAL,COMPLET,NR,T,HR,1992,8859,
ESTAT:MIGR_EMI2(1.0),21/09/23 23:00:00,A,TOTAL,COMPLET,NR,T,HR,1993,9169,
ESTAT:MIGR_EMI2(1.0),21/09/23 23:00:00,A,TOTAL,COMPLET,NR,T,HR,1994,10163,
ESTAT:MIGR_EMI2(1.0),21/09/23 23:00:00,A,TOTAL,COMPLET,NR,T,HR,1995,15413,
ESTAT:MIGR_EMI2(1.0),21/09/23 23:00:00,A,TOTAL,COMPLET,NR,T,HR,1996,10027,
ESTAT:MIGR_EMI2(1.0),21/09/23 23:00:00,A,TOTAL,COMPLET,NR,T,HR,1997,18531,
ESTAT:MIGR_EMI2(1.0),21/09/23 23:00:00,A,TOTAL,COMPLET,NR,T,HR,1998,7310,
ESTAT:MIGR_EMI2(1.0),21/09/23 23:00:00,A,TOTAL,COMPLET,NR,T,HR,1999,14285,
ESTAT:MIGR_EMI2(1.0),21/09/23 23:00:00,A,TOTAL,COMPLET,NR,T,HR,2001,7488,
ESTAT:MIGR_EMI2(1.0),21/09/23 23:00:00,A,TOTAL,COMPLET,NR,T,HR,2002,11767,
ESTAT:MIGR_EMI2(1.0),21/09/23 23:00:00,A,TOTAL,COMPLET,NR,T,HR,2003,6534,
ESTAT:MIGR_EMI2(1.0),21/09/23 23:00:00,A,TOTAL,COMPLET,NR,T,HR,2004,6812,
ESTAT:MIGR_EMI2(1.0),21/09/23 23:00:00,A,TOTAL,COMPLET,NR,T,HR,2006,7692,
ESTAT:MIGR_EMI2(1.0),21/09/23 23:00:00,A,TOTAL,COMPLET,NR,T,HR,2007,9002,
ESTAT:MIGR_EMI2(1.0),21/09/23 23:00:00,A,TOTAL,COMPLET,NR,T,HR,2008,10638,b
ESTAT:MIGR_EMI2(1.0),21/09/23 23:00:00,A,TOTAL,COMPLET,NR,T,HR,2009,12355,
ESTAT:MIGR_EMI2(1.0),21/09/23 23:00:00,A,TOTAL,COMPLET,NR,T,HR,2010,13017,
ESTAT:MIGR_EMI2(1.0),21/09/23 23:00:00,A,TOTAL,COMPLET,NR,T,HR,2011,12699,
ESTAT:MIGR_EMI2(1.0),21/09/23 23:00:00,A,TOTAL,COMPLET,NR,T,HR,2012,12877,
ESTAT:MIGR_EMI2(1.0),21/09/23 23:00:00,A,TOTAL,COMPLET,NR,T,HR,2013,15262,
ESTAT:MIGR_EMI2(1.0),21/09/23 23:00:00,A,TOTAL,COMPLET,NR,T,HR,2014,20858,
ESTAT:MIGR_EMI2(1.0),21/09/23 23:00:00,A,TOTAL,COMPLET,NR,T,HR,2015,29651,
ESTAT:MIGR_EMI2(1.0),21/09/23 23:00:00,A,TOTAL,COMPLET,NR,T,HR,2016,36436,
ESTAT:MIGR_EMI2(1.0),21/09/23 23:00:00,A,TOTAL,COMPLET,NR,T,HR,2017,47352,
ESTAT:MIGR_EMI2(1.0),21/09/23 23:00:00,A,TOTAL,COMPLET,NR,T,HR,2018,39515,
ESTAT:MIGR_EMI2(1.0),21/09/23 23:00:00,A,TOTAL,COMPLET,NR,T,HR,2019,40148,
ESTAT:MIGR_EMI2(1.0),21/09/23 23:00:00,A,TOTAL,COMPLET,NR,T,HR,2020,34046,
ESTAT:MIGR_EMI2(1.0),21/09/23 23:00:00,A,TOTAL,COMPLET,NR,T,HR,2021,40424,
ESTAT:MIGR_EMI2(1.0),21/09/23 23:00:00,A,TOTAL,COMPLET,NR,T,HU,1995,3173,
ESTAT:MIGR_EMI2(1.0),21/09/23 23:00:00,A,TOTAL,COMPLET,NR,T,HU,1996,3642,
ESTAT:MIGR_EMI2(1.0),21/09/23 23:00:00,A,TOTAL,COMPLET,NR,T,HU,1997,2822,
ESTAT:MIGR_EMI2(1.0),21/09/23 23:00:00,A,TOTAL,COMPLET,NR,T,HU,1998,3059,p
ESTAT:MIGR_EMI2(1.0),21/09/23 23:00:00,A,TOTAL,COMPLET,NR,T,HU,1999,2821,p
ESTAT:MIGR_EMI2(1.0),21/09/23 23:00:00,A,TOTAL,COMPLET,NR,T,HU,2000,2540,
ESTAT:MIGR_EMI2(1.0),21/09/23 23:00:00,A,TOTAL,COMPLET,NR,T,HU,2001,2591,
ESTAT:MIGR_EMI2(1.0),21/09/23 23:00:00,A,TOTAL,COMPLET,NR,T,HU,2002,3126,
ESTAT:MIGR_EMI2(1.0),21/09/23 23:00:00,A,TOTAL,COMPLET,NR,T,HU,2003,3122,
ESTAT:MIGR_EMI2(1.0),21/09/23 23:00:00,A,TOTAL,COMPLET,NR,T,HU,2004,3820,
ESTAT:MIGR_EMI2(1.0),21/09/23 23:00:00,A,TOTAL,COMPLET,NR,T,HU,2005,3658,
ESTAT:MIGR_EMI2(1.0),21/09/23 23:00:00,A,TOTAL,COMPLET,NR,T,HU,2006,4314,p
ESTAT:MIGR_EMI2(1.0),21/09/23 23:00:00,A,TOTAL,COMPLET,NR,T,HU,2007,4500,
ESTAT:MIGR_EMI2(1.0),21/09/23 23:00:00,A,TOTAL,COMPLET,NR,T,HU,2008,9591,b
ESTAT:MIGR_EMI2(1.0),21/09/23 23:00:00,A,TOTAL,COMPLET,NR,T,HU,2009,10483,
ESTAT:MIGR_EMI2(1.0),21/09/23 23:00:00,A,TOTAL,COMPLET,NR,T,HU,2010,13365,b
ESTAT:MIGR_EMI2(1.0),21/09/23 23:00:00,A,TOTAL,COMPLET,NR,T,HU,2011,15100,
ESTAT:MIGR_EMI2(1.0),21/09/23 23:00:00,A,TOTAL,COMPLET,NR,T,HU,2012,22880,
ESTAT:MIGR_EMI2(1.0),21/09/23 23:00:00,A,TOTAL,COMPLET,NR,T,HU,2013,34691,
ESTAT:MIGR_EMI2(1.0),21/09/23 23:00:00,A,TOTAL,COMPLET,NR,T,HU,2014,42213,
ESTAT:MIGR_EMI2(1.0),21/09/23 23:00:00,A,TOTAL,COMPLET,NR,T,HU,2015,43225,
ESTAT:MIGR_EMI2(1.0),21/09/23 23:00:00,A,TOTAL,COMPLET,NR,T,HU,2016,39889,
ESTAT:MIGR_EMI2(1.0),21/09/23 23:00:00,A,TOTAL,COMPLET,NR,T,HU,2017,39829,
ESTAT:MIGR_EMI2(1.0),21/09/23 23:00:00,A,TOTAL,COMPLET,NR,T,HU,2018,48178,
ESTAT:MIGR_EMI2(1.0),21/09/23 23:00:00,A,TOTAL,COMPLET,NR,T,HU,2019,49795,
ESTAT:MIGR_EMI2(1.0),21/09/23 23:00:00,A,TOTAL,COMPLET,NR,T,HU,2020,67364,
ESTAT:MIGR_EMI2(1.0),21/09/23 23:00:00,A,TOTAL,COMPLET,NR,T,HU,2021,67999,
ESTAT:MIGR_EMI2(1.0),21/09/23 23:00:00,A,TOTAL,COMPLET,NR,T,IE,1990,40550,
ESTAT:MIGR_EMI2(1.0),21/09/23 23:00:00,A,TOTAL,COMPLET,NR,T,IE,1991,33875,
ESTAT:MIGR_EMI2(1.0),21/09/23 23:00:00,A,TOTAL,COMPLET,NR,T,IE,1992,34675,
ESTAT:MIGR_EMI2(1.0),21/09/23 23:00:00,A,TOTAL,COMPLET,NR,T,IE,1993,34875,
ESTAT:MIGR_EMI2(1.0),21/09/23 23:00:00,A,TOTAL,COMPLET,NR,T,IE,1994,33525,
ESTAT:MIGR_EMI2(1.0),21/09/23 23:00:00,A,TOTAL,COMPLET,NR,T,IE,1995,31675,
ESTAT:MIGR_EMI2(1.0),21/09/23 23:00:00,A,TOTAL,COMPLET,NR,T,IE,1996,26775,
ESTAT:MIGR_EMI2(1.0),21/09/23 23:00:00,A,TOTAL,COMPLET,NR,T,IE,1997,27775,
ESTAT:MIGR_EMI2(1.0),21/09/23 23:00:00,A,TOTAL,COMPLET,NR,T,IE,1998,30775,
ESTAT:MIGR_EMI2(1.0),21/09/23 23:00:00,A,TOTAL,COMPLET,NR,T,IE,1999,27825,
ESTAT:MIGR_EMI2(1.0),21/09/23 23:00:00,A,TOTAL,COMPLET,NR,T,IE,2000,26300,
ESTAT:MIGR_EMI2(1.0),21/09/23 23:00:00,A,TOTAL,COMPLET,NR,T,IE,2001,25750,
ESTAT:MIGR_EMI2(1.0),21/09/23 23:00:00,A,TOTAL,COMPLET,NR,T,IE,2002,28375,
ESTAT:MIGR_EMI2(1.0),21/09/23 23:00:00,A,TOTAL,COMPLET,NR,T,IE,2003,27200,
ESTAT:MIGR_EMI2(1.0),21/09/23 23:00:00,A,TOTAL,COMPLET,NR,T,IE,2004,28675,
ESTAT:MIGR_EMI2(1.0),21/09/23 23:00:00,A,TOTAL,COMPLET,NR,T,IE,2005,34350,
ESTAT:MIGR_EMI2(1.0),21/09/23 23:00:00,A,TOTAL,COMPLET,NR,T,IE,2006,44409,b
ESTAT:MIGR_EMI2(1.0),21/09/23 23:00:00,A,TOTAL,COMPLET,NR,T,IE,2007,48040,
ESTAT:MIGR_EMI2(1.0),21/09/23 23:00:00,A,TOTAL,COMPLET,NR,T,IE,2008,65934,
ESTAT:MIGR_EMI2(1.0),21/09/23 23:00:00,A,TOTAL,COMPLET,NR,T,IE,2009,69672,
ESTAT:MIGR_EMI2(1.0),21/09/23 23:00:00,A,TOTAL,COMPLET,NR,T,IE,2010,78099,
ESTAT:MIGR_EMI2(1.0),21/09/23 23:00:00,A,TOTAL,COMPLET,NR,T,IE,2011,83049,b
ESTAT:MIGR_EMI2(1.0),21/09/23 23:00:00,A,TOTAL,COMPLET,NR,T,IE,2012,81797,
ESTAT:MIGR_EMI2(1.0),21/09/23 23:00:00,A,TOTAL,COMPLET,NR,T,IE,2013,76560,
ESTAT:MIGR_EMI2(1.0),21/09/23 23:00:00,A,TOTAL,COMPLET,NR,T,IE,2014,71107,
ESTAT:MIGR_EMI2(1.0),21/09/23 23:00:00,A,TOTAL,COMPLET,NR,T,IE,2015,67160,
ESTAT:MIGR_EMI2(1.0),21/09/23 23:00:00,A,TOTAL,COMPLET,NR,T,IE,2016,62056,
ESTAT:MIGR_EMI2(1.0),21/09/23 23:00:00,A,TOTAL,COMPLET,NR,T,IE,2017,64068,
ESTAT:MIGR_EMI2(1.0),21/09/23 23:00:00,A,TOTAL,COMPLET,NR,T,IE,2018,53735,
ESTAT:MIGR_EMI2(1.0),21/09/23 23:00:00,A,TOTAL,COMPLET,NR,T,IE,2019,62004,
ESTAT:MIGR_EMI2(1.0),21/09/23 23:00:00,A,TOTAL,COMPLET,NR,T,IE,2020,55942,
ESTAT:MIGR_EMI2(1.0),21/09/23 23:00:00,A,TOTAL,COMPLET,NR,T,IE,2021,52429,
ESTAT:MIGR_EMI2(1.0),21/09/23 23:00:00,A,TOTAL,COMPLET,NR,T,IS,1990,3847,
ESTAT:MIGR_EMI2(1.0),21/09/23 23:00:00,A,TOTAL,COMPLET,NR,T,IS,1991,2982,
ESTAT:MIGR_EMI2(1.0),21/09/23 23:00:00,A,TOTAL,COMPLET,NR,T,IS,1992,3213,
ESTAT:MIGR_EMI2(1.0),21/09/23 23:00:00,A,TOTAL,COMPLET,NR,T,IS,1993,2901,
ESTAT:MIGR_EMI2(1.0),21/09/23 23:00:00,A,TOTAL,COMPLET,NR,T,IS,1994,3436,
ESTAT:MIGR_EMI2(1.0),21/09/23 23:00:00,A,TOTAL,COMPLET,NR,T,IS,1995,4285,
ESTAT:MIGR_EMI2(1.0),21/09/23 23:00:00,A,TOTAL,COMPLET,NR,T,IS,1996,4108,
ESTAT:MIGR_EMI2(1.0),21/09/23 23:00:00,A,TOTAL,COMPLET,NR,T,IS,1997,3921,
ESTAT:MIGR_EMI2(1.0),21/09/23 23:00:00,A,TOTAL,COMPLET,NR,T,IS,1998,3682,
ESTAT:MIGR_EMI2(1.0),21/09/23 23:00:00,A,TOTAL,COMPLET,NR,T,IS,1999,3663,
ESTAT:MIGR_EMI2(1.0),21/09/23 23:00:00,A,TOTAL,COMPLET,NR,T,IS,2000,3489,
ESTAT:MIGR_EMI2(1.0),21/09/23 23:00:00,A,TOTAL,COMPLET,NR,T,IS,2001,4034,
ESTAT:MIGR_EMI2(1.0),21/09/23 23:00:00,A,TOTAL,COMPLET,NR,T,IS,2002,4490,
ESTAT:MIGR_EMI2(1.0),21/09/23 23:00:00,A,TOTAL,COMPLET,NR,T,IS,2003,3837,
ESTAT:MIGR_EMI2(1.0),21/09/23 23:00:00,A,TOTAL,COMPLET,NR,T,IS,2004,4820,
ESTAT:MIGR_EMI2(1.0),21/09/23 23:00:00,A,TOTAL,COMPLET,NR,T,IS,2005,3913,
ESTAT:MIGR_EMI2(1.0),21/09/23 23:00:00,A,TOTAL,COMPLET,NR,T,IS,2006,4577,
ESTAT:MIGR_EMI2(1.0),21/09/23 23:00:00,A,TOTAL,COMPLET,NR,T,IS,2007,7414,
ESTAT:MIGR_EMI2(1.0),21/09/23 23:00:00,A,TOTAL,COMPLET,NR,T,IS,2008,9144,
ESTAT:MIGR_EMI2(1.0),21/09/23 23:00:00,A,TOTAL,COMPLET,NR,T,IS,2009,6874,b
ESTAT:MIGR_EMI2(1.0),21/09/23 23:00:00,A,TOTAL,COMPLET,NR,T,IS,2010,5459,
ESTAT:MIGR_EMI2(1.0),21/09/23 23:00:00,A,TOTAL,COMPLET,NR,T,IS,2011,4812,
ESTAT:MIGR_EMI2(1.0),21/09/23 23:00:00,A,TOTAL,COMPLET,NR,T,IS,2012,4758,
ESTAT:MIGR_EMI2(1.0),21/09/23 23:00:00,A,TOTAL,COMPLET,NR,T,IS,2013,4372,
ESTAT:MIGR_EMI2(1.0),21/09/23 23:00:00,A,TOTAL,COMPLET,NR,T,IS,2014,4052,
ESTAT:MIGR_EMI2(1.0),21/09/23 23:00:00,A,TOTAL,COMPLET,NR,T,IS,2015,4046,
ESTAT:MIGR_EMI2(1.0),21/09/23 23:00:00,A,TOTAL,COMPLET,NR,T,IS,2016,4159,
ESTAT:MIGR_EMI2(1.0),21/09/23 23:00:00,A,TOTAL,COMPLET,NR,T,IS,2017,3641,
ESTAT:MIGR_EMI2(1.0),21/09/23 23:00:00,A,TOTAL,COMPLET,NR,T,IS,2018,4372,
ESTAT:MIGR_EMI2(1.0),21/09/23 23:00:00,A,TOTAL,COMPLET,NR,T,IS,2019,4590,
ESTAT:MIGR_EMI2(1.0),21/09/23 23:00:00,A,TOTAL,COMPLET,NR,T,IS,2020,6009,
ESTAT:MIGR_EMI2(1.0),21/09/23 23:00:00,A,TOTAL,COMPLET,NR,T,IS,2021,4661,
ESTAT:MIGR_EMI2(1.0),21/09/23 23:00:00,A,TOTAL,COMPLET,NR,T,IT,1990,55989,
ESTAT:MIGR_EMI2(1.0),21/09/23 23:00:00,A,TOTAL,COMPLET,NR,T,IT,1991,57730,
ESTAT:MIGR_EMI2(1.0),21/09/23 23:00:00,A,TOTAL,COMPLET,NR,T,IT,1992,56985,
ESTAT:MIGR_EMI2(1.0),21/09/23 23:00:00,A,TOTAL,COMPLET,NR,T,IT,1993,61282,
ESTAT:MIGR_EMI2(1.0),21/09/23 23:00:00,A,TOTAL,COMPLET,NR,T,IT,1994,65548,
ESTAT:MIGR_EMI2(1.0),21/09/23 23:00:00,A,TOTAL,COMPLET,NR,T,IT,1995,43303,
ESTAT:MIGR_EMI2(1.0),21/09/23 23:00:00,A,TOTAL,COMPLET,NR,T,IT,1996,47510,
ESTAT:MIGR_EMI2(1.0),21/09/23 23:00:00,A,TOTAL,COMPLET,NR,T,IT,1997,46273,
ESTAT:MIGR_EMI2(1.0),21/09/23 23:00:00,A,TOTAL,COMPLET,NR,T,IT,1998,45889,
ESTAT:MIGR_EMI2(1.0),21/09/23 23:00:00,A,TOTAL,COMPLET,NR,T,IT,1999,64873,
ESTAT:MIGR_EMI2(1.0),21/09/23 23:00:00,A,TOTAL,COMPLET,NR,T,IT,2000,56601,
ESTAT:MIGR_EMI2(1.0),21/09/23 23:00:00,A,TOTAL,COMPLET,NR,T,IT,2001,56077,
ESTAT:MIGR_EMI2(1.0),21/09/23 23:00:00,A,TOTAL,COMPLET,NR,T,IT,2002,41756,
ESTAT:MIGR_EMI2(1.0),21/09/23 23:00:00,A,TOTAL,COMPLET,NR,T,IT,2003,48706,
ESTAT:MIGR_EMI2(1.0),21/09/23 23:00:00,A,TOTAL,COMPLET,NR,T,IT,2004,49910,
ESTAT:MIGR_EMI2(1.0),21/09/23 23:00:00,A,TOTAL,COMPLET,NR,T,IT,2005,53931,
ESTAT:MIGR_EMI2(1.0),21/09/23 23:00:00,A,TOTAL,COMPLET,NR,T,IT,2006,58407,
ESTAT:MIGR_EMI2(1.0),21/09/23 23:00:00,A,TOTAL,COMPLET,NR,T,IT,2007,51113,
ESTAT:MIGR_EMI2(1.0),21/09/23 23:00:00,A,TOTAL,COMPLET,NR,T,IT,2008,80947,
ESTAT:MIGR_EMI2(1.0),21/09/23 23:00:00,A,TOTAL,COMPLET,NR,T,IT,2009,80597,
ESTAT:MIGR_EMI2(1.0),21/09/23 23:00:00,A,TOTAL,COMPLET,NR,T,IT,2010,78771,
ESTAT:MIGR_EMI2(1.0),21/09/23 23:00:00,A,TOTAL,COMPLET,NR,T,IT,2011,82461,
ESTAT:MIGR_EMI2(1.0),21/09/23 23:00:00,A,TOTAL,COMPLET,NR,T,IT,2012,106216,
ESTAT:MIGR_EMI2(1.0),21/09/23 23:00:00,A,TOTAL,COMPLET,NR,T,IT,2013,125735,
ESTAT:MIGR_EMI2(1.0),21/09/23 23:00:00,A,TOTAL,COMPLET,NR,T,IT,2014,136328,
ESTAT:MIGR_EMI2(1.0),21/09/23 23:00:00,A,TOTAL,COMPLET,NR,T,IT,2015,146955,
ESTAT:MIGR_EMI2(1.0),21/09/23 23:00:00,A,TOTAL,COMPLET,NR,T,IT,2016,157065,
ESTAT:MIGR_EMI2(1.0),21/09/23 23:00:00,A,TOTAL,COMPLET,NR,T,IT,2017,155110,
ESTAT:MIGR_EMI2(1.0),21/09/23 23:00:00,A,TOTAL,COMPLET,NR,T,IT,2018,156960,
ESTAT:MIGR_EMI2(1.0),21/09/23 23:00:00,A,TOTAL,COMPLET,NR,T,IT,2019,179505,
ESTAT:MIGR_EMI2(1.0),21/09/23 23:00:00,A,TOTAL,COMPLET,NR,T,IT,2020,159884,
ESTAT:MIGR_EMI2(1.0),21/09/23 23:00:00,A,TOTAL,COMPLET,NR,T,IT,2021,158312,
ESTAT:MIGR_EMI2(1.0),21/09/23 23:00:00,A,TOTAL,COMPLET,NR,T,LI,2008,490,b
ESTAT:MIGR_EMI2(1.0),21/09/23 23:00:00,A,TOTAL,COMPLET,NR,T,LI,2009,455,
ESTAT:MIGR_EMI2(1.0),21/09/23 23:00:00,A,TOTAL,COMPLET,NR,T,LI,2010,428,
ESTAT:MIGR_EMI2(1.0),21/09/23 23:00:00,A,TOTAL,COMPLET,NR,T,LI,2011,467,
ESTAT:MIGR_EMI2(1.0),21/09/23 23:00:00,A,TOTAL,COMPLET,NR,T,LI,2012,439,
ESTAT:MIGR_EMI2(1.0),21/09/23 23:00:00,A,TOTAL,COMPLET,NR,T,LI,2013,497,
ESTAT:MIGR_EMI2(1.0),21/09/23 23:00:00,A,TOTAL,COMPLET,NR,T,LI,2014,476,
ESTAT:MIGR_EMI2(1.0),21/09/23 23:00:00,A,TOTAL,COMPLET,NR,T,LI,2015,468,
ESTAT:MIGR_EMI2(1.0),21/09/23 23:00:00,A,TOTAL,COMPLET,NR,T,LI,2016,522,
ESTAT:MIGR_EMI2(1.0),21/09/23 23:00:00,A,TOTAL,COMPLET,NR,T,LI,2017,426,
ESTAT:MIGR_EMI2(1.0),21/09/23 23:00:00,A,TOTAL,COMPLET,NR,T,LI,2018,484,
ESTAT:MIGR_EMI2(1.0),21/09/23 23:00:00,A,TOTAL,COMPLET,NR,T,LI,2019,446,
ESTAT:MIGR_EMI2(1.0),21/09/23 23:00:00,A,TOTAL,COMPLET,NR,T,LI,2020,432,
ESTAT:MIGR_EMI2(1.0),21/09/23 23:00:00,A,TOTAL,COMPLET,NR,T,LI,2021,516,
ESTAT:MIGR_EMI2(1.0),21/09/23 23:00:00,A,TOTAL,COMPLET,NR,T,LT,1990,23592,
ESTAT:MIGR_EMI2(1.0),21/09/23 23:00:00,A,TOTAL,COMPLET,NR,T,LT,1991,22503,
ESTAT:MIGR_EMI2(1.0),21/09/23 23:00:00,A,TOTAL,COMPLET,NR,T,LT,1992,31972,
ESTAT:MIGR_EMI2(1.0),21/09/23 23:00:00,A,TOTAL,COMPLET,NR,T,LT,1993,26840,
ESTAT:MIGR_EMI2(1.0),21/09/23 23:00:00,A,TOTAL,COMPLET,NR,T,LT,1994,25859,
ESTAT:MIGR_EMI2(1.0),21/09/23 23:00:00,A,TOTAL,COMPLET,NR,T,LT,1995,25688,
ESTAT:MIGR_EMI2(1.0),21/09/23 23:00:00,A,TOTAL,COMPLET,NR,T,LT,1996,26394,
ESTAT:MIGR_EMI2(1.0),21/09/23 23:00:00,A,TOTAL,COMPLET,NR,T,LT,1997,24957,
ESTAT:MIGR_EMI2(1.0),21/09/23 23:00:00,A,TOTAL,COMPLET,NR,T,LT,1998,24828,
ESTAT:MIGR_EMI2(1.0),21/09/23 23:00:00,A,TOTAL,COMPLET,NR,T,LT,1999,23418,
ESTAT:MIGR_EMI2(1.0),21/09/23 23:00:00,A,TOTAL,COMPLET,NR,T,LT,2000,21816,
ESTAT:MIGR_EMI2(1.0),21/09/23 23:00:00,A,TOTAL,COMPLET,NR,T,LT,2001,27841,
ESTAT:MIGR_EMI2(1.0),21/09/23 23:00:00,A,TOTAL,COMPLET,NR,T,LT,2002,16719,
ESTAT:MIGR_EMI2(1.0),21/09/23 23:00:00,A,TOTAL,COMPLET,NR,T,LT,2003,26283,
ESTAT:MIGR_EMI2(1.0),21/09/23 23:00:00,A,TOTAL,COMPLET,NR,T,LT,2004,37691,
ESTAT:MIGR_EMI2(1.0),21/09/23 23:00:00,A,TOTAL,COMPLET,NR,T,LT,2005,57885,
ESTAT:MIGR_EMI2(1.0),21/09/23 23:00:00,A,TOTAL,COMPLET,NR,T,LT,2006,32390,
ESTAT:MIGR_EMI2(1.0),21/09/23 23:00:00,A,TOTAL,COMPLET,NR,T,LT,2007,30383,
ESTAT:MIGR_EMI2(1.0),21/09/23 23:00:00,A,TOTAL,COMPLET,NR,T,LT,2008,25750,
ESTAT:MIGR_EMI2(1.0),21/09/23 23:00:00,A,TOTAL,COMPLET,NR,T,LT,2009,38500,
ESTAT:MIGR_EMI2(1.0),21/09/23 23:00:00,A,TOTAL,COMPLET,NR,T,LT,2010,83157,
ESTAT:MIGR_EMI2(1.0),21/09/23 23:00:00,A,TOTAL,COMPLET,NR,T,LT,2011,53863,
ESTAT:MIGR_EMI2(1.0),21/09/23 23:00:00,A,TOTAL,COMPLET,NR,T,LT,2012,41100,
ESTAT:MIGR_EMI2(1.0),21/09/23 23:00:00,A,TOTAL,COMPLET,NR,T,LT,2013,38818,
ESTAT:MIGR_EMI2(1.0),21/09/23 23:00:00,A,TOTAL,COMPLET,NR,T,LT,2014,36621,
ESTAT:MIGR_EMI2(1.0),21/09/23 23:00:00,A,TOTAL,COMPLET,NR,T,LT,2015,44533,
ESTAT:MIGR_EMI2(1.0),21/09/23 23:00:00,A,TOTAL,COMPLET,NR,T,LT,2016,50333,
ESTAT:MIGR_EMI2(1.0),21/09/23 23:00:00,A,TOTAL,COMPLET,NR,T,LT,2017,47925,
ESTAT:MIGR_EMI2(1.0),21/09/23 23:00:00,A,TOTAL,COMPLET,NR,T,LT,2018,32206,
ESTAT:MIGR_EMI2(1.0),21/09/23 23:00:00,A,TOTAL,COMPLET,NR,T,LT,2019,29273,
ESTAT:MIGR_EMI2(1.0),21/09/23 23:00:00,A,TOTAL,COMPLET,NR,T,LT,2020,23103,
ESTAT:MIGR_EMI2(1.0),21/09/23 23:00:00,A,TOTAL,COMPLET,NR,T,LT,2021,25205,
ESTAT:MIGR_EMI2(1.0),21/09/23 23:00:00,A,TOTAL,COMPLET,NR,T,LU,1990,6339,
ESTAT:MIGR_EMI2(1.0),21/09/23 23:00:00,A,TOTAL,COMPLET,NR,T,LU,1991,6740,
ESTAT:MIGR_EMI2(1.0),21/09/23 23:00:00,A,TOTAL,COMPLET,NR,T,LU,1992,6440,
ESTAT:MIGR_EMI2(1.0),21/09/23 23:00:00,A,TOTAL,COMPLET,NR,T,LU,1993,5826,
ESTAT:MIGR_EMI2(1.0),21/09/23 23:00:00,A,TOTAL,COMPLET,NR,T,LU,1994,6141,
ESTAT:MIGR_EMI2(1.0),21/09/23 23:00:00,A,TOTAL,COMPLET,NR,T,LU,1995,5715,
ESTAT:MIGR_EMI2(1.0),21/09/23 23:00:00,A,TOTAL,COMPLET,NR,T,LU,1996,6355,
ESTAT:MIGR_EMI2(1.0),21/09/23 23:00:00,A,TOTAL,COMPLET,NR,T,LU,1997,6591,
ESTAT:MIGR_EMI2(1.0),21/09/23 23:00:00,A,TOTAL,COMPLET,NR,T,LU,1998,7574,
ESTAT:MIGR_EMI2(1.0),21/09/23 23:00:00,A,TOTAL,COMPLET,NR,T,LU,1999,8075,
ESTAT:MIGR_EMI2(1.0),21/09/23 23:00:00,A,TOTAL,COMPLET,NR,T,LU,2000,8121,
ESTAT:MIGR_EMI2(1.0),21/09/23 23:00:00,A,TOTAL,COMPLET,NR,T,LU,2001,8824,
ESTAT:MIGR_EMI2(1.0),21/09/23 23:00:00,A,TOTAL,COMPLET,NR,T,LU,2002,9452,
ESTAT:MIGR_EMI2(1.0),21/09/23 23:00:00,A,TOTAL,COMPLET,NR,T,LU,2003,7746,
ESTAT:MIGR_EMI2(1.0),21/09/23 23:00:00,A,TOTAL,COMPLET,NR,T,LU,2004,8480,
ESTAT:MIGR_EMI2(1.0),21/09/23 23:00:00,A,TOTAL,COMPLET,NR,T,LU,2005,8287,
ESTAT:MIGR_EMI2(1.0),21/09/23 23:00:00,A,TOTAL,COMPLET,NR,T,LU,2006,9001,
ESTAT:MIGR_EMI2(1.0),21/09/23 23:00:00,A,TOTAL,COMPLET,NR,T,LU,2007,10674,
ESTAT:MIGR_EMI2(1.0),21/09/23 23:00:00,A,TOTAL,COMPLET,NR,T,LU,2008,10058,
ESTAT:MIGR_EMI2(1.0),21/09/23 23:00:00,A,TOTAL,COMPLET,NR,T,LU,2009,9168,
ESTAT:MIGR_EMI2(1.0),21/09/23 23:00:00,A,TOTAL,COMPLET,NR,T,LU,2010,9302,
ESTAT:MIGR_EMI2(1.0),21/09/23 23:00:00,A,TOTAL,COMPLET,NR,T,LU,2011,9264,
ESTAT:MIGR_EMI2(1.0),21/09/23 23:00:00,A,TOTAL,COMPLET,NR,T,LU,2012,10442,
ESTAT:MIGR_EMI2(1.0),21/09/23 23:00:00,A,TOTAL,COMPLET,NR,T,LU,2013,10750,
ESTAT:MIGR_EMI2(1.0),21/09/23 23:00:00,A,TOTAL,COMPLET,NR,T,LU,2014,11283,
ESTAT:MIGR_EMI2(1.0),21/09/23 23:00:00,A,TOTAL,COMPLET,NR,T,LU,2015,12644,
ESTAT:MIGR_EMI2(1.0),21/09/23 23:00:00,A,TOTAL,COMPLET,NR,T,LU,2016,13442,
ESTAT:MIGR_EMI2(1.0),21/09/23 23:00:00,A,TOTAL,COMPLET,NR,T,LU,2017,13831,
ESTAT:MIGR_EMI2(1.0),21/09/23 23:00:00,A,TOTAL,COMPLET,NR,T,LU,2018,13985,
ESTAT:MIGR_EMI2(1.0),21/09/23 23:00:00,A,TOTAL,COMPLET,NR,T,LU,2019,15593,
ESTAT:MIGR_EMI2(1.0),21/09/23 23:00:00,A,TOTAL,COMPLET,NR,T,LU,2020,14870,
ESTAT:MIGR_EMI2(1.0),21/09/23 23:00:00,A,TOTAL,COMPLET,NR,T,LU,2021,15959,
ESTAT:MIGR_EMI2(1.0),21/09/23 23:00:00,A,TOTAL,COMPLET,NR,T,LV,1991,29729,
ESTAT:MIGR_EMI2(1.0),21/09/23 23:00:00,A,TOTAL,COMPLET,NR,T,LV,1992,59673,
ESTAT:MIGR_EMI2(1.0),21/09/23 23:00:00,A,TOTAL,COMPLET,NR,T,LV,1993,36447,
ESTAT:MIGR_EMI2(1.0),21/09/23 23:00:00,A,TOTAL,COMPLET,NR,T,LV,1994,25869,
ESTAT:MIGR_EMI2(1.0),21/09/23 23:00:00,A,TOTAL,COMPLET,NR,T,LV,1995,16512,
ESTAT:MIGR_EMI2(1.0),21/09/23 23:00:00,A,TOTAL,COMPLET,NR,T,LV,1996,12828,
ESTAT:MIGR_EMI2(1.0),21/09/23 23:00:00,A,TOTAL,COMPLET,NR,T,LV,1997,12333,
ESTAT:MIGR_EMI2(1.0),21/09/23 23:00:00,A,TOTAL,COMPLET,NR,T,LV,1998,8874,
ESTAT:MIGR_EMI2(1.0),21/09/23 23:00:00,A,TOTAL,COMPLET,NR,T,LV,1999,5898,
ESTAT:MIGR_EMI2(1.0),21/09/23 23:00:00,A,TOTAL,COMPLET,NR,T,LV,2000,22911,
ESTAT:MIGR_EMI2(1.0),21/09/23 23:00:00,A,TOTAL,COMPLET,NR,T,LV,2001,24539,
ESTAT:MIGR_EMI2(1.0),21/09/23 23:00:00,A,TOTAL,COMPLET,NR,T,LV,2002,15837,
ESTAT:MIGR_EMI2(1.0),21/09/23 23:00:00,A,TOTAL,COMPLET,NR,T,LV,2003,15647,
ESTAT:MIGR_EMI2(1.0),21/09/23 23:00:00,A,TOTAL,COMPLET,NR,T,LV,2004,20167,
ESTAT:MIGR_EMI2(1.0),21/09/23 23:00:00,A,TOTAL,COMPLET,NR,T,LV,2005,17643,
ESTAT:MIGR_EMI2(1.0),21/09/23 23:00:00,A,TOTAL,COMPLET,NR,T,LV,2006,17019,
ESTAT:MIGR_EMI2(1.0),21/09/23 23:00:00,A,TOTAL,COMPLET,NR,T,LV,2007,15463,
ESTAT:MIGR_EMI2(1.0),21/09/23 23:00:00,A,TOTAL,COMPLET,NR,T,LV,2008,27045,
ESTAT:MIGR_EMI2(1.0),21/09/23 23:00:00,A,TOTAL,COMPLET,NR,T,LV,2009,38208,
ESTAT:MIGR_EMI2(1.0),21/09/23 23:00:00,A,TOTAL,COMPLET,NR,T,LV,2010,39651,
ESTAT:MIGR_EMI2(1.0),21/09/23 23:00:00,A,TOTAL,COMPLET,NR,T,LV,2011,30311,
ESTAT:MIGR_EMI2(1.0),21/09/23 23:00:00,A,TOTAL,COMPLET,NR,T,LV,2012,25163,
ESTAT:MIGR_EMI2(1.0),21/09/23 23:00:00,A,TOTAL,COMPLET,NR,T,LV,2013,22561,
ESTAT:MIGR_EMI2(1.0),21/09/23 23:00:00,A,TOTAL,COMPLET,NR,T,LV,2014,19017,
ESTAT:MIGR_EMI2(1.0),21/09/23 23:00:00,A,TOTAL,COMPLET,NR,T,LV,2015,20119,
ESTAT:MIGR_EMI2(1.0),21/09/23 23:00:00,A,TOTAL,COMPLET,NR,T,LV,2016,20574,
ESTAT:MIGR_EMI2(1.0),21/09/23 23:00:00,A,TOTAL,COMPLET,NR,T,LV,2017,17724,
ESTAT:MIGR_EMI2(1.0),21/09/23 23:00:00,A,TOTAL,COMPLET,NR,T,LV,2018,15814,
ESTAT:MIGR_EMI2(1.0),21/09/23 23:00:00,A,TOTAL,COMPLET,NR,T,LV,2019,14583,
ESTAT:MIGR_EMI2(1.0),21/09/23 23:00:00,A,TOTAL,COMPLET,NR,T,LV,2020,11990,
ESTAT:MIGR_EMI2(1.0),21/09/23 23:00:00,A,TOTAL,COMPLET,NR,T,LV,2021,12975,
ESTAT:MIGR_EMI2(1.0),21/09/23 23:00:00,A,TOTAL,COMPLET,NR,T,ME,2020,28,
ESTAT:MIGR_EMI2(1.0),21/09/23 23:00:00,A,TOTAL,COMPLET,NR,T,MK,2008,751,
ESTAT:MIGR_EMI2(1.0),21/09/23 23:00:00,A,TOTAL,COMPLET,NR,T,MK,2009,792,
ESTAT:MIGR_EMI2(1.0),21/09/23 23:00:00,A,TOTAL,COMPLET,NR,T,MK,2010,1007,
ESTAT:MIGR_EMI2(1.0),21/09/23 23:00:00,A,TOTAL,COMPLET,NR,T,MK,2011,1290,
ESTAT:MIGR_EMI2(1.0),21/09/23 23:00:00,A,TOTAL,COMPLET,NR,T,MK,2012,1415,
ESTAT:MIGR_EMI2(1.0),21/09/23 23:00:00,A,TOTAL,COMPLET,NR,T,MK,2013,1041,
ESTAT:MIGR_EMI2(1.0),21/09/23 23:00:00,A,TOTAL,COMPLET,NR,T,MK,2014,839,
ESTAT:MIGR_EMI2(1.0),21/09/23 23:00:00,A,TOTAL,COMPLET,NR,T,MK,2015,1016,
ESTAT:MIGR_EMI2(1.0),21/09/23 23:00:00,A,TOTAL,COMPLET,NR,T,MK,2016,630,
ESTAT:MIGR_EMI2(1.0),21/09/23 23:00:00,A,TOTAL,COMPLET,NR,T,MK,2017,424,
ESTAT:MIGR_EMI2(1.0),21/09/23 23:00:00,A,TOTAL,COMPLET,NR,T,MK,2018,377,
ESTAT:MIGR_EMI2(1.0),21/09/23 23:00:00,A,TOTAL,COMPLET,NR,T,MK,2020,1082,
ESTAT:MIGR_EMI2(1.0),21/09/23 23:00:00,A,TOTAL,COMPLET,NR,T,MK,2021,1412,
ESTAT:MIGR_EMI2(1.0),21/09/23 23:00:00,A,TOTAL,COMPLET,NR,T,MT,2006,3835,e
ESTAT:MIGR_EMI2(1.0),21/09/23 23:00:00,A,TOTAL,COMPLET,NR,T,MT,2007,3730,
ESTAT:MIGR_EMI2(1.0),21/09/23 23:00:00,A,TOTAL,COMPLET,NR,T,MT,2008,3719,
ESTAT:MIGR_EMI2(1.0),21/09/23 23:00:00,A,TOTAL,COMPLET,NR,T,MT,2009,3868,
ESTAT:MIGR_EMI2(1.0),21/09/23 23:00:00,A,TOTAL,COMPLET,NR,T,MT,2010,4201,
ESTAT:MIGR_EMI2(1.0),21/09/23 23:00:00,A,TOTAL,COMPLET,NR,T,MT,2011,3806,
ESTAT:MIGR_EMI2(1.0),21/09/23 23:00:00,A,TOTAL,COMPLET,NR,T,MT,2012,4005,
ESTAT:MIGR_EMI2(1.0),21/09/23 23:00:00,A,TOTAL,COMPLET,NR,T,MT,2013,4778,
ESTAT:MIGR_EMI2(1.0),21/09/23 23:00:00,A,TOTAL,COMPLET,NR,T,MT,2014,5108,
ESTAT:MIGR_EMI2(1.0),21/09/23 23:00:00,A,TOTAL,COMPLET,NR,T,MT,2015,7095,
ESTAT:MIGR_EMI2(1.0),21/09/23 23:00:00,A,TOTAL,COMPLET,NR,T,MT,2016,8303,
ESTAT:MIGR_EMI2(1.0),21/09/23 23:00:00,A,TOTAL,COMPLET,NR,T,MT,2017,7020,
ESTAT:MIGR_EMI2(1.0),21/09/23 23:00:00,A,TOTAL,COMPLET,NR,T,MT,2018,9342,
ESTAT:MIGR_EMI2(1.0),21/09/23 23:00:00,A,TOTAL,COMPLET,NR,T,MT,2019,7998,
ESTAT:MIGR_EMI2(1.0),21/09/23 23:00:00,A,TOTAL,COMPLET,NR,T,MT,2020,12679,
ESTAT:MIGR_EMI2(1.0),21/09/23 23:00:00,A,TOTAL,COMPLET,NR,T,MT,2021,13509,
ESTAT:MIGR_EMI2(1.0),21/09/23 23:00:00,A,TOTAL,COMPLET,NR,T,NL,1990,57344,
ESTAT:MIGR_EMI2(1.0),21/09/23 23:00:00,A,TOTAL,COMPLET,NR,T,NL,1991,57328,
ESTAT:MIGR_EMI2(1.0),21/09/23 23:00:00,A,TOTAL,COMPLET,NR,T,NL,1992,58834,
ESTAT:MIGR_EMI2(1.0),21/09/23 23:00:00,A,TOTAL,COMPLET,NR,T,NL,1993,59222,
ESTAT:MIGR_EMI2(1.0),21/09/23 23:00:00,A,TOTAL,COMPLET,NR,T,NL,1994,53579,
ESTAT:MIGR_EMI2(1.0),21/09/23 23:00:00,A,TOTAL,COMPLET,NR,T,NL,1995,63321,
ESTAT:MIGR_EMI2(1.0),21/09/23 23:00:00,A,TOTAL,COMPLET,NR,T,NL,1996,65325,
ESTAT:MIGR_EMI2(1.0),21/09/23 23:00:00,A,TOTAL,COMPLET,NR,T,NL,1997,62220,
ESTAT:MIGR_EMI2(1.0),21/09/23 23:00:00,A,TOTAL,COMPLET,NR,T,NL,1998,60441,
ESTAT:MIGR_EMI2(1.0),21/09/23 23:00:00,A,TOTAL,COMPLET,NR,T,NL,1999,59023,
ESTAT:MIGR_EMI2(1.0),21/09/23 23:00:00,A,TOTAL,COMPLET,NR,T,NL,2000,61201,
ESTAT:MIGR_EMI2(1.0),21/09/23 23:00:00,A,TOTAL,COMPLET,NR,T,NL,2001,63318,
ESTAT:MIGR_EMI2(1.0),21/09/23 23:00:00,A,TOTAL,COMPLET,NR,T,NL,2002,66728,
ESTAT:MIGR_EMI2(1.0),21/09/23 23:00:00,A,TOTAL,COMPLET,NR,T,NL,2003,68885,
ESTAT:MIGR_EMI2(1.0),21/09/23 23:00:00,A,TOTAL,COMPLET,NR,T,NL,2004,75049,
ESTAT:MIGR_EMI2(1.0),21/09/23 23:00:00,A,TOTAL,COMPLET,NR,T,NL,2005,83399,
ESTAT:MIGR_EMI2(1.0),21/09/23 23:00:00,A,TOTAL,COMPLET,NR,T,NL,2006,91028,
ESTAT:MIGR_EMI2(1.0),21/09/23 23:00:00,A,TOTAL,COMPLET,NR,T,NL,2007,91287,
ESTAT:MIGR_EMI2(1.0),21/09/23 23:00:00,A,TOTAL,COMPLET,NR,T,NL,2008,90067,
ESTAT:MIGR_EMI2(1.0),21/09/23 23:00:00,A,TOTAL,COMPLET,NR,T,NL,2009,92825,b
ESTAT:MIGR_EMI2(1.0),21/09/23 23:00:00,A,TOTAL,COMPLET,NR,T,NL,2010,95970,
ESTAT:MIGR_EMI2(1.0),21/09/23 23:00:00,A,TOTAL,COMPLET,NR,T,NL,2011,104201,
ESTAT:MIGR_EMI2(1.0),21/09/23 23:00:00,A,TOTAL,COMPLET,NR,T,NL,2012,110431,
ESTAT:MIGR_EMI2(1.0),21/09/23 23:00:00,A,TOTAL,COMPLET,NR,T,NL,2013,112625,
ESTAT:MIGR_EMI2(1.0),21/09/23 23:00:00,A,TOTAL,COMPLET,NR,T,NL,2014,112900,
ESTAT:MIGR_EMI2(1.0),21/09/23 23:00:00,A,TOTAL,COMPLET,NR,T,NL,2015,112330,
ESTAT:MIGR_EMI2(1.0),21/09/23 23:00:00,A,TOTAL,COMPLET,NR,T,NL,2016,111477,
ESTAT:MIGR_EMI2(1.0),21/09/23 23:00:00,A,TOTAL,COMPLET,NR,T,NL,2017,108231,
ESTAT:MIGR_EMI2(1.0),21/09/23 23:00:00,A,TOTAL,COMPLET,NR,T,NL,2018,109635,
ESTAT:MIGR_EMI2(1.0),21/09/23 23:00:00,A,TOTAL,COMPLET,NR,T,NL,2019,107906,
ESTAT:MIGR_EMI2(1.0),21/09/23 23:00:00,A,TOTAL,COMPLET,NR,T,NL,2020,102502,
ESTAT:MIGR_EMI2(1.0),21/09/23 23:00:00,A,TOTAL,COMPLET,NR,T,NL,2021,110342,
ESTAT:MIGR_EMI2(1.0),21/09/23 23:00:00,A,TOTAL,COMPLET,NR,T,NO,1990,23784,
ESTAT:MIGR_EMI2(1.0),21/09/23 23:00:00,A,TOTAL,COMPLET,NR,T,NO,1991,18238,
ESTAT:MIGR_EMI2(1.0),21/09/23 23:00:00,A,TOTAL,COMPLET,NR,T,NO,1992,16801,
ESTAT:MIGR_EMI2(1.0),21/09/23 23:00:00,A,TOTAL,COMPLET,NR,T,NO,1993,18903,
ESTAT:MIGR_EMI2(1.0),21/09/23 23:00:00,A,TOTAL,COMPLET,NR,T,NO,1994,19475,
ESTAT:MIGR_EMI2(1.0),21/09/23 23:00:00,A,TOTAL,COMPLET,NR,T,NO,1995,19311,
ESTAT:MIGR_EMI2(1.0),21/09/23 23:00:00,A,TOTAL,COMPLET,NR,T,NO,1997,21257,
ESTAT:MIGR_EMI2(1.0),21/09/23 23:00:00,A,TOTAL,COMPLET,NR,T,NO,1998,22881,
ESTAT:MIGR_EMI2(1.0),21/09/23 23:00:00,A,TOTAL,COMPLET,NR,T,NO,1999,22842,
ESTAT:MIGR_EMI2(1.0),21/09/23 23:00:00,A,TOTAL,COMPLET,NR,T,NO,2000,26854,
ESTAT:MIGR_EMI2(1.0),21/09/23 23:00:00,A,TOTAL,COMPLET,NR,T,NO,2001,26309,
ESTAT:MIGR_EMI2(1.0),21/09/23 23:00:00,A,TOTAL,COMPLET,NR,T,NO,2002,22948,
ESTAT:MIGR_EMI2(1.0),21/09/23 23:00:00,A,TOTAL,COMPLET,NR,T,NO,2003,24672,
ESTAT:MIGR_EMI2(1.0),21/09/23 23:00:00,A,TOTAL,COMPLET,NR,T,NO,2004,23271,
ESTAT:MIGR_EMI2(1.0),21/09/23 23:00:00,A,TOTAL,COMPLET,NR,T,NO,2005,21709,
ESTAT:MIGR_EMI2(1.0),21/09/23 23:00:00,A,TOTAL,COMPLET,NR,T,NO,2006,22053,
ESTAT:MIGR_EMI2(1.0),21/09/23 23:00:00,A,TOTAL,COMPLET,NR,T,NO,2007,22122,
ESTAT:MIGR_EMI2(1.0),21/09/23 23:00:00,A,TOTAL,COMPLET,NR,T,NO,2008,12976,b
ESTAT:MIGR_EMI2(1.0),21/09/23 23:00:00,A,TOTAL,COMPLET,NR,T,NO,2009,17072,
ESTAT:MIGR_EMI2(1.0),21/09/23 23:00:00,A,TOTAL,COMPLET,NR,T,NO,2010,25835,
ESTAT:MIGR_EMI2(1.0),21/09/23 23:00:00,A,TOTAL,COMPLET,NR,T,NO,2011,20349,
ESTAT:MIGR_EMI2(1.0),21/09/23 23:00:00,A,TOTAL,COMPLET,NR,T,NO,2012,22693,
ESTAT:MIGR_EMI2(1.0),21/09/23 23:00:00,A,TOTAL,COMPLET,NR,T,NO,2013,26523,
ESTAT:MIGR_EMI2(1.0),21/09/23 23:00:00,A,TOTAL,COMPLET,NR,T,NO,2014,29308,
ESTAT:MIGR_EMI2(1.0),21/09/23 23:00:00,A,TOTAL,COMPLET,NR,T,NO,2015,29173,
ESTAT:MIGR_EMI2(1.0),21/09/23 23:00:00,A,TOTAL,COMPLET,NR,T,NO,2016,34694,
ESTAT:MIGR_EMI2(1.0),21/09/23 23:00:00,A,TOTAL,COMPLET,NR,T,NO,2017,31963,
ESTAT:MIGR_EMI2(1.0),21/09/23 23:00:00,A,TOTAL,COMPLET,NR,T,NO,2018,27158,
ESTAT:MIGR_EMI2(1.0),21/09/23 23:00:00,A,TOTAL,COMPLET,NR,T,NO,2019,23207,
ESTAT:MIGR_EMI2(1.0),21/09/23 23:00:00,A,TOTAL,COMPLET,NR,T,NO,2020,21447,
ESTAT:MIGR_EMI2(1.0),21/09/23 23:00:00,A,TOTAL,COMPLET,NR,T,NO,2021,34297,
ESTAT:MIGR_EMI2(1.0),21/09/23 23:00:00,A,TOTAL,COMPLET,NR,T,PL,1990,18440,
ESTAT:MIGR_EMI2(1.0),21/09/23 23:00:00,A,TOTAL,COMPLET,NR,T,PL,1991,20977,
ESTAT:MIGR_EMI2(1.0),21/09/23 23:00:00,A,TOTAL,COMPLET,NR,T,PL,1992,18115,
ESTAT:MIGR_EMI2(1.0),21/09/23 23:00:00,A,TOTAL,COMPLET,NR,T,PL,1993,21376,
ESTAT:MIGR_EMI2(1.0),21/09/23 23:00:00,A,TOTAL,COMPLET,NR,T,PL,1994,25904,
ESTAT:MIGR_EMI2(1.0),21/09/23 23:00:00,A,TOTAL,COMPLET,NR,T,PL,1995,26344,
ESTAT:MIGR_EMI2(1.0),21/09/23 23:00:00,A,TOTAL,COMPLET,NR,T,PL,1996,21297,
ESTAT:MIGR_EMI2(1.0),21/09/23 23:00:00,A,TOTAL,COMPLET,NR,T,PL,1997,20222,
ESTAT:MIGR_EMI2(1.0),21/09/23 23:00:00,A,TOTAL,COMPLET,NR,T,PL,1998,22177,
ESTAT:MIGR_EMI2(1.0),21/09/23 23:00:00,A,TOTAL,COMPLET,NR,T,PL,1999,21536,
ESTAT:MIGR_EMI2(1.0),21/09/23 23:00:00,A,TOTAL,COMPLET,NR,T,PL,2000,26999,
ESTAT:MIGR_EMI2(1.0),21/09/23 23:00:00,A,TOTAL,COMPLET,NR,T,PL,2001,23368,
ESTAT:MIGR_EMI2(1.0),21/09/23 23:00:00,A,TOTAL,COMPLET,NR,T,PL,2002,24532,
ESTAT:MIGR_EMI2(1.0),21/09/23 23:00:00,A,TOTAL,COMPLET,NR,T,PL,2003,20813,
ESTAT:MIGR_EMI2(1.0),21/09/23 23:00:00,A,TOTAL,COMPLET,NR,T,PL,2004,18877,
ESTAT:MIGR_EMI2(1.0),21/09/23 23:00:00,A,TOTAL,COMPLET,NR,T,PL,2005,22242,
ESTAT:MIGR_EMI2(1.0),21/09/23 23:00:00,A,TOTAL,COMPLET,NR,T,PL,2006,46936,
ESTAT:MIGR_EMI2(1.0),21/09/23 23:00:00,A,TOTAL,COMPLET,NR,T,PL,2007,35480,
ESTAT:MIGR_EMI2(1.0),21/09/23 23:00:00,A,TOTAL,COMPLET,NR,T,PL,2008,30140,
ESTAT:MIGR_EMI2(1.0),21/09/23 23:00:00,A,TOTAL,COMPLET,NR,T,PL,2009,229320,b
ESTAT:MIGR_EMI2(1.0),21/09/23 23:00:00,A,TOTAL,COMPLET,NR,T,PL,2010,218126,
ESTAT:MIGR_EMI2(1.0),21/09/23 23:00:00,A,TOTAL,COMPLET,NR,T,PL,2011,265798,
ESTAT:MIGR_EMI2(1.0),21/09/23 23:00:00,A,TOTAL,COMPLET,NR,T,PL,2012,275603,
ESTAT:MIGR_EMI2(1.0),21/09/23 23:00:00,A,TOTAL,COMPLET,NR,T,PL,2013,276446,
ESTAT:MIGR_EMI2(1.0),21/09/23 23:00:00,A,TOTAL,COMPLET,NR,T,PL,2014,268299,p
ESTAT:MIGR_EMI2(1.0),21/09/23 23:00:00,A,TOTAL,COMPLET,NR,T,PL,2015,258837,p
ESTAT:MIGR_EMI2(1.0),21/09/23 23:00:00,A,TOTAL,COMPLET,NR,T,PL,2016,236441,ep
ESTAT:MIGR_EMI2(1.0),21/09/23 23:00:00,A,TOTAL,COMPLET,NR,T,PL,2017,218492,ep
ESTAT:MIGR_EMI2(1.0),21/09/23 23:00:00,A,TOTAL,COMPLET,NR,T,PL,2018,189794,ep
ESTAT:MIGR_EMI2(1.0),21/09/23 23:00:00,A,TOTAL,COMPLET,NR,T,PL,2019,180594,ep
ESTAT:MIGR_EMI2(1.0),21/09/23 23:00:00,A,TOTAL,COMPLET,NR,T,PL,2020,161666,ep
ESTAT:MIGR_EMI2(1.0),21/09/23 23:00:00,A,TOTAL,COMPLET,NR,T,PL,2021,201595,
ESTAT:MIGR_EMI2(1.0),21/09/23 23:00:00,A,TOTAL,COMPLET,NR,T,PT,1991,37336,
ESTAT:MIGR_EMI2(1.0),21/09/23 23:00:00,A,TOTAL,COMPLET,NR,T,PT,1992,25559,
ESTAT:MIGR_EMI2(1.0),21/09/23 23:00:00,A,TOTAL,COMPLET,NR,T,PT,1993,16566,
ESTAT:MIGR_EMI2(1.0),21/09/23 23:00:00,A,TOTAL,COMPLET,NR,T,PT,1994,14552,
ESTAT:MIGR_EMI2(1.0),21/09/23 23:00:00,A,TOTAL,COMPLET,NR,T,PT,1995,11290,
ESTAT:MIGR_EMI2(1.0),21/09/23 23:00:00,A,TOTAL,COMPLET,NR,T,PT,1996,14533,
ESTAT:MIGR_EMI2(1.0),21/09/23 23:00:00,A,TOTAL,COMPLET,NR,T,PT,1997,18468,
ESTAT:MIGR_EMI2(1.0),21/09/23 23:00:00,A,TOTAL,COMPLET,NR,T,PT,1998,11098,
ESTAT:MIGR_EMI2(1.0),21/09/23 23:00:00,A,TOTAL,COMPLET,NR,T,PT,1999,14040,
ESTAT:MIGR_EMI2(1.0),21/09/23 23:00:00,A,TOTAL,COMPLET,NR,T,PT,2000,10667,
ESTAT:MIGR_EMI2(1.0),21/09/23 23:00:00,A,TOTAL,COMPLET,NR,T,PT,2001,5396,
ESTAT:MIGR_EMI2(1.0),21/09/23 23:00:00,A,TOTAL,COMPLET,NR,T,PT,2002,8813,
ESTAT:MIGR_EMI2(1.0),21/09/23 23:00:00,A,TOTAL,COMPLET,NR,T,PT,2003,6687,
ESTAT:MIGR_EMI2(1.0),21/09/23 23:00:00,A,TOTAL,COMPLET,NR,T,PT,2004,6757,
ESTAT:MIGR_EMI2(1.0),21/09/23 23:00:00,A,TOTAL,COMPLET,NR,T,PT,2005,6360,
ESTAT:MIGR_EMI2(1.0),21/09/23 23:00:00,A,TOTAL,COMPLET,NR,T,PT,2006,5600,
ESTAT:MIGR_EMI2(1.0),21/09/23 23:00:00,A,TOTAL,COMPLET,NR,T,PT,2007,7890,
ESTAT:MIGR_EMI2(1.0),21/09/23 23:00:00,A,TOTAL,COMPLET,NR,T,PT,2008,20357,
ESTAT:MIGR_EMI2(1.0),21/09/23 23:00:00,A,TOTAL,COMPLET,NR,T,PT,2009,16899,
ESTAT:MIGR_EMI2(1.0),21/09/23 23:00:00,A,TOTAL,COMPLET,NR,T,PT,2010,23760,
ESTAT:MIGR_EMI2(1.0),21/09/23 23:00:00,A,TOTAL,COMPLET,NR,T,PT,2011,43998,
ESTAT:MIGR_EMI2(1.0),21/09/23 23:00:00,A,TOTAL,COMPLET,NR,T,PT,2012,51958,
ESTAT:MIGR_EMI2(1.0),21/09/23 23:00:00,A,TOTAL,COMPLET,NR,T,PT,2013,53786,
ESTAT:MIGR_EMI2(1.0),21/09/23 23:00:00,A,TOTAL,COMPLET,NR,T,PT,2014,49572,
ESTAT:MIGR_EMI2(1.0),21/09/23 23:00:00,A,TOTAL,COMPLET,NR,T,PT,2015,40377,
ESTAT:MIGR_EMI2(1.0),21/09/23 23:00:00,A,TOTAL,COMPLET,NR,T,PT,2016,38273,e
ESTAT:MIGR_EMI2(1.0),21/09/23 23:00:00,A,TOTAL,COMPLET,NR,T,PT,2017,31753,e
ESTAT:MIGR_EMI2(1.0),21/09/23 23:00:00,A,TOTAL,COMPLET,NR,T,PT,2018,31600,
ESTAT:MIGR_EMI2(1.0),21/09/23 23:00:00,A,TOTAL,COMPLET,NR,T,PT,2019,28219,
ESTAT:MIGR_EMI2(1.0),21/09/23 23:00:00,A,TOTAL,COMPLET,NR,T,PT,2020,25886,
ESTAT:MIGR_EMI2(1.0),21/09/23 23:00:00,A,TOTAL,COMPLET,NR,T,PT,2021,25079,
ESTAT:MIGR_EMI2(1.0),21/09/23 23:00:00,A,TOTAL,COMPLET,NR,T,RO,2008,302796,b
ESTAT:MIGR_EMI2(1.0),21/09/23 23:00:00,A,TOTAL,COMPLET,NR,T,RO,2009,246626,
ESTAT:MIGR_EMI2(1.0),21/09/23 23:00:00,A,TOTAL,COMPLET,NR,T,RO,2010,197985,
ESTAT:MIGR_EMI2(1.0),21/09/23 23:00:00,A,TOTAL,COMPLET,NR,T,RO,2011,195551,
ESTAT:MIGR_EMI2(1.0),21/09/23 23:00:00,A,TOTAL,COMPLET,NR,T,RO,2012,170186,
ESTAT:MIGR_EMI2(1.0),21/09/23 23:00:00,A,TOTAL,COMPLET,NR,T,RO,2013,161755,
ESTAT:MIGR_EMI2(1.0),21/09/23 23:00:00,A,TOTAL,COMPLET,NR,T,RO,2014,172871,
ESTAT:MIGR_EMI2(1.0),21/09/23 23:00:00,A,TOTAL,COMPLET,NR,T,RO,2015,194718,
ESTAT:MIGR_EMI2(1.0),21/09/23 23:00:00,A,TOTAL,COMPLET,NR,T,RO,2016,207578,
ESTAT:MIGR_EMI2(1.0),21/09/23 23:00:00,A,TOTAL,COMPLET,NR,T,RO,2017,242193,e
ESTAT:MIGR_EMI2(1.0),21/09/23 23:00:00,A,TOTAL,COMPLET,NR,T,RO,2018,231661,e
ESTAT:MIGR_EMI2(1.0),21/09/23 23:00:00,A,TOTAL,COMPLET,NR,T,RO,2019,233736,e
ESTAT:MIGR_EMI2(1.0),21/09/23 23:00:00,A,TOTAL,COMPLET,NR,T,RO,2020,186818,e
ESTAT:MIGR_EMI2(1.0),21/09/23 23:00:00,A,TOTAL,COMPLET,NR,T,RO,2021,216861,
ESTAT:MIGR_EMI2(1.0),21/09/23 23:00:00,A,TOTAL,COMPLET,NR,T,SE,1990,25196,
ESTAT:MIGR_EMI2(1.0),21/09/23 23:00:00,A,TOTAL,COMPLET,NR,T,SE,1991,24745,
ESTAT:MIGR_EMI2(1.0),21/09/23 23:00:00,A,TOTAL,COMPLET,NR,T,SE,1992,25726,
ESTAT:MIGR_EMI2(1.0),21/09/23 23:00:00,A,TOTAL,COMPLET,NR,T,SE,1993,29874,
ESTAT:MIGR_EMI2(1.0),21/09/23 23:00:00,A,TOTAL,COMPLET,NR,T,SE,1994,32661,
ESTAT:MIGR_EMI2(1.0),21/09/23 23:00:00,A,TOTAL,COMPLET,NR,T,SE,1995,33984,
ESTAT:MIGR_EMI2(1.0),21/09/23 23:00:00,A,TOTAL,COMPLET,NR,T,SE,1996,33884,
ESTAT:MIGR_EMI2(1.0),21/09/23 23:00:00,A,TOTAL,COMPLET,NR,T,SE,1997,38543,
ESTAT:MIGR_EMI2(1.0),21/09/23 23:00:00,A,TOTAL,COMPLET,NR,T,SE,1998,38518,
ESTAT:MIGR_EMI2(1.0),21/09/23 23:00:00,A,TOTAL,COMPLET,NR,T,SE,1999,35705,
ESTAT:MIGR_EMI2(1.0),21/09/23 23:00:00,A,TOTAL,COMPLET,NR,T,SE,2000,34091,
ESTAT:MIGR_EMI2(1.0),21/09/23 23:00:00,A,TOTAL,COMPLET,NR,T,SE,2001,32141,
ESTAT:MIGR_EMI2(1.0),21/09/23 23:00:00,A,TOTAL,COMPLET,NR,T,SE,2002,33009,
ESTAT:MIGR_EMI2(1.0),21/09/23 23:00:00,A,TOTAL,COMPLET,NR,T,SE,2003,35023,
ESTAT:MIGR_EMI2(1.0),21/09/23 23:00:00,A,TOTAL,COMPLET,NR,T,SE,2004,36586,
ESTAT:MIGR_EMI2(1.0),21/09/23 23:00:00,A,TOTAL,COMPLET,NR,T,SE,2005,38118,
ESTAT:MIGR_EMI2(1.0),21/09/23 23:00:00,A,TOTAL,COMPLET,NR,T,SE,2006,44908,
ESTAT:MIGR_EMI2(1.0),21/09/23 23:00:00,A,TOTAL,COMPLET,NR,T,SE,2007,45418,
ESTAT:MIGR_EMI2(1.0),21/09/23 23:00:00,A,TOTAL,COMPLET,NR,T,SE,2008,45294,
ESTAT:MIGR_EMI2(1.0),21/09/23 23:00:00,A,TOTAL,COMPLET,NR,T,SE,2009,39240,
ESTAT:MIGR_EMI2(1.0),21/09/23 23:00:00,A,TOTAL,COMPLET,NR,T,SE,2010,48853,
ESTAT:MIGR_EMI2(1.0),21/09/23 23:00:00,A,TOTAL,COMPLET,NR,T,SE,2011,51179,
ESTAT:MIGR_EMI2(1.0),21/09/23 23:00:00,A,TOTAL,COMPLET,NR,T,SE,2012,51747,
ESTAT:MIGR_EMI2(1.0),21/09/23 23:00:00,A,TOTAL,COMPLET,NR,T,SE,2013,50715,
ESTAT:MIGR_EMI2(1.0),21/09/23 23:00:00,A,TOTAL,COMPLET,NR,T,SE,2014,51237,
ESTAT:MIGR_EMI2(1.0),21/09/23 23:00:00,A,TOTAL,COMPLET,NR,T,SE,2015,55830,
ESTAT:MIGR_EMI2(1.0),21/09/23 23:00:00,A,TOTAL,COMPLET,NR,T,SE,2016,45878,
ESTAT:MIGR_EMI2(1.0),21/09/23 23:00:00,A,TOTAL,COMPLET,NR,T,SE,2017,45620,
ESTAT:MIGR_EMI2(1.0),21/09/23 23:00:00,A,TOTAL,COMPLET,NR,T,SE,2018,46981,
ESTAT:MIGR_EMI2(1.0),21/09/23 23:00:00,A,TOTAL,COMPLET,NR,T,SE,2019,47718,
ESTAT:MIGR_EMI2(1.0),21/09/23 23:00:00,A,TOTAL,COMPLET,NR,T,SE,2020,48937,
ESTAT:MIGR_EMI2(1.0),21/09/23 23:00:00,A,TOTAL,COMPLET,NR,T,SE,2021,48284,
ESTAT:MIGR_EMI2(1.0),21/09/23 23:00:00,A,TOTAL,COMPLET,NR,T,SI,1990,4908,
ESTAT:MIGR_EMI2(1.0),21/09/23 23:00:00,A,TOTAL,COMPLET,NR,T,SI,1991,9060,
ESTAT:MIGR_EMI2(1.0),21/09/23 23:00:00,A,TOTAL,COMPLET,NR,T,SI,1992,3848,
ESTAT:MIGR_EMI2(1.0),21/09/23 23:00:00,A,TOTAL,COMPLET,NR,T,SI,1993,1390,
ESTAT:MIGR_EMI2(1.0),21/09/23 23:00:00,A,TOTAL,COMPLET,NR,T,SI,1994,983,
ESTAT:MIGR_EMI2(1.0),21/09/23 23:00:00,A,TOTAL,COMPLET,NR,T,SI,1995,3372,
ESTAT:MIGR_EMI2(1.0),21/09/23 23:00:00,A,TOTAL,COMPLET,NR,T,SI,1996,2985,
ESTAT:MIGR_EMI2(1.0),21/09/23 23:00:00,A,TOTAL,COMPLET,NR,T,SI,1997,5447,
ESTAT:MIGR_EMI2(1.0),21/09/23 23:00:00,A,TOTAL,COMPLET,NR,T,SI,1998,6708,
ESTAT:MIGR_EMI2(1.0),21/09/23 23:00:00,A,TOTAL,COMPLET,NR,T,SI,1999,2606,
ESTAT:MIGR_EMI2(1.0),21/09/23 23:00:00,A,TOTAL,COMPLET,NR,T,SI,2000,3570,
ESTAT:MIGR_EMI2(1.0),21/09/23 23:00:00,A,TOTAL,COMPLET,NR,T,SI,2001,4811,
ESTAT:MIGR_EMI2(1.0),21/09/23 23:00:00,A,TOTAL,COMPLET,NR,T,SI,2002,7269,
ESTAT:MIGR_EMI2(1.0),21/09/23 23:00:00,A,TOTAL,COMPLET,NR,T,SI,2003,5867,
ESTAT:MIGR_EMI2(1.0),21/09/23 23:00:00,A,TOTAL,COMPLET,NR,T,SI,2004,8269,
ESTAT:MIGR_EMI2(1.0),21/09/23 23:00:00,A,TOTAL,COMPLET,NR,T,SI,2005,8605,
ESTAT:MIGR_EMI2(1.0),21/09/23 23:00:00,A,TOTAL,COMPLET,NR,T,SI,2006,13749,
ESTAT:MIGR_EMI2(1.0),21/09/23 23:00:00,A,TOTAL,COMPLET,NR,T,SI,2007,14943,
ESTAT:MIGR_EMI2(1.0),21/09/23 23:00:00,A,TOTAL,COMPLET,NR,T,SI,2008,12109,b
ESTAT:MIGR_EMI2(1.0),21/09/23 23:00:00,A,TOTAL,COMPLET,NR,T,SI,2009,18788,
ESTAT:MIGR_EMI2(1.0),21/09/23 23:00:00,A,TOTAL,COMPLET,NR,T,SI,2010,15937,
ESTAT:MIGR_EMI2(1.0),21/09/23 23:00:00,A,TOTAL,COMPLET,NR,T,SI,2011,12024,
ESTAT:MIGR_EMI2(1.0),21/09/23 23:00:00,A,TOTAL,COMPLET,NR,T,SI,2012,14378,
ESTAT:MIGR_EMI2(1.0),21/09/23 23:00:00,A,TOTAL,COMPLET,NR,T,SI,2013,13384,
ESTAT:MIGR_EMI2(1.0),21/09/23 23:00:00,A,TOTAL,COMPLET,NR,T,SI,2014,14336,
ESTAT:MIGR_EMI2(1.0),21/09/23 23:00:00,A,TOTAL,COMPLET,NR,T,SI,2015,14913,
ESTAT:MIGR_EMI2(1.0),21/09/23 23:00:00,A,TOTAL,COMPLET,NR,T,SI,2016,15572,
ESTAT:MIGR_EMI2(1.0),21/09/23 23:00:00,A,TOTAL,COMPLET,NR,T,SI,2017,17555,
ESTAT:MIGR_EMI2(1.0),21/09/23 23:00:00,A,TOTAL,COMPLET,NR,T,SI,2018,13527,
ESTAT:MIGR_EMI2(1.0),21/09/23 23:00:00,A,TOTAL,COMPLET,NR,T,SI,2019,15106,
ESTAT:MIGR_EMI2(1.0),21/09/23 23:00:00,A,TOTAL,COMPLET,NR,T,SI,2020,17745,
ESTAT:MIGR_EMI2(1.0),21/09/23 23:00:00,A,TOTAL,COMPLET,NR,T,SI,2021,21144,
ESTAT:MIGR_EMI2(1.0),21/09/23 23:00:00,A,TOTAL,COMPLET,NR,T,SK,1990,867,
ESTAT:MIGR_EMI2(1.0),21/09/23 23:00:00,A,TOTAL,COMPLET,NR,T,SK,1991,527,
ESTAT:MIGR_EMI2(1.0),21/09/23 23:00:00,A,TOTAL,COMPLET,NR,T,SK,1992,128,
ESTAT:MIGR_EMI2(1.0),21/09/23 23:00:00,A,TOTAL,COMPLET,NR,T,SK,1993,7355,
ESTAT:MIGR_EMI2(1.0),21/09/23 23:00:00,A,TOTAL,COMPLET,NR,T,SK,1994,154,
ESTAT:MIGR_EMI2(1.0),21/09/23 23:00:00,A,TOTAL,COMPLET,NR,T,SK,1995,213,
ESTAT:MIGR_EMI2(1.0),21/09/23 23:00:00,A,TOTAL,COMPLET,NR,T,SK,1996,222,
ESTAT:MIGR_EMI2(1.0),21/09/23 23:00:00,A,TOTAL,COMPLET,NR,T,SK,1997,572,
ESTAT:MIGR_EMI2(1.0),21/09/23 23:00:00,A,TOTAL,COMPLET,NR,T,SK,1998,746,
ESTAT:MIGR_EMI2(1.0),21/09/23 23:00:00,A,TOTAL,COMPLET,NR,T,SK,1999,618,
ESTAT:MIGR_EMI2(1.0),21/09/23 23:00:00,A,TOTAL,COMPLET,NR,T,SK,2000,811,
ESTAT:MIGR_EMI2(1.0),21/09/23 23:00:00,A,TOTAL,COMPLET,NR,T,SK,2001,1011,
ESTAT:MIGR_EMI2(1.0),21/09/23 23:00:00,A,TOTAL,COMPLET,NR,T,SK,2002,1411,
ESTAT:MIGR_EMI2(1.0),21/09/23 23:00:00,A,TOTAL,COMPLET,NR,T,SK,2003,1194,
ESTAT:MIGR_EMI2(1.0),21/09/23 23:00:00,A,TOTAL,COMPLET,NR,T,SK,2004,1586,
ESTAT:MIGR_EMI2(1.0),21/09/23 23:00:00,A,TOTAL,COMPLET,NR,T,SK,2005,1873,
ESTAT:MIGR_EMI2(1.0),21/09/23 23:00:00,A,TOTAL,COMPLET,NR,T,SK,2006,1735,
ESTAT:MIGR_EMI2(1.0),21/09/23 23:00:00,A,TOTAL,COMPLET,NR,T,SK,2007,1831,
ESTAT:MIGR_EMI2(1.0),21/09/23 23:00:00,A,TOTAL,COMPLET,NR,T,SK,2008,1705,
ESTAT:MIGR_EMI2(1.0),21/09/23 23:00:00,A,TOTAL,COMPLET,NR,T,SK,2009,1979,
ESTAT:MIGR_EMI2(1.0),21/09/23 23:00:00,A,TOTAL,COMPLET,NR,T,SK,2010,1889,
ESTAT:MIGR_EMI2(1.0),21/09/23 23:00:00,A,TOTAL,COMPLET,NR,T,SK,2011,1863,b
ESTAT:MIGR_EMI2(1.0),21/09/23 23:00:00,A,TOTAL,COMPLET,NR,T,SK,2012,2003,
ESTAT:MIGR_EMI2(1.0),21/09/23 23:00:00,A,TOTAL,COMPLET,NR,T,SK,2013,2770,
ESTAT:MIGR_EMI2(1.0),21/09/23 23:00:00,A,TOTAL,COMPLET,NR,T,SK,2014,3644,
ESTAT:MIGR_EMI2(1.0),21/09/23 23:00:00,A,TOTAL,COMPLET,NR,T,SK,2015,3870,
ESTAT:MIGR_EMI2(1.0),21/09/23 23:00:00,A,TOTAL,COMPLET,NR,T,SK,2016,3801,
ESTAT:MIGR_EMI2(1.0),21/09/23 23:00:00,A,TOTAL,COMPLET,NR,T,SK,2017,3466,
ESTAT:MIGR_EMI2(1.0),21/09/23 23:00:00,A,TOTAL,COMPLET,NR,T,SK,2018,3298,
ESTAT:MIGR_EMI2(1.0),21/09/23 23:00:00,A,TOTAL,COMPLET,NR,T,SK,2019,3384,
ESTAT:MIGR_EMI2(1.0),21/09/23 23:00:00,A,TOTAL,COMPLET,NR,T,SK,2020,2428,
ESTAT:MIGR_EMI2(1.0),21/09/23 23:00:00,A,TOTAL,COMPLET,NR,T,SK,2021,3395,
ESTAT:MIGR_EMI2(1.0),21/09/23 23:00:00,A,TOTAL,COMPLET,NR,T,UA,2020,19121,
ESTAT:MIGR_EMI2(1.0),21/09/23 23:00:00,A,TOTAL,COMPLET,NR,T,UA,2021,22587,
ESTAT:MIGR_EMI2(1.0),21/09/23 23:00:00,A,TOTAL,COMPLET,NR,T,UK,1998,198934,
ESTAT:MIGR_EMI2(1.0),21/09/23 23:00:00,A,TOTAL,COMPLET,NR,T,UK,1999,245340,
ESTAT:MIGR_EMI2(1.0),21/09/23 23:00:00,A,TOTAL,COMPLET,NR,T,UK,2000,277563,e
ESTAT:MIGR_EMI2(1.0),21/09/23 23:00:00,A,TOTAL,COMPLET,NR,T,UK,2001,251369,
ESTAT:MIGR_EMI2(1.0),21/09/23 23:00:00,A,TOTAL,COMPLET,NR,T,UK,2002,305931,
ESTAT:MIGR_EMI2(1.0),21/09/23 23:00:00,A,TOTAL,COMPLET,NR,T,UK,2003,313960,
ESTAT:MIGR_EMI2(1.0),21/09/23 23:00:00,A,TOTAL,COMPLET,NR,T,UK,2004,310389,
ESTAT:MIGR_EMI2(1.0),21/09/23 23:00:00,A,TOTAL,COMPLET,NR,T,UK,2005,328408,
ESTAT:MIGR_EMI2(1.0),21/09/23 23:00:00,A,TOTAL,COMPLET,NR,T,UK,2006,369470,
ESTAT:MIGR_EMI2(1.0),21/09/23 23:00:00,A,TOTAL,COMPLET,NR,T,UK,2007,317587,
ESTAT:MIGR_EMI2(1.0),21/09/23 23:00:00,A,TOTAL,COMPLET,NR,T,UK,2008,427207,b
ESTAT:MIGR_EMI2(1.0),21/09/23 23:00:00,A,TOTAL,COMPLET,NR,T,UK,2009,368177,
ESTAT:MIGR_EMI2(1.0),21/09/23 23:00:00,A,TOTAL,COMPLET,NR,T,UK,2010,339306,
ESTAT:MIGR_EMI2(1.0),21/09/23 23:00:00,A,TOTAL,COMPLET,NR,T,UK,2011,350703,
ESTAT:MIGR_EMI2(1.0),21/09/23 23:00:00,A,TOTAL,COMPLET,NR,T,UK,2012,321217,
ESTAT:MIGR_EMI2(1.0),21/09/23 23:00:00,A,TOTAL,COMPLET,NR,T,UK,2013,316934,
ESTAT:MIGR_EMI2(1.0),21/09/23 23:00:00,A,TOTAL,COMPLET,NR,T,UK,2014,319086,
ESTAT:MIGR_EMI2(1.0),21/09/23 23:00:00,A,TOTAL,COMPLET,NR,T,UK,2015,299183,
ESTAT:MIGR_EMI2(1.0),21/09/23 23:00:00,A,TOTAL,COMPLET,NR,T,UK,2016,340440,
ESTAT:MIGR_EMI2(1.0),21/09/23 23:00:00,A,TOTAL,COMPLET,NR,T,UK,2017,359665,
ESTAT:MIGR_EMI2(1.0),21/09/23 23:00:00,A,TOTAL,COMPLET,NR,T,UK,2018,344347,p
ESTAT:MIGR_EMI2(1.0),21/09/23 23:00:00,A,TOTAL,COMPLET,NR,T,UK,2019,368385,
