DATAFLOW,LAST UPDATE,freq,unit,wstatus,age,sex,geo,TIME_PERIOD,OBS_VALUE,OBS_FLAG
ESTAT:SDG_04_10(1.0),03/01/24 23:00:00,A,PC,POP,Y18-24,T,AT,2000,10.2,
ESTAT:SDG_04_10(1.0),03/01/24 23:00:00,A,PC,POP,Y18-24,T,AT,2001,10.2,
ESTAT:SDG_04_10(1.0),03/01/24 23:00:00,A,PC,POP,Y18-24,T,AT,2002,9.5,
ESTAT:SDG_04_10(1.0),03/01/24 23:00:00,A,PC,POP,Y18-24,T,AT,2003,9.0,
ESTAT:SDG_04_10(1.0),03/01/24 23:00:00,A,PC,POP,Y18-24,T,AT,2004,9.8,b
ESTAT:SDG_04_10(1.0),03/01/24 23:00:00,A,PC,POP,Y18-24,T,AT,2005,9.3,
ESTAT:SDG_04_10(1.0),03/01/24 23:00:00,A,PC,POP,Y18-24,T,AT,2006,10.0,b
ESTAT:SDG_04_10(1.0),03/01/24 23:00:00,A,PC,POP,Y18-24,T,AT,2007,10.8,
ESTAT:SDG_04_10(1.0),03/01/24 23:00:00,A,PC,POP,Y18-24,T,AT,2008,10.2,
ESTAT:SDG_04_10(1.0),03/01/24 23:00:00,A,PC,POP,Y18-24,T,AT,2009,8.8,
ESTAT:SDG_04_10(1.0),03/01/24 23:00:00,A,PC,POP,Y18-24,T,AT,2010,8.3,
ESTAT:SDG_04_10(1.0),03/01/24 23:00:00,A,PC,POP,Y18-24,T,AT,2011,8.5,
ESTAT:SDG_04_10(1.0),03/01/24 23:00:00,A,PC,POP,Y18-24,T,AT,2012,7.8,
ESTAT:SDG_04_10(1.0),03/01/24 23:00:00,A,PC,POP,Y18-24,T,AT,2013,7.5,
ESTAT:SDG_04_10(1.0),03/01/24 23:00:00,A,PC,POP,Y18-24,T,AT,2014,7.0,b
ESTAT:SDG_04_10(1.0),03/01/24 23:00:00,A,PC,POP,Y18-24,T,AT,2015,7.3,
ESTAT:SDG_04_10(1.0),03/01/24 23:00:00,A,PC,POP,Y18-24,T,AT,2016,6.9,
ESTAT:SDG_04_10(1.0),03/01/24 23:00:00,A,PC,POP,Y18-24,T,AT,2017,7.4,
ESTAT:SDG_04_10(1.0),03/01/24 23:00:00,A,PC,POP,Y18-24,T,AT,2018,7.3,
ESTAT:SDG_04_10(1.0),03/01/24 23:00:00,A,PC,POP,Y18-24,T,AT,2019,7.8,
ESTAT:SDG_04_10(1.0),03/01/24 23:00:00,A,PC,POP,Y18-24,T,AT,2020,8.1,
ESTAT:SDG_04_10(1.0),03/01/24 23:00:00,A,PC,POP,Y18-24,T,AT,2021,8.0,b
ESTAT:SDG_04_10(1.0),03/01/24 23:00:00,A,PC,POP,Y18-24,T,AT,2022,8.4,
ESTAT:SDG_04_10(1.0),03/01/24 23:00:00,A,PC,POP,Y18-24,T,BE,2000,13.8,
ESTAT:SDG_04_10(1.0),03/01/24 23:00:00,A,PC,POP,Y18-24,T,BE,2001,13.8,
ESTAT:SDG_04_10(1.0),03/01/24 23:00:00,A,PC,POP,Y18-24,T,BE,2002,14.1,
ESTAT:SDG_04_10(1.0),03/01/24 23:00:00,A,PC,POP,Y18-24,T,BE,2003,14.3,
ESTAT:SDG_04_10(1.0),03/01/24 23:00:00,A,PC,POP,Y18-24,T,BE,2004,13.1,b
ESTAT:SDG_04_10(1.0),03/01/24 23:00:00,A,PC,POP,Y18-24,T,BE,2005,12.9,
ESTAT:SDG_04_10(1.0),03/01/24 23:00:00,A,PC,POP,Y18-24,T,BE,2006,12.6,b
ESTAT:SDG_04_10(1.0),03/01/24 23:00:00,A,PC,POP,Y18-24,T,BE,2007,12.1,
ESTAT:SDG_04_10(1.0),03/01/24 23:00:00,A,PC,POP,Y18-24,T,BE,2008,12.0,b
ESTAT:SDG_04_10(1.0),03/01/24 23:00:00,A,PC,POP,Y18-24,T,BE,2009,11.1,
ESTAT:SDG_04_10(1.0),03/01/24 23:00:00,A,PC,POP,Y18-24,T,BE,2010,11.9,
ESTAT:SDG_04_10(1.0),03/01/24 23:00:00,A,PC,POP,Y18-24,T,BE,2011,12.3,
ESTAT:SDG_04_10(1.0),03/01/24 23:00:00,A,PC,POP,Y18-24,T,BE,2012,12.0,
ESTAT:SDG_04_10(1.0),03/01/24 23:00:00,A,PC,POP,Y18-24,T,BE,2013,11.0,
ESTAT:SDG_04_10(1.0),03/01/24 23:00:00,A,PC,POP,Y18-24,T,BE,2014,9.8,b
ESTAT:SDG_04_10(1.0),03/01/24 23:00:00,A,PC,POP,Y18-24,T,BE,2015,10.1,
ESTAT:SDG_04_10(1.0),03/01/24 23:00:00,A,PC,POP,Y18-24,T,BE,2016,8.8,
ESTAT:SDG_04_10(1.0),03/01/24 23:00:00,A,PC,POP,Y18-24,T,BE,2017,8.9,b
ESTAT:SDG_04_10(1.0),03/01/24 23:00:00,A,PC,POP,Y18-24,T,BE,2018,8.6,
ESTAT:SDG_04_10(1.0),03/01/24 23:00:00,A,PC,POP,Y18-24,T,BE,2019,8.4,
ESTAT:SDG_04_10(1.0),03/01/24 23:00:00,A,PC,POP,Y18-24,T,BE,2020,8.1,
ESTAT:SDG_04_10(1.0),03/01/24 23:00:00,A,PC,POP,Y18-24,T,BE,2021,6.7,b
ESTAT:SDG_04_10(1.0),03/01/24 23:00:00,A,PC,POP,Y18-24,T,BE,2022,6.4,
ESTAT:SDG_04_10(1.0),03/01/24 23:00:00,A,PC,POP,Y18-24,T,BG,2001,20.5,b
ESTAT:SDG_04_10(1.0),03/01/24 23:00:00,A,PC,POP,Y18-24,T,BG,2002,20.7,
ESTAT:SDG_04_10(1.0),03/01/24 23:00:00,A,PC,POP,Y18-24,T,BG,2003,21.9,b
ESTAT:SDG_04_10(1.0),03/01/24 23:00:00,A,PC,POP,Y18-24,T,BG,2004,21.4,
ESTAT:SDG_04_10(1.0),03/01/24 23:00:00,A,PC,POP,Y18-24,T,BG,2005,20.4,
ESTAT:SDG_04_10(1.0),03/01/24 23:00:00,A,PC,POP,Y18-24,T,BG,2006,17.3,b
ESTAT:SDG_04_10(1.0),03/01/24 23:00:00,A,PC,POP,Y18-24,T,BG,2007,14.9,
ESTAT:SDG_04_10(1.0),03/01/24 23:00:00,A,PC,POP,Y18-24,T,BG,2008,14.8,
ESTAT:SDG_04_10(1.0),03/01/24 23:00:00,A,PC,POP,Y18-24,T,BG,2009,14.7,
ESTAT:SDG_04_10(1.0),03/01/24 23:00:00,A,PC,POP,Y18-24,T,BG,2010,12.6,b
ESTAT:SDG_04_10(1.0),03/01/24 23:00:00,A,PC,POP,Y18-24,T,BG,2011,11.8,b
ESTAT:SDG_04_10(1.0),03/01/24 23:00:00,A,PC,POP,Y18-24,T,BG,2012,12.5,
ESTAT:SDG_04_10(1.0),03/01/24 23:00:00,A,PC,POP,Y18-24,T,BG,2013,12.5,
ESTAT:SDG_04_10(1.0),03/01/24 23:00:00,A,PC,POP,Y18-24,T,BG,2014,12.9,b
ESTAT:SDG_04_10(1.0),03/01/24 23:00:00,A,PC,POP,Y18-24,T,BG,2015,13.4,
ESTAT:SDG_04_10(1.0),03/01/24 23:00:00,A,PC,POP,Y18-24,T,BG,2016,13.8,
ESTAT:SDG_04_10(1.0),03/01/24 23:00:00,A,PC,POP,Y18-24,T,BG,2017,12.7,
ESTAT:SDG_04_10(1.0),03/01/24 23:00:00,A,PC,POP,Y18-24,T,BG,2018,12.7,
ESTAT:SDG_04_10(1.0),03/01/24 23:00:00,A,PC,POP,Y18-24,T,BG,2019,13.9,
ESTAT:SDG_04_10(1.0),03/01/24 23:00:00,A,PC,POP,Y18-24,T,BG,2020,12.8,
ESTAT:SDG_04_10(1.0),03/01/24 23:00:00,A,PC,POP,Y18-24,T,BG,2021,12.2,b
ESTAT:SDG_04_10(1.0),03/01/24 23:00:00,A,PC,POP,Y18-24,T,BG,2022,10.5,
ESTAT:SDG_04_10(1.0),03/01/24 23:00:00,A,PC,POP,Y18-24,T,CH,2000,7.3,
ESTAT:SDG_04_10(1.0),03/01/24 23:00:00,A,PC,POP,Y18-24,T,CH,2001,6.6,
ESTAT:SDG_04_10(1.0),03/01/24 23:00:00,A,PC,POP,Y18-24,T,CH,2002,6.7,
ESTAT:SDG_04_10(1.0),03/01/24 23:00:00,A,PC,POP,Y18-24,T,CH,2003,9.7,b
ESTAT:SDG_04_10(1.0),03/01/24 23:00:00,A,PC,POP,Y18-24,T,CH,2004,9.5,
ESTAT:SDG_04_10(1.0),03/01/24 23:00:00,A,PC,POP,Y18-24,T,CH,2005,9.7,
ESTAT:SDG_04_10(1.0),03/01/24 23:00:00,A,PC,POP,Y18-24,T,CH,2006,9.6,
ESTAT:SDG_04_10(1.0),03/01/24 23:00:00,A,PC,POP,Y18-24,T,CH,2007,7.6,
ESTAT:SDG_04_10(1.0),03/01/24 23:00:00,A,PC,POP,Y18-24,T,CH,2008,7.7,
ESTAT:SDG_04_10(1.0),03/01/24 23:00:00,A,PC,POP,Y18-24,T,CH,2009,9.1,
ESTAT:SDG_04_10(1.0),03/01/24 23:00:00,A,PC,POP,Y18-24,T,CH,2010,6.7,b
ESTAT:SDG_04_10(1.0),03/01/24 23:00:00,A,PC,POP,Y18-24,T,CH,2011,6.3,
ESTAT:SDG_04_10(1.0),03/01/24 23:00:00,A,PC,POP,Y18-24,T,CH,2012,5.5,
ESTAT:SDG_04_10(1.0),03/01/24 23:00:00,A,PC,POP,Y18-24,T,CH,2013,5.6,
ESTAT:SDG_04_10(1.0),03/01/24 23:00:00,A,PC,POP,Y18-24,T,CH,2014,5.6,b
ESTAT:SDG_04_10(1.0),03/01/24 23:00:00,A,PC,POP,Y18-24,T,CH,2015,5.2,
ESTAT:SDG_04_10(1.0),03/01/24 23:00:00,A,PC,POP,Y18-24,T,CH,2016,4.9,
ESTAT:SDG_04_10(1.0),03/01/24 23:00:00,A,PC,POP,Y18-24,T,CH,2017,4.5,
ESTAT:SDG_04_10(1.0),03/01/24 23:00:00,A,PC,POP,Y18-24,T,CH,2018,4.4,
ESTAT:SDG_04_10(1.0),03/01/24 23:00:00,A,PC,POP,Y18-24,T,CH,2019,4.4,
ESTAT:SDG_04_10(1.0),03/01/24 23:00:00,A,PC,POP,Y18-24,T,CH,2020,4.0,
ESTAT:SDG_04_10(1.0),03/01/24 23:00:00,A,PC,POP,Y18-24,T,CH,2021,4.9,b
ESTAT:SDG_04_10(1.0),03/01/24 23:00:00,A,PC,POP,Y18-24,T,CH,2022,6.3,
ESTAT:SDG_04_10(1.0),03/01/24 23:00:00,A,PC,POP,Y18-24,T,CY,2000,18.5,
ESTAT:SDG_04_10(1.0),03/01/24 23:00:00,A,PC,POP,Y18-24,T,CY,2001,17.9,
ESTAT:SDG_04_10(1.0),03/01/24 23:00:00,A,PC,POP,Y18-24,T,CY,2002,15.9,
ESTAT:SDG_04_10(1.0),03/01/24 23:00:00,A,PC,POP,Y18-24,T,CY,2003,17.3,b
ESTAT:SDG_04_10(1.0),03/01/24 23:00:00,A,PC,POP,Y18-24,T,CY,2004,20.6,
ESTAT:SDG_04_10(1.0),03/01/24 23:00:00,A,PC,POP,Y18-24,T,CY,2005,18.2,
ESTAT:SDG_04_10(1.0),03/01/24 23:00:00,A,PC,POP,Y18-24,T,CY,2006,14.9,b
ESTAT:SDG_04_10(1.0),03/01/24 23:00:00,A,PC,POP,Y18-24,T,CY,2007,12.5,
ESTAT:SDG_04_10(1.0),03/01/24 23:00:00,A,PC,POP,Y18-24,T,CY,2008,13.7,
ESTAT:SDG_04_10(1.0),03/01/24 23:00:00,A,PC,POP,Y18-24,T,CY,2009,11.7,b
ESTAT:SDG_04_10(1.0),03/01/24 23:00:00,A,PC,POP,Y18-24,T,CY,2010,12.7,
ESTAT:SDG_04_10(1.0),03/01/24 23:00:00,A,PC,POP,Y18-24,T,CY,2011,11.3,
ESTAT:SDG_04_10(1.0),03/01/24 23:00:00,A,PC,POP,Y18-24,T,CY,2012,11.4,
ESTAT:SDG_04_10(1.0),03/01/24 23:00:00,A,PC,POP,Y18-24,T,CY,2013,9.1,
ESTAT:SDG_04_10(1.0),03/01/24 23:00:00,A,PC,POP,Y18-24,T,CY,2014,6.8,b
ESTAT:SDG_04_10(1.0),03/01/24 23:00:00,A,PC,POP,Y18-24,T,CY,2015,5.2,
ESTAT:SDG_04_10(1.0),03/01/24 23:00:00,A,PC,POP,Y18-24,T,CY,2016,7.6,
ESTAT:SDG_04_10(1.0),03/01/24 23:00:00,A,PC,POP,Y18-24,T,CY,2017,8.5,
ESTAT:SDG_04_10(1.0),03/01/24 23:00:00,A,PC,POP,Y18-24,T,CY,2018,7.8,
ESTAT:SDG_04_10(1.0),03/01/24 23:00:00,A,PC,POP,Y18-24,T,CY,2019,9.2,
ESTAT:SDG_04_10(1.0),03/01/24 23:00:00,A,PC,POP,Y18-24,T,CY,2020,11.5,
ESTAT:SDG_04_10(1.0),03/01/24 23:00:00,A,PC,POP,Y18-24,T,CY,2021,10.2,b
ESTAT:SDG_04_10(1.0),03/01/24 23:00:00,A,PC,POP,Y18-24,T,CY,2022,8.1,
ESTAT:SDG_04_10(1.0),03/01/24 23:00:00,A,PC,POP,Y18-24,T,CZ,2002,5.7,
ESTAT:SDG_04_10(1.0),03/01/24 23:00:00,A,PC,POP,Y18-24,T,CZ,2003,6.5,b
ESTAT:SDG_04_10(1.0),03/01/24 23:00:00,A,PC,POP,Y18-24,T,CZ,2004,6.3,
ESTAT:SDG_04_10(1.0),03/01/24 23:00:00,A,PC,POP,Y18-24,T,CZ,2005,6.2,
ESTAT:SDG_04_10(1.0),03/01/24 23:00:00,A,PC,POP,Y18-24,T,CZ,2006,5.1,b
ESTAT:SDG_04_10(1.0),03/01/24 23:00:00,A,PC,POP,Y18-24,T,CZ,2007,5.2,
ESTAT:SDG_04_10(1.0),03/01/24 23:00:00,A,PC,POP,Y18-24,T,CZ,2008,5.6,
ESTAT:SDG_04_10(1.0),03/01/24 23:00:00,A,PC,POP,Y18-24,T,CZ,2009,5.4,
ESTAT:SDG_04_10(1.0),03/01/24 23:00:00,A,PC,POP,Y18-24,T,CZ,2010,4.9,
ESTAT:SDG_04_10(1.0),03/01/24 23:00:00,A,PC,POP,Y18-24,T,CZ,2011,4.9,b
ESTAT:SDG_04_10(1.0),03/01/24 23:00:00,A,PC,POP,Y18-24,T,CZ,2012,5.5,
ESTAT:SDG_04_10(1.0),03/01/24 23:00:00,A,PC,POP,Y18-24,T,CZ,2013,5.4,b
ESTAT:SDG_04_10(1.0),03/01/24 23:00:00,A,PC,POP,Y18-24,T,CZ,2014,5.5,b
ESTAT:SDG_04_10(1.0),03/01/24 23:00:00,A,PC,POP,Y18-24,T,CZ,2015,6.2,
ESTAT:SDG_04_10(1.0),03/01/24 23:00:00,A,PC,POP,Y18-24,T,CZ,2016,6.6,
ESTAT:SDG_04_10(1.0),03/01/24 23:00:00,A,PC,POP,Y18-24,T,CZ,2017,6.7,
ESTAT:SDG_04_10(1.0),03/01/24 23:00:00,A,PC,POP,Y18-24,T,CZ,2018,6.2,
ESTAT:SDG_04_10(1.0),03/01/24 23:00:00,A,PC,POP,Y18-24,T,CZ,2019,6.7,
ESTAT:SDG_04_10(1.0),03/01/24 23:00:00,A,PC,POP,Y18-24,T,CZ,2020,7.6,
ESTAT:SDG_04_10(1.0),03/01/24 23:00:00,A,PC,POP,Y18-24,T,CZ,2021,6.4,b
ESTAT:SDG_04_10(1.0),03/01/24 23:00:00,A,PC,POP,Y18-24,T,CZ,2022,6.2,
ESTAT:SDG_04_10(1.0),03/01/24 23:00:00,A,PC,POP,Y18-24,T,DE,2000,14.6,u
ESTAT:SDG_04_10(1.0),03/01/24 23:00:00,A,PC,POP,Y18-24,T,DE,2001,12.3,
ESTAT:SDG_04_10(1.0),03/01/24 23:00:00,A,PC,POP,Y18-24,T,DE,2002,12.5,
ESTAT:SDG_04_10(1.0),03/01/24 23:00:00,A,PC,POP,Y18-24,T,DE,2003,12.8,b
ESTAT:SDG_04_10(1.0),03/01/24 23:00:00,A,PC,POP,Y18-24,T,DE,2004,12.1,
ESTAT:SDG_04_10(1.0),03/01/24 23:00:00,A,PC,POP,Y18-24,T,DE,2005,13.5,b
ESTAT:SDG_04_10(1.0),03/01/24 23:00:00,A,PC,POP,Y18-24,T,DE,2006,13.7,
ESTAT:SDG_04_10(1.0),03/01/24 23:00:00,A,PC,POP,Y18-24,T,DE,2007,12.5,
ESTAT:SDG_04_10(1.0),03/01/24 23:00:00,A,PC,POP,Y18-24,T,DE,2008,11.8,b
ESTAT:SDG_04_10(1.0),03/01/24 23:00:00,A,PC,POP,Y18-24,T,DE,2009,11.1,
ESTAT:SDG_04_10(1.0),03/01/24 23:00:00,A,PC,POP,Y18-24,T,DE,2010,11.8,b
ESTAT:SDG_04_10(1.0),03/01/24 23:00:00,A,PC,POP,Y18-24,T,DE,2011,11.6,
ESTAT:SDG_04_10(1.0),03/01/24 23:00:00,A,PC,POP,Y18-24,T,DE,2012,10.5,
ESTAT:SDG_04_10(1.0),03/01/24 23:00:00,A,PC,POP,Y18-24,T,DE,2013,9.8,
ESTAT:SDG_04_10(1.0),03/01/24 23:00:00,A,PC,POP,Y18-24,T,DE,2014,9.5,b
ESTAT:SDG_04_10(1.0),03/01/24 23:00:00,A,PC,POP,Y18-24,T,DE,2015,10.1,
ESTAT:SDG_04_10(1.0),03/01/24 23:00:00,A,PC,POP,Y18-24,T,DE,2016,10.3,
ESTAT:SDG_04_10(1.0),03/01/24 23:00:00,A,PC,POP,Y18-24,T,DE,2017,10.1,
ESTAT:SDG_04_10(1.0),03/01/24 23:00:00,A,PC,POP,Y18-24,T,DE,2018,10.3,
ESTAT:SDG_04_10(1.0),03/01/24 23:00:00,A,PC,POP,Y18-24,T,DE,2019,10.3,
ESTAT:SDG_04_10(1.0),03/01/24 23:00:00,A,PC,POP,Y18-24,T,DE,2020,10.1,b
ESTAT:SDG_04_10(1.0),03/01/24 23:00:00,A,PC,POP,Y18-24,T,DE,2021,12.5,b
ESTAT:SDG_04_10(1.0),03/01/24 23:00:00,A,PC,POP,Y18-24,T,DE,2022,12.2,
ESTAT:SDG_04_10(1.0),03/01/24 23:00:00,A,PC,POP,Y18-24,T,DK,2000,11.7,
ESTAT:SDG_04_10(1.0),03/01/24 23:00:00,A,PC,POP,Y18-24,T,DK,2001,9.2,
ESTAT:SDG_04_10(1.0),03/01/24 23:00:00,A,PC,POP,Y18-24,T,DK,2002,9.0,
ESTAT:SDG_04_10(1.0),03/01/24 23:00:00,A,PC,POP,Y18-24,T,DK,2003,10.4,b
ESTAT:SDG_04_10(1.0),03/01/24 23:00:00,A,PC,POP,Y18-24,T,DK,2004,8.8,
ESTAT:SDG_04_10(1.0),03/01/24 23:00:00,A,PC,POP,Y18-24,T,DK,2005,8.7,
ESTAT:SDG_04_10(1.0),03/01/24 23:00:00,A,PC,POP,Y18-24,T,DK,2006,9.1,
ESTAT:SDG_04_10(1.0),03/01/24 23:00:00,A,PC,POP,Y18-24,T,DK,2007,12.9,b
ESTAT:SDG_04_10(1.0),03/01/24 23:00:00,A,PC,POP,Y18-24,T,DK,2008,12.7,b
ESTAT:SDG_04_10(1.0),03/01/24 23:00:00,A,PC,POP,Y18-24,T,DK,2009,11.5,
ESTAT:SDG_04_10(1.0),03/01/24 23:00:00,A,PC,POP,Y18-24,T,DK,2010,11.5,
ESTAT:SDG_04_10(1.0),03/01/24 23:00:00,A,PC,POP,Y18-24,T,DK,2011,10.3,
ESTAT:SDG_04_10(1.0),03/01/24 23:00:00,A,PC,POP,Y18-24,T,DK,2012,9.6,
ESTAT:SDG_04_10(1.0),03/01/24 23:00:00,A,PC,POP,Y18-24,T,DK,2013,8.2,
ESTAT:SDG_04_10(1.0),03/01/24 23:00:00,A,PC,POP,Y18-24,T,DK,2014,8.1,b
ESTAT:SDG_04_10(1.0),03/01/24 23:00:00,A,PC,POP,Y18-24,T,DK,2015,8.1,
ESTAT:SDG_04_10(1.0),03/01/24 23:00:00,A,PC,POP,Y18-24,T,DK,2016,7.5,b
ESTAT:SDG_04_10(1.0),03/01/24 23:00:00,A,PC,POP,Y18-24,T,DK,2017,8.8,b
ESTAT:SDG_04_10(1.0),03/01/24 23:00:00,A,PC,POP,Y18-24,T,DK,2018,10.4,
ESTAT:SDG_04_10(1.0),03/01/24 23:00:00,A,PC,POP,Y18-24,T,DK,2019,9.9,
ESTAT:SDG_04_10(1.0),03/01/24 23:00:00,A,PC,POP,Y18-24,T,DK,2020,9.3,
ESTAT:SDG_04_10(1.0),03/01/24 23:00:00,A,PC,POP,Y18-24,T,DK,2021,9.8,b
ESTAT:SDG_04_10(1.0),03/01/24 23:00:00,A,PC,POP,Y18-24,T,DK,2022,10.0,
ESTAT:SDG_04_10(1.0),03/01/24 23:00:00,A,PC,POP,Y18-24,T,EE,2000,15.1,b
ESTAT:SDG_04_10(1.0),03/01/24 23:00:00,A,PC,POP,Y18-24,T,EE,2001,14.7,
ESTAT:SDG_04_10(1.0),03/01/24 23:00:00,A,PC,POP,Y18-24,T,EE,2002,13.6,
ESTAT:SDG_04_10(1.0),03/01/24 23:00:00,A,PC,POP,Y18-24,T,EE,2003,13.7,b
ESTAT:SDG_04_10(1.0),03/01/24 23:00:00,A,PC,POP,Y18-24,T,EE,2004,13.9,
ESTAT:SDG_04_10(1.0),03/01/24 23:00:00,A,PC,POP,Y18-24,T,EE,2005,14.0,
ESTAT:SDG_04_10(1.0),03/01/24 23:00:00,A,PC,POP,Y18-24,T,EE,2006,13.4,
ESTAT:SDG_04_10(1.0),03/01/24 23:00:00,A,PC,POP,Y18-24,T,EE,2007,14.4,
ESTAT:SDG_04_10(1.0),03/01/24 23:00:00,A,PC,POP,Y18-24,T,EE,2008,14.0,
ESTAT:SDG_04_10(1.0),03/01/24 23:00:00,A,PC,POP,Y18-24,T,EE,2009,13.5,b
ESTAT:SDG_04_10(1.0),03/01/24 23:00:00,A,PC,POP,Y18-24,T,EE,2010,11.0,
ESTAT:SDG_04_10(1.0),03/01/24 23:00:00,A,PC,POP,Y18-24,T,EE,2011,10.6,
ESTAT:SDG_04_10(1.0),03/01/24 23:00:00,A,PC,POP,Y18-24,T,EE,2012,10.3,
ESTAT:SDG_04_10(1.0),03/01/24 23:00:00,A,PC,POP,Y18-24,T,EE,2013,9.7,
ESTAT:SDG_04_10(1.0),03/01/24 23:00:00,A,PC,POP,Y18-24,T,EE,2014,12.0,b
ESTAT:SDG_04_10(1.0),03/01/24 23:00:00,A,PC,POP,Y18-24,T,EE,2015,13.7,
ESTAT:SDG_04_10(1.0),03/01/24 23:00:00,A,PC,POP,Y18-24,T,EE,2016,11.4,
ESTAT:SDG_04_10(1.0),03/01/24 23:00:00,A,PC,POP,Y18-24,T,EE,2017,11.8,
ESTAT:SDG_04_10(1.0),03/01/24 23:00:00,A,PC,POP,Y18-24,T,EE,2018,12.0,
ESTAT:SDG_04_10(1.0),03/01/24 23:00:00,A,PC,POP,Y18-24,T,EE,2019,11.2,
ESTAT:SDG_04_10(1.0),03/01/24 23:00:00,A,PC,POP,Y18-24,T,EE,2020,8.5,
ESTAT:SDG_04_10(1.0),03/01/24 23:00:00,A,PC,POP,Y18-24,T,EE,2021,9.8,b
ESTAT:SDG_04_10(1.0),03/01/24 23:00:00,A,PC,POP,Y18-24,T,EE,2022,10.8,
ESTAT:SDG_04_10(1.0),03/01/24 23:00:00,A,PC,POP,Y18-24,T,EL,2000,18.2,
ESTAT:SDG_04_10(1.0),03/01/24 23:00:00,A,PC,POP,Y18-24,T,EL,2001,16.9,b
ESTAT:SDG_04_10(1.0),03/01/24 23:00:00,A,PC,POP,Y18-24,T,EL,2002,16.2,
ESTAT:SDG_04_10(1.0),03/01/24 23:00:00,A,PC,POP,Y18-24,T,EL,2003,15.6,b
ESTAT:SDG_04_10(1.0),03/01/24 23:00:00,A,PC,POP,Y18-24,T,EL,2004,14.5,b
ESTAT:SDG_04_10(1.0),03/01/24 23:00:00,A,PC,POP,Y18-24,T,EL,2005,13.3,
ESTAT:SDG_04_10(1.0),03/01/24 23:00:00,A,PC,POP,Y18-24,T,EL,2006,15.1,b
ESTAT:SDG_04_10(1.0),03/01/24 23:00:00,A,PC,POP,Y18-24,T,EL,2007,14.3,
ESTAT:SDG_04_10(1.0),03/01/24 23:00:00,A,PC,POP,Y18-24,T,EL,2008,14.4,b
ESTAT:SDG_04_10(1.0),03/01/24 23:00:00,A,PC,POP,Y18-24,T,EL,2009,14.2,b
ESTAT:SDG_04_10(1.0),03/01/24 23:00:00,A,PC,POP,Y18-24,T,EL,2010,13.5,
ESTAT:SDG_04_10(1.0),03/01/24 23:00:00,A,PC,POP,Y18-24,T,EL,2011,12.9,
ESTAT:SDG_04_10(1.0),03/01/24 23:00:00,A,PC,POP,Y18-24,T,EL,2012,11.3,
ESTAT:SDG_04_10(1.0),03/01/24 23:00:00,A,PC,POP,Y18-24,T,EL,2013,10.1,
ESTAT:SDG_04_10(1.0),03/01/24 23:00:00,A,PC,POP,Y18-24,T,EL,2014,9.0,b
ESTAT:SDG_04_10(1.0),03/01/24 23:00:00,A,PC,POP,Y18-24,T,EL,2015,7.9,
ESTAT:SDG_04_10(1.0),03/01/24 23:00:00,A,PC,POP,Y18-24,T,EL,2016,6.2,
ESTAT:SDG_04_10(1.0),03/01/24 23:00:00,A,PC,POP,Y18-24,T,EL,2017,6.0,
ESTAT:SDG_04_10(1.0),03/01/24 23:00:00,A,PC,POP,Y18-24,T,EL,2018,4.7,
ESTAT:SDG_04_10(1.0),03/01/24 23:00:00,A,PC,POP,Y18-24,T,EL,2019,4.1,
ESTAT:SDG_04_10(1.0),03/01/24 23:00:00,A,PC,POP,Y18-24,T,EL,2020,3.8,
ESTAT:SDG_04_10(1.0),03/01/24 23:00:00,A,PC,POP,Y18-24,T,EL,2021,3.2,b
ESTAT:SDG_04_10(1.0),03/01/24 23:00:00,A,PC,POP,Y18-24,T,EL,2022,4.1,
ESTAT:SDG_04_10(1.0),03/01/24 23:00:00,A,PC,POP,Y18-24,T,ES,2000,29.1,
ESTAT:SDG_04_10(1.0),03/01/24 23:00:00,A,PC,POP,Y18-24,T,ES,2001,29.7,
ESTAT:SDG_04_10(1.0),03/01/24 23:00:00,A,PC,POP,Y18-24,T,ES,2002,30.9,
ESTAT:SDG_04_10(1.0),03/01/24 23:00:00,A,PC,POP,Y18-24,T,ES,2003,31.7,b
ESTAT:SDG_04_10(1.0),03/01/24 23:00:00,A,PC,POP,Y18-24,T,ES,2004,32.2,
ESTAT:SDG_04_10(1.0),03/01/24 23:00:00,A,PC,POP,Y18-24,T,ES,2005,31.0,b
ESTAT:SDG_04_10(1.0),03/01/24 23:00:00,A,PC,POP,Y18-24,T,ES,2006,30.3,b
ESTAT:SDG_04_10(1.0),03/01/24 23:00:00,A,PC,POP,Y18-24,T,ES,2007,30.8,
ESTAT:SDG_04_10(1.0),03/01/24 23:00:00,A,PC,POP,Y18-24,T,ES,2008,31.7,
ESTAT:SDG_04_10(1.0),03/01/24 23:00:00,A,PC,POP,Y18-24,T,ES,2009,30.9,
ESTAT:SDG_04_10(1.0),03/01/24 23:00:00,A,PC,POP,Y18-24,T,ES,2010,28.2,
ESTAT:SDG_04_10(1.0),03/01/24 23:00:00,A,PC,POP,Y18-24,T,ES,2011,26.3,
ESTAT:SDG_04_10(1.0),03/01/24 23:00:00,A,PC,POP,Y18-24,T,ES,2012,24.7,
ESTAT:SDG_04_10(1.0),03/01/24 23:00:00,A,PC,POP,Y18-24,T,ES,2013,23.6,
ESTAT:SDG_04_10(1.0),03/01/24 23:00:00,A,PC,POP,Y18-24,T,ES,2014,21.9,b
ESTAT:SDG_04_10(1.0),03/01/24 23:00:00,A,PC,POP,Y18-24,T,ES,2015,20.0,
ESTAT:SDG_04_10(1.0),03/01/24 23:00:00,A,PC,POP,Y18-24,T,ES,2016,19.0,
ESTAT:SDG_04_10(1.0),03/01/24 23:00:00,A,PC,POP,Y18-24,T,ES,2017,18.3,
ESTAT:SDG_04_10(1.0),03/01/24 23:00:00,A,PC,POP,Y18-24,T,ES,2018,17.9,
ESTAT:SDG_04_10(1.0),03/01/24 23:00:00,A,PC,POP,Y18-24,T,ES,2019,17.3,
ESTAT:SDG_04_10(1.0),03/01/24 23:00:00,A,PC,POP,Y18-24,T,ES,2020,16.0,
ESTAT:SDG_04_10(1.0),03/01/24 23:00:00,A,PC,POP,Y18-24,T,ES,2021,13.3,b
ESTAT:SDG_04_10(1.0),03/01/24 23:00:00,A,PC,POP,Y18-24,T,ES,2022,13.9,
ESTAT:SDG_04_10(1.0),03/01/24 23:00:00,A,PC,POP,Y18-24,T,FI,2000,9.0,b
ESTAT:SDG_04_10(1.0),03/01/24 23:00:00,A,PC,POP,Y18-24,T,FI,2001,9.5,
ESTAT:SDG_04_10(1.0),03/01/24 23:00:00,A,PC,POP,Y18-24,T,FI,2002,9.7,
ESTAT:SDG_04_10(1.0),03/01/24 23:00:00,A,PC,POP,Y18-24,T,FI,2003,10.1,b
ESTAT:SDG_04_10(1.0),03/01/24 23:00:00,A,PC,POP,Y18-24,T,FI,2004,10.0,
ESTAT:SDG_04_10(1.0),03/01/24 23:00:00,A,PC,POP,Y18-24,T,FI,2005,10.3,
ESTAT:SDG_04_10(1.0),03/01/24 23:00:00,A,PC,POP,Y18-24,T,FI,2006,9.7,
ESTAT:SDG_04_10(1.0),03/01/24 23:00:00,A,PC,POP,Y18-24,T,FI,2007,9.1,
ESTAT:SDG_04_10(1.0),03/01/24 23:00:00,A,PC,POP,Y18-24,T,FI,2008,9.8,
ESTAT:SDG_04_10(1.0),03/01/24 23:00:00,A,PC,POP,Y18-24,T,FI,2009,9.9,
ESTAT:SDG_04_10(1.0),03/01/24 23:00:00,A,PC,POP,Y18-24,T,FI,2010,10.3,
ESTAT:SDG_04_10(1.0),03/01/24 23:00:00,A,PC,POP,Y18-24,T,FI,2011,9.8,
ESTAT:SDG_04_10(1.0),03/01/24 23:00:00,A,PC,POP,Y18-24,T,FI,2012,8.9,
ESTAT:SDG_04_10(1.0),03/01/24 23:00:00,A,PC,POP,Y18-24,T,FI,2013,9.3,
ESTAT:SDG_04_10(1.0),03/01/24 23:00:00,A,PC,POP,Y18-24,T,FI,2014,9.5,b
ESTAT:SDG_04_10(1.0),03/01/24 23:00:00,A,PC,POP,Y18-24,T,FI,2015,9.2,
ESTAT:SDG_04_10(1.0),03/01/24 23:00:00,A,PC,POP,Y18-24,T,FI,2016,7.9,
ESTAT:SDG_04_10(1.0),03/01/24 23:00:00,A,PC,POP,Y18-24,T,FI,2017,8.2,
ESTAT:SDG_04_10(1.0),03/01/24 23:00:00,A,PC,POP,Y18-24,T,FI,2018,8.3,
ESTAT:SDG_04_10(1.0),03/01/24 23:00:00,A,PC,POP,Y18-24,T,FI,2019,7.3,
ESTAT:SDG_04_10(1.0),03/01/24 23:00:00,A,PC,POP,Y18-24,T,FI,2020,8.2,
ESTAT:SDG_04_10(1.0),03/01/24 23:00:00,A,PC,POP,Y18-24,T,FI,2021,8.2,b
ESTAT:SDG_04_10(1.0),03/01/24 23:00:00,A,PC,POP,Y18-24,T,FI,2022,8.4,
ESTAT:SDG_04_10(1.0),03/01/24 23:00:00,A,PC,POP,Y18-24,T,FR,2000,13.3,
ESTAT:SDG_04_10(1.0),03/01/24 23:00:00,A,PC,POP,Y18-24,T,FR,2001,13.5,
ESTAT:SDG_04_10(1.0),03/01/24 23:00:00,A,PC,POP,Y18-24,T,FR,2002,13.4,
ESTAT:SDG_04_10(1.0),03/01/24 23:00:00,A,PC,POP,Y18-24,T,FR,2003,12.7,b
ESTAT:SDG_04_10(1.0),03/01/24 23:00:00,A,PC,POP,Y18-24,T,FR,2004,12.3,
ESTAT:SDG_04_10(1.0),03/01/24 23:00:00,A,PC,POP,Y18-24,T,FR,2005,12.5,
ESTAT:SDG_04_10(1.0),03/01/24 23:00:00,A,PC,POP,Y18-24,T,FR,2006,12.7,
ESTAT:SDG_04_10(1.0),03/01/24 23:00:00,A,PC,POP,Y18-24,T,FR,2007,12.8,
ESTAT:SDG_04_10(1.0),03/01/24 23:00:00,A,PC,POP,Y18-24,T,FR,2008,11.8,
ESTAT:SDG_04_10(1.0),03/01/24 23:00:00,A,PC,POP,Y18-24,T,FR,2009,12.4,
ESTAT:SDG_04_10(1.0),03/01/24 23:00:00,A,PC,POP,Y18-24,T,FR,2010,12.7,
ESTAT:SDG_04_10(1.0),03/01/24 23:00:00,A,PC,POP,Y18-24,T,FR,2011,12.3,
ESTAT:SDG_04_10(1.0),03/01/24 23:00:00,A,PC,POP,Y18-24,T,FR,2012,11.8,
ESTAT:SDG_04_10(1.0),03/01/24 23:00:00,A,PC,POP,Y18-24,T,FR,2013,9.7,b
ESTAT:SDG_04_10(1.0),03/01/24 23:00:00,A,PC,POP,Y18-24,T,FR,2014,8.8,b
ESTAT:SDG_04_10(1.0),03/01/24 23:00:00,A,PC,POP,Y18-24,T,FR,2015,9.2,
ESTAT:SDG_04_10(1.0),03/01/24 23:00:00,A,PC,POP,Y18-24,T,FR,2016,8.8,
ESTAT:SDG_04_10(1.0),03/01/24 23:00:00,A,PC,POP,Y18-24,T,FR,2017,8.8,
ESTAT:SDG_04_10(1.0),03/01/24 23:00:00,A,PC,POP,Y18-24,T,FR,2018,8.7,
ESTAT:SDG_04_10(1.0),03/01/24 23:00:00,A,PC,POP,Y18-24,T,FR,2019,8.2,
ESTAT:SDG_04_10(1.0),03/01/24 23:00:00,A,PC,POP,Y18-24,T,FR,2020,8.0,
ESTAT:SDG_04_10(1.0),03/01/24 23:00:00,A,PC,POP,Y18-24,T,FR,2021,7.8,b
ESTAT:SDG_04_10(1.0),03/01/24 23:00:00,A,PC,POP,Y18-24,T,FR,2022,7.6,
ESTAT:SDG_04_10(1.0),03/01/24 23:00:00,A,PC,POP,Y18-24,T,HR,2002,8.0,
ESTAT:SDG_04_10(1.0),03/01/24 23:00:00,A,PC,POP,Y18-24,T,HR,2003,7.9,
ESTAT:SDG_04_10(1.0),03/01/24 23:00:00,A,PC,POP,Y18-24,T,HR,2004,5.4,u
ESTAT:SDG_04_10(1.0),03/01/24 23:00:00,A,PC,POP,Y18-24,T,HR,2005,5.1,bu
ESTAT:SDG_04_10(1.0),03/01/24 23:00:00,A,PC,POP,Y18-24,T,HR,2006,4.7,bu
ESTAT:SDG_04_10(1.0),03/01/24 23:00:00,A,PC,POP,Y18-24,T,HR,2007,4.5,
ESTAT:SDG_04_10(1.0),03/01/24 23:00:00,A,PC,POP,Y18-24,T,HR,2008,4.4,
ESTAT:SDG_04_10(1.0),03/01/24 23:00:00,A,PC,POP,Y18-24,T,HR,2009,5.2,
ESTAT:SDG_04_10(1.0),03/01/24 23:00:00,A,PC,POP,Y18-24,T,HR,2010,5.2,b
ESTAT:SDG_04_10(1.0),03/01/24 23:00:00,A,PC,POP,Y18-24,T,HR,2011,5.0,
ESTAT:SDG_04_10(1.0),03/01/24 23:00:00,A,PC,POP,Y18-24,T,HR,2012,5.1,
ESTAT:SDG_04_10(1.0),03/01/24 23:00:00,A,PC,POP,Y18-24,T,HR,2013,4.5,
ESTAT:SDG_04_10(1.0),03/01/24 23:00:00,A,PC,POP,Y18-24,T,HR,2014,2.8,bu
ESTAT:SDG_04_10(1.0),03/01/24 23:00:00,A,PC,POP,Y18-24,T,HR,2015,2.8,u
ESTAT:SDG_04_10(1.0),03/01/24 23:00:00,A,PC,POP,Y18-24,T,HR,2016,2.8,u
ESTAT:SDG_04_10(1.0),03/01/24 23:00:00,A,PC,POP,Y18-24,T,HR,2017,3.1,
ESTAT:SDG_04_10(1.0),03/01/24 23:00:00,A,PC,POP,Y18-24,T,HR,2018,3.3,
ESTAT:SDG_04_10(1.0),03/01/24 23:00:00,A,PC,POP,Y18-24,T,HR,2019,3.0,u
ESTAT:SDG_04_10(1.0),03/01/24 23:00:00,A,PC,POP,Y18-24,T,HR,2020,2.2,u
ESTAT:SDG_04_10(1.0),03/01/24 23:00:00,A,PC,POP,Y18-24,T,HR,2021,2.4,bu
ESTAT:SDG_04_10(1.0),03/01/24 23:00:00,A,PC,POP,Y18-24,T,HR,2022,2.3,u
ESTAT:SDG_04_10(1.0),03/01/24 23:00:00,A,PC,POP,Y18-24,T,HU,2000,13.9,
ESTAT:SDG_04_10(1.0),03/01/24 23:00:00,A,PC,POP,Y18-24,T,HU,2001,13.1,b
ESTAT:SDG_04_10(1.0),03/01/24 23:00:00,A,PC,POP,Y18-24,T,HU,2002,12.2,
ESTAT:SDG_04_10(1.0),03/01/24 23:00:00,A,PC,POP,Y18-24,T,HU,2003,12.0,b
ESTAT:SDG_04_10(1.0),03/01/24 23:00:00,A,PC,POP,Y18-24,T,HU,2004,12.6,
ESTAT:SDG_04_10(1.0),03/01/24 23:00:00,A,PC,POP,Y18-24,T,HU,2005,12.5,
ESTAT:SDG_04_10(1.0),03/01/24 23:00:00,A,PC,POP,Y18-24,T,HU,2006,12.5,b
ESTAT:SDG_04_10(1.0),03/01/24 23:00:00,A,PC,POP,Y18-24,T,HU,2007,11.4,
ESTAT:SDG_04_10(1.0),03/01/24 23:00:00,A,PC,POP,Y18-24,T,HU,2008,11.7,
ESTAT:SDG_04_10(1.0),03/01/24 23:00:00,A,PC,POP,Y18-24,T,HU,2009,11.5,
ESTAT:SDG_04_10(1.0),03/01/24 23:00:00,A,PC,POP,Y18-24,T,HU,2010,10.8,
ESTAT:SDG_04_10(1.0),03/01/24 23:00:00,A,PC,POP,Y18-24,T,HU,2011,11.4,
ESTAT:SDG_04_10(1.0),03/01/24 23:00:00,A,PC,POP,Y18-24,T,HU,2012,11.8,
ESTAT:SDG_04_10(1.0),03/01/24 23:00:00,A,PC,POP,Y18-24,T,HU,2013,11.9,
ESTAT:SDG_04_10(1.0),03/01/24 23:00:00,A,PC,POP,Y18-24,T,HU,2014,11.4,b
ESTAT:SDG_04_10(1.0),03/01/24 23:00:00,A,PC,POP,Y18-24,T,HU,2015,11.6,b
ESTAT:SDG_04_10(1.0),03/01/24 23:00:00,A,PC,POP,Y18-24,T,HU,2016,12.4,
ESTAT:SDG_04_10(1.0),03/01/24 23:00:00,A,PC,POP,Y18-24,T,HU,2017,12.5,
ESTAT:SDG_04_10(1.0),03/01/24 23:00:00,A,PC,POP,Y18-24,T,HU,2018,12.5,
ESTAT:SDG_04_10(1.0),03/01/24 23:00:00,A,PC,POP,Y18-24,T,HU,2019,11.8,
ESTAT:SDG_04_10(1.0),03/01/24 23:00:00,A,PC,POP,Y18-24,T,HU,2020,12.1,
ESTAT:SDG_04_10(1.0),03/01/24 23:00:00,A,PC,POP,Y18-24,T,HU,2021,12.0,b
ESTAT:SDG_04_10(1.0),03/01/24 23:00:00,A,PC,POP,Y18-24,T,HU,2022,12.4,
ESTAT:SDG_04_10(1.0),03/01/24 23:00:00,A,PC,POP,Y18-24,T,IE,2002,14.6,
ESTAT:SDG_04_10(1.0),03/01/24 23:00:00,A,PC,POP,Y18-24,T,IE,2003,13.1,
ESTAT:SDG_04_10(1.0),03/01/24 23:00:00,A,PC,POP,Y18-24,T,IE,2004,13.1,b
ESTAT:SDG_04_10(1.0),03/01/24 23:00:00,A,PC,POP,Y18-24,T,IE,2005,12.5,
ESTAT:SDG_04_10(1.0),03/01/24 23:00:00,A,PC,POP,Y18-24,T,IE,2006,12.3,b
ESTAT:SDG_04_10(1.0),03/01/24 23:00:00,A,PC,POP,Y18-24,T,IE,2007,12.0,b
ESTAT:SDG_04_10(1.0),03/01/24 23:00:00,A,PC,POP,Y18-24,T,IE,2008,11.7,
ESTAT:SDG_04_10(1.0),03/01/24 23:00:00,A,PC,POP,Y18-24,T,IE,2009,11.8,
ESTAT:SDG_04_10(1.0),03/01/24 23:00:00,A,PC,POP,Y18-24,T,IE,2010,11.9,
ESTAT:SDG_04_10(1.0),03/01/24 23:00:00,A,PC,POP,Y18-24,T,IE,2011,11.1,
ESTAT:SDG_04_10(1.0),03/01/24 23:00:00,A,PC,POP,Y18-24,T,IE,2012,9.9,
ESTAT:SDG_04_10(1.0),03/01/24 23:00:00,A,PC,POP,Y18-24,T,IE,2013,8.7,
ESTAT:SDG_04_10(1.0),03/01/24 23:00:00,A,PC,POP,Y18-24,T,IE,2014,6.7,b
ESTAT:SDG_04_10(1.0),03/01/24 23:00:00,A,PC,POP,Y18-24,T,IE,2015,6.8,
ESTAT:SDG_04_10(1.0),03/01/24 23:00:00,A,PC,POP,Y18-24,T,IE,2016,6.0,
ESTAT:SDG_04_10(1.0),03/01/24 23:00:00,A,PC,POP,Y18-24,T,IE,2017,5.0,b
ESTAT:SDG_04_10(1.0),03/01/24 23:00:00,A,PC,POP,Y18-24,T,IE,2018,5.0,
ESTAT:SDG_04_10(1.0),03/01/24 23:00:00,A,PC,POP,Y18-24,T,IE,2019,5.1,
ESTAT:SDG_04_10(1.0),03/01/24 23:00:00,A,PC,POP,Y18-24,T,IE,2020,5.0,
ESTAT:SDG_04_10(1.0),03/01/24 23:00:00,A,PC,POP,Y18-24,T,IE,2021,3.3,b
ESTAT:SDG_04_10(1.0),03/01/24 23:00:00,A,PC,POP,Y18-24,T,IE,2022,3.7,
ESTAT:SDG_04_10(1.0),03/01/24 23:00:00,A,PC,POP,Y18-24,T,IS,2000,29.8,
ESTAT:SDG_04_10(1.0),03/01/24 23:00:00,A,PC,POP,Y18-24,T,IS,2001,30.9,
ESTAT:SDG_04_10(1.0),03/01/24 23:00:00,A,PC,POP,Y18-24,T,IS,2002,28.8,
ESTAT:SDG_04_10(1.0),03/01/24 23:00:00,A,PC,POP,Y18-24,T,IS,2003,20.3,b
ESTAT:SDG_04_10(1.0),03/01/24 23:00:00,A,PC,POP,Y18-24,T,IS,2004,24.9,
ESTAT:SDG_04_10(1.0),03/01/24 23:00:00,A,PC,POP,Y18-24,T,IS,2005,24.9,
ESTAT:SDG_04_10(1.0),03/01/24 23:00:00,A,PC,POP,Y18-24,T,IS,2006,,u
ESTAT:SDG_04_10(1.0),03/01/24 23:00:00,A,PC,POP,Y18-24,T,IS,2007,23.2,
ESTAT:SDG_04_10(1.0),03/01/24 23:00:00,A,PC,POP,Y18-24,T,IS,2008,24.4,
ESTAT:SDG_04_10(1.0),03/01/24 23:00:00,A,PC,POP,Y18-24,T,IS,2009,21.3,b
ESTAT:SDG_04_10(1.0),03/01/24 23:00:00,A,PC,POP,Y18-24,T,IS,2010,22.6,
ESTAT:SDG_04_10(1.0),03/01/24 23:00:00,A,PC,POP,Y18-24,T,IS,2011,19.7,
ESTAT:SDG_04_10(1.0),03/01/24 23:00:00,A,PC,POP,Y18-24,T,IS,2012,20.1,
ESTAT:SDG_04_10(1.0),03/01/24 23:00:00,A,PC,POP,Y18-24,T,IS,2013,20.5,
ESTAT:SDG_04_10(1.0),03/01/24 23:00:00,A,PC,POP,Y18-24,T,IS,2014,19.1,b
ESTAT:SDG_04_10(1.0),03/01/24 23:00:00,A,PC,POP,Y18-24,T,IS,2015,18.8,
ESTAT:SDG_04_10(1.0),03/01/24 23:00:00,A,PC,POP,Y18-24,T,IS,2016,19.8,
ESTAT:SDG_04_10(1.0),03/01/24 23:00:00,A,PC,POP,Y18-24,T,IS,2017,17.8,
ESTAT:SDG_04_10(1.0),03/01/24 23:00:00,A,PC,POP,Y18-24,T,IS,2018,21.5,
ESTAT:SDG_04_10(1.0),03/01/24 23:00:00,A,PC,POP,Y18-24,T,IS,2019,17.9,
ESTAT:SDG_04_10(1.0),03/01/24 23:00:00,A,PC,POP,Y18-24,T,IS,2020,14.8,b
ESTAT:SDG_04_10(1.0),03/01/24 23:00:00,A,PC,POP,Y18-24,T,IS,2021,14.4,b
ESTAT:SDG_04_10(1.0),03/01/24 23:00:00,A,PC,POP,Y18-24,T,IS,2022,16.5,
ESTAT:SDG_04_10(1.0),03/01/24 23:00:00,A,PC,POP,Y18-24,T,IT,2000,25.1,
ESTAT:SDG_04_10(1.0),03/01/24 23:00:00,A,PC,POP,Y18-24,T,IT,2001,25.9,
ESTAT:SDG_04_10(1.0),03/01/24 23:00:00,A,PC,POP,Y18-24,T,IT,2002,24.2,
ESTAT:SDG_04_10(1.0),03/01/24 23:00:00,A,PC,POP,Y18-24,T,IT,2003,23.0,
ESTAT:SDG_04_10(1.0),03/01/24 23:00:00,A,PC,POP,Y18-24,T,IT,2004,23.1,b
ESTAT:SDG_04_10(1.0),03/01/24 23:00:00,A,PC,POP,Y18-24,T,IT,2005,22.1,
ESTAT:SDG_04_10(1.0),03/01/24 23:00:00,A,PC,POP,Y18-24,T,IT,2006,20.4,b
ESTAT:SDG_04_10(1.0),03/01/24 23:00:00,A,PC,POP,Y18-24,T,IT,2007,19.5,
ESTAT:SDG_04_10(1.0),03/01/24 23:00:00,A,PC,POP,Y18-24,T,IT,2008,19.6,
ESTAT:SDG_04_10(1.0),03/01/24 23:00:00,A,PC,POP,Y18-24,T,IT,2009,19.1,
ESTAT:SDG_04_10(1.0),03/01/24 23:00:00,A,PC,POP,Y18-24,T,IT,2010,18.6,
ESTAT:SDG_04_10(1.0),03/01/24 23:00:00,A,PC,POP,Y18-24,T,IT,2011,17.8,
ESTAT:SDG_04_10(1.0),03/01/24 23:00:00,A,PC,POP,Y18-24,T,IT,2012,17.3,
ESTAT:SDG_04_10(1.0),03/01/24 23:00:00,A,PC,POP,Y18-24,T,IT,2013,16.8,
ESTAT:SDG_04_10(1.0),03/01/24 23:00:00,A,PC,POP,Y18-24,T,IT,2014,15.0,b
ESTAT:SDG_04_10(1.0),03/01/24 23:00:00,A,PC,POP,Y18-24,T,IT,2015,14.7,
ESTAT:SDG_04_10(1.0),03/01/24 23:00:00,A,PC,POP,Y18-24,T,IT,2016,13.8,
ESTAT:SDG_04_10(1.0),03/01/24 23:00:00,A,PC,POP,Y18-24,T,IT,2017,14.0,
ESTAT:SDG_04_10(1.0),03/01/24 23:00:00,A,PC,POP,Y18-24,T,IT,2018,14.5,
ESTAT:SDG_04_10(1.0),03/01/24 23:00:00,A,PC,POP,Y18-24,T,IT,2019,13.5,
ESTAT:SDG_04_10(1.0),03/01/24 23:00:00,A,PC,POP,Y18-24,T,IT,2020,13.1,
ESTAT:SDG_04_10(1.0),03/01/24 23:00:00,A,PC,POP,Y18-24,T,IT,2021,12.7,b
ESTAT:SDG_04_10(1.0),03/01/24 23:00:00,A,PC,POP,Y18-24,T,IT,2022,11.5,
ESTAT:SDG_04_10(1.0),03/01/24 23:00:00,A,PC,POP,Y18-24,T,LT,2000,16.5,b
ESTAT:SDG_04_10(1.0),03/01/24 23:00:00,A,PC,POP,Y18-24,T,LT,2001,14.9,
ESTAT:SDG_04_10(1.0),03/01/24 23:00:00,A,PC,POP,Y18-24,T,LT,2002,13.4,b
ESTAT:SDG_04_10(1.0),03/01/24 23:00:00,A,PC,POP,Y18-24,T,LT,2003,11.4,
ESTAT:SDG_04_10(1.0),03/01/24 23:00:00,A,PC,POP,Y18-24,T,LT,2004,10.3,b
ESTAT:SDG_04_10(1.0),03/01/24 23:00:00,A,PC,POP,Y18-24,T,LT,2005,8.4,
ESTAT:SDG_04_10(1.0),03/01/24 23:00:00,A,PC,POP,Y18-24,T,LT,2006,8.8,b
ESTAT:SDG_04_10(1.0),03/01/24 23:00:00,A,PC,POP,Y18-24,T,LT,2007,7.8,
ESTAT:SDG_04_10(1.0),03/01/24 23:00:00,A,PC,POP,Y18-24,T,LT,2008,7.5,
ESTAT:SDG_04_10(1.0),03/01/24 23:00:00,A,PC,POP,Y18-24,T,LT,2009,8.7,
ESTAT:SDG_04_10(1.0),03/01/24 23:00:00,A,PC,POP,Y18-24,T,LT,2010,7.9,
ESTAT:SDG_04_10(1.0),03/01/24 23:00:00,A,PC,POP,Y18-24,T,LT,2011,7.4,
ESTAT:SDG_04_10(1.0),03/01/24 23:00:00,A,PC,POP,Y18-24,T,LT,2012,6.5,
ESTAT:SDG_04_10(1.0),03/01/24 23:00:00,A,PC,POP,Y18-24,T,LT,2013,6.3,
ESTAT:SDG_04_10(1.0),03/01/24 23:00:00,A,PC,POP,Y18-24,T,LT,2014,5.9,b
ESTAT:SDG_04_10(1.0),03/01/24 23:00:00,A,PC,POP,Y18-24,T,LT,2015,5.5,
ESTAT:SDG_04_10(1.0),03/01/24 23:00:00,A,PC,POP,Y18-24,T,LT,2016,4.8,
ESTAT:SDG_04_10(1.0),03/01/24 23:00:00,A,PC,POP,Y18-24,T,LT,2017,5.4,
ESTAT:SDG_04_10(1.0),03/01/24 23:00:00,A,PC,POP,Y18-24,T,LT,2018,4.6,
ESTAT:SDG_04_10(1.0),03/01/24 23:00:00,A,PC,POP,Y18-24,T,LT,2019,4.0,
ESTAT:SDG_04_10(1.0),03/01/24 23:00:00,A,PC,POP,Y18-24,T,LT,2020,5.6,
ESTAT:SDG_04_10(1.0),03/01/24 23:00:00,A,PC,POP,Y18-24,T,LT,2021,5.3,b
ESTAT:SDG_04_10(1.0),03/01/24 23:00:00,A,PC,POP,Y18-24,T,LT,2022,4.8,
ESTAT:SDG_04_10(1.0),03/01/24 23:00:00,A,PC,POP,Y18-24,T,LU,2000,16.8,
ESTAT:SDG_04_10(1.0),03/01/24 23:00:00,A,PC,POP,Y18-24,T,LU,2001,18.1,
ESTAT:SDG_04_10(1.0),03/01/24 23:00:00,A,PC,POP,Y18-24,T,LU,2002,17.0,
ESTAT:SDG_04_10(1.0),03/01/24 23:00:00,A,PC,POP,Y18-24,T,LU,2003,12.3,b
ESTAT:SDG_04_10(1.0),03/01/24 23:00:00,A,PC,POP,Y18-24,T,LU,2004,12.7,
ESTAT:SDG_04_10(1.0),03/01/24 23:00:00,A,PC,POP,Y18-24,T,LU,2005,13.3,
ESTAT:SDG_04_10(1.0),03/01/24 23:00:00,A,PC,POP,Y18-24,T,LU,2006,14.0,b
ESTAT:SDG_04_10(1.0),03/01/24 23:00:00,A,PC,POP,Y18-24,T,LU,2007,12.5,b
ESTAT:SDG_04_10(1.0),03/01/24 23:00:00,A,PC,POP,Y18-24,T,LU,2008,13.4,
ESTAT:SDG_04_10(1.0),03/01/24 23:00:00,A,PC,POP,Y18-24,T,LU,2009,7.7,b
ESTAT:SDG_04_10(1.0),03/01/24 23:00:00,A,PC,POP,Y18-24,T,LU,2010,7.1,
ESTAT:SDG_04_10(1.0),03/01/24 23:00:00,A,PC,POP,Y18-24,T,LU,2011,6.2,
ESTAT:SDG_04_10(1.0),03/01/24 23:00:00,A,PC,POP,Y18-24,T,LU,2012,8.1,
ESTAT:SDG_04_10(1.0),03/01/24 23:00:00,A,PC,POP,Y18-24,T,LU,2013,6.1,
ESTAT:SDG_04_10(1.0),03/01/24 23:00:00,A,PC,POP,Y18-24,T,LU,2014,6.1,b
ESTAT:SDG_04_10(1.0),03/01/24 23:00:00,A,PC,POP,Y18-24,T,LU,2015,9.3,b
ESTAT:SDG_04_10(1.0),03/01/24 23:00:00,A,PC,POP,Y18-24,T,LU,2016,5.5,
ESTAT:SDG_04_10(1.0),03/01/24 23:00:00,A,PC,POP,Y18-24,T,LU,2017,7.3,
ESTAT:SDG_04_10(1.0),03/01/24 23:00:00,A,PC,POP,Y18-24,T,LU,2018,6.3,
ESTAT:SDG_04_10(1.0),03/01/24 23:00:00,A,PC,POP,Y18-24,T,LU,2019,7.2,
ESTAT:SDG_04_10(1.0),03/01/24 23:00:00,A,PC,POP,Y18-24,T,LU,2020,8.2,
ESTAT:SDG_04_10(1.0),03/01/24 23:00:00,A,PC,POP,Y18-24,T,LU,2021,9.3,b
ESTAT:SDG_04_10(1.0),03/01/24 23:00:00,A,PC,POP,Y18-24,T,LU,2022,8.2,
ESTAT:SDG_04_10(1.0),03/01/24 23:00:00,A,PC,POP,Y18-24,T,LV,2002,16.5,b
ESTAT:SDG_04_10(1.0),03/01/24 23:00:00,A,PC,POP,Y18-24,T,LV,2003,18.8,b
ESTAT:SDG_04_10(1.0),03/01/24 23:00:00,A,PC,POP,Y18-24,T,LV,2004,15.9,
ESTAT:SDG_04_10(1.0),03/01/24 23:00:00,A,PC,POP,Y18-24,T,LV,2005,15.4,
ESTAT:SDG_04_10(1.0),03/01/24 23:00:00,A,PC,POP,Y18-24,T,LV,2006,15.6,b
ESTAT:SDG_04_10(1.0),03/01/24 23:00:00,A,PC,POP,Y18-24,T,LV,2007,15.6,
ESTAT:SDG_04_10(1.0),03/01/24 23:00:00,A,PC,POP,Y18-24,T,LV,2008,15.5,
ESTAT:SDG_04_10(1.0),03/01/24 23:00:00,A,PC,POP,Y18-24,T,LV,2009,14.3,
ESTAT:SDG_04_10(1.0),03/01/24 23:00:00,A,PC,POP,Y18-24,T,LV,2010,12.9,
ESTAT:SDG_04_10(1.0),03/01/24 23:00:00,A,PC,POP,Y18-24,T,LV,2011,11.6,
ESTAT:SDG_04_10(1.0),03/01/24 23:00:00,A,PC,POP,Y18-24,T,LV,2012,10.6,
ESTAT:SDG_04_10(1.0),03/01/24 23:00:00,A,PC,POP,Y18-24,T,LV,2013,9.8,
ESTAT:SDG_04_10(1.0),03/01/24 23:00:00,A,PC,POP,Y18-24,T,LV,2014,8.5,b
ESTAT:SDG_04_10(1.0),03/01/24 23:00:00,A,PC,POP,Y18-24,T,LV,2015,9.9,
ESTAT:SDG_04_10(1.0),03/01/24 23:00:00,A,PC,POP,Y18-24,T,LV,2016,10.0,
ESTAT:SDG_04_10(1.0),03/01/24 23:00:00,A,PC,POP,Y18-24,T,LV,2017,8.6,
ESTAT:SDG_04_10(1.0),03/01/24 23:00:00,A,PC,POP,Y18-24,T,LV,2018,8.3,
ESTAT:SDG_04_10(1.0),03/01/24 23:00:00,A,PC,POP,Y18-24,T,LV,2019,8.7,
ESTAT:SDG_04_10(1.0),03/01/24 23:00:00,A,PC,POP,Y18-24,T,LV,2020,7.2,
ESTAT:SDG_04_10(1.0),03/01/24 23:00:00,A,PC,POP,Y18-24,T,LV,2021,7.3,b
ESTAT:SDG_04_10(1.0),03/01/24 23:00:00,A,PC,POP,Y18-24,T,LV,2022,6.7,
ESTAT:SDG_04_10(1.0),03/01/24 23:00:00,A,PC,POP,Y18-24,T,ME,2011,7.2,
ESTAT:SDG_04_10(1.0),03/01/24 23:00:00,A,PC,POP,Y18-24,T,ME,2012,6.7,
ESTAT:SDG_04_10(1.0),03/01/24 23:00:00,A,PC,POP,Y18-24,T,ME,2013,5.6,
ESTAT:SDG_04_10(1.0),03/01/24 23:00:00,A,PC,POP,Y18-24,T,ME,2014,5.1,b
ESTAT:SDG_04_10(1.0),03/01/24 23:00:00,A,PC,POP,Y18-24,T,ME,2015,5.7,
ESTAT:SDG_04_10(1.0),03/01/24 23:00:00,A,PC,POP,Y18-24,T,ME,2016,5.5,
ESTAT:SDG_04_10(1.0),03/01/24 23:00:00,A,PC,POP,Y18-24,T,ME,2017,5.4,
ESTAT:SDG_04_10(1.0),03/01/24 23:00:00,A,PC,POP,Y18-24,T,ME,2018,4.6,
ESTAT:SDG_04_10(1.0),03/01/24 23:00:00,A,PC,POP,Y18-24,T,ME,2019,5.0,
ESTAT:SDG_04_10(1.0),03/01/24 23:00:00,A,PC,POP,Y18-24,T,ME,2020,3.6,
ESTAT:SDG_04_10(1.0),03/01/24 23:00:00,A,PC,POP,Y18-24,T,MK,2006,22.8,
ESTAT:SDG_04_10(1.0),03/01/24 23:00:00,A,PC,POP,Y18-24,T,MK,2007,19.9,b
ESTAT:SDG_04_10(1.0),03/01/24 23:00:00,A,PC,POP,Y18-24,T,MK,2008,19.6,
ESTAT:SDG_04_10(1.0),03/01/24 23:00:00,A,PC,POP,Y18-24,T,MK,2009,16.2,
ESTAT:SDG_04_10(1.0),03/01/24 23:00:00,A,PC,POP,Y18-24,T,MK,2010,15.5,
ESTAT:SDG_04_10(1.0),03/01/24 23:00:00,A,PC,POP,Y18-24,T,MK,2011,13.5,
ESTAT:SDG_04_10(1.0),03/01/24 23:00:00,A,PC,POP,Y18-24,T,MK,2012,11.7,
ESTAT:SDG_04_10(1.0),03/01/24 23:00:00,A,PC,POP,Y18-24,T,MK,2013,11.4,
ESTAT:SDG_04_10(1.0),03/01/24 23:00:00,A,PC,POP,Y18-24,T,MK,2014,12.5,b
ESTAT:SDG_04_10(1.0),03/01/24 23:00:00,A,PC,POP,Y18-24,T,MK,2015,11.4,
ESTAT:SDG_04_10(1.0),03/01/24 23:00:00,A,PC,POP,Y18-24,T,MK,2016,9.9,
ESTAT:SDG_04_10(1.0),03/01/24 23:00:00,A,PC,POP,Y18-24,T,MK,2017,8.5,
ESTAT:SDG_04_10(1.0),03/01/24 23:00:00,A,PC,POP,Y18-24,T,MK,2018,7.1,
ESTAT:SDG_04_10(1.0),03/01/24 23:00:00,A,PC,POP,Y18-24,T,MK,2019,7.1,
ESTAT:SDG_04_10(1.0),03/01/24 23:00:00,A,PC,POP,Y18-24,T,MK,2020,5.7,
ESTAT:SDG_04_10(1.0),03/01/24 23:00:00,A,PC,POP,Y18-24,T,MT,2000,54.2,d
ESTAT:SDG_04_10(1.0),03/01/24 23:00:00,A,PC,POP,Y18-24,T,MT,2001,54.4,d
ESTAT:SDG_04_10(1.0),03/01/24 23:00:00,A,PC,POP,Y18-24,T,MT,2002,53.2,d
ESTAT:SDG_04_10(1.0),03/01/24 23:00:00,A,PC,POP,Y18-24,T,MT,2003,49.9,d
ESTAT:SDG_04_10(1.0),03/01/24 23:00:00,A,PC,POP,Y18-24,T,MT,2004,42.1,d
ESTAT:SDG_04_10(1.0),03/01/24 23:00:00,A,PC,POP,Y18-24,T,MT,2005,33.0,b
ESTAT:SDG_04_10(1.0),03/01/24 23:00:00,A,PC,POP,Y18-24,T,MT,2006,32.2,b
ESTAT:SDG_04_10(1.0),03/01/24 23:00:00,A,PC,POP,Y18-24,T,MT,2007,30.2,
ESTAT:SDG_04_10(1.0),03/01/24 23:00:00,A,PC,POP,Y18-24,T,MT,2008,27.2,
ESTAT:SDG_04_10(1.0),03/01/24 23:00:00,A,PC,POP,Y18-24,T,MT,2009,25.7,
ESTAT:SDG_04_10(1.0),03/01/24 23:00:00,A,PC,POP,Y18-24,T,MT,2010,21.4,
ESTAT:SDG_04_10(1.0),03/01/24 23:00:00,A,PC,POP,Y18-24,T,MT,2011,18.8,b
ESTAT:SDG_04_10(1.0),03/01/24 23:00:00,A,PC,POP,Y18-24,T,MT,2012,18.1,
ESTAT:SDG_04_10(1.0),03/01/24 23:00:00,A,PC,POP,Y18-24,T,MT,2013,17.1,
ESTAT:SDG_04_10(1.0),03/01/24 23:00:00,A,PC,POP,Y18-24,T,MT,2014,17.0,b
ESTAT:SDG_04_10(1.0),03/01/24 23:00:00,A,PC,POP,Y18-24,T,MT,2015,16.3,
ESTAT:SDG_04_10(1.0),03/01/24 23:00:00,A,PC,POP,Y18-24,T,MT,2016,15.6,
ESTAT:SDG_04_10(1.0),03/01/24 23:00:00,A,PC,POP,Y18-24,T,MT,2017,14.0,b
ESTAT:SDG_04_10(1.0),03/01/24 23:00:00,A,PC,POP,Y18-24,T,MT,2018,14.0,
ESTAT:SDG_04_10(1.0),03/01/24 23:00:00,A,PC,POP,Y18-24,T,MT,2019,13.9,
ESTAT:SDG_04_10(1.0),03/01/24 23:00:00,A,PC,POP,Y18-24,T,MT,2020,12.6,
ESTAT:SDG_04_10(1.0),03/01/24 23:00:00,A,PC,POP,Y18-24,T,MT,2021,10.7,b
ESTAT:SDG_04_10(1.0),03/01/24 23:00:00,A,PC,POP,Y18-24,T,MT,2022,10.1,
ESTAT:SDG_04_10(1.0),03/01/24 23:00:00,A,PC,POP,Y18-24,T,NL,2000,15.4,
ESTAT:SDG_04_10(1.0),03/01/24 23:00:00,A,PC,POP,Y18-24,T,NL,2001,15.1,
ESTAT:SDG_04_10(1.0),03/01/24 23:00:00,A,PC,POP,Y18-24,T,NL,2002,15.3,
ESTAT:SDG_04_10(1.0),03/01/24 23:00:00,A,PC,POP,Y18-24,T,NL,2003,14.3,b
ESTAT:SDG_04_10(1.0),03/01/24 23:00:00,A,PC,POP,Y18-24,T,NL,2004,14.1,
ESTAT:SDG_04_10(1.0),03/01/24 23:00:00,A,PC,POP,Y18-24,T,NL,2005,14.3,b
ESTAT:SDG_04_10(1.0),03/01/24 23:00:00,A,PC,POP,Y18-24,T,NL,2006,12.9,b
ESTAT:SDG_04_10(1.0),03/01/24 23:00:00,A,PC,POP,Y18-24,T,NL,2007,11.9,
ESTAT:SDG_04_10(1.0),03/01/24 23:00:00,A,PC,POP,Y18-24,T,NL,2008,11.4,
ESTAT:SDG_04_10(1.0),03/01/24 23:00:00,A,PC,POP,Y18-24,T,NL,2009,11.3,
ESTAT:SDG_04_10(1.0),03/01/24 23:00:00,A,PC,POP,Y18-24,T,NL,2010,10.1,
ESTAT:SDG_04_10(1.0),03/01/24 23:00:00,A,PC,POP,Y18-24,T,NL,2011,9.2,
ESTAT:SDG_04_10(1.0),03/01/24 23:00:00,A,PC,POP,Y18-24,T,NL,2012,8.9,
ESTAT:SDG_04_10(1.0),03/01/24 23:00:00,A,PC,POP,Y18-24,T,NL,2013,9.3,b
ESTAT:SDG_04_10(1.0),03/01/24 23:00:00,A,PC,POP,Y18-24,T,NL,2014,8.7,b
ESTAT:SDG_04_10(1.0),03/01/24 23:00:00,A,PC,POP,Y18-24,T,NL,2015,8.2,
ESTAT:SDG_04_10(1.0),03/01/24 23:00:00,A,PC,POP,Y18-24,T,NL,2016,8.0,
ESTAT:SDG_04_10(1.0),03/01/24 23:00:00,A,PC,POP,Y18-24,T,NL,2017,7.1,
ESTAT:SDG_04_10(1.0),03/01/24 23:00:00,A,PC,POP,Y18-24,T,NL,2018,7.3,
ESTAT:SDG_04_10(1.0),03/01/24 23:00:00,A,PC,POP,Y18-24,T,NL,2019,7.5,b
ESTAT:SDG_04_10(1.0),03/01/24 23:00:00,A,PC,POP,Y18-24,T,NL,2020,7.0,
ESTAT:SDG_04_10(1.0),03/01/24 23:00:00,A,PC,POP,Y18-24,T,NL,2021,5.1,b
ESTAT:SDG_04_10(1.0),03/01/24 23:00:00,A,PC,POP,Y18-24,T,NL,2022,5.6,
ESTAT:SDG_04_10(1.0),03/01/24 23:00:00,A,PC,POP,Y18-24,T,NO,2006,17.8,
ESTAT:SDG_04_10(1.0),03/01/24 23:00:00,A,PC,POP,Y18-24,T,NO,2007,18.4,
ESTAT:SDG_04_10(1.0),03/01/24 23:00:00,A,PC,POP,Y18-24,T,NO,2008,17.0,
ESTAT:SDG_04_10(1.0),03/01/24 23:00:00,A,PC,POP,Y18-24,T,NO,2009,17.6,
ESTAT:SDG_04_10(1.0),03/01/24 23:00:00,A,PC,POP,Y18-24,T,NO,2010,17.4,
ESTAT:SDG_04_10(1.0),03/01/24 23:00:00,A,PC,POP,Y18-24,T,NO,2011,16.6,
ESTAT:SDG_04_10(1.0),03/01/24 23:00:00,A,PC,POP,Y18-24,T,NO,2012,14.8,
ESTAT:SDG_04_10(1.0),03/01/24 23:00:00,A,PC,POP,Y18-24,T,NO,2013,13.7,
ESTAT:SDG_04_10(1.0),03/01/24 23:00:00,A,PC,POP,Y18-24,T,NO,2014,11.7,b
ESTAT:SDG_04_10(1.0),03/01/24 23:00:00,A,PC,POP,Y18-24,T,NO,2015,10.2,
ESTAT:SDG_04_10(1.0),03/01/24 23:00:00,A,PC,POP,Y18-24,T,NO,2016,10.9,
ESTAT:SDG_04_10(1.0),03/01/24 23:00:00,A,PC,POP,Y18-24,T,NO,2017,10.4,
ESTAT:SDG_04_10(1.0),03/01/24 23:00:00,A,PC,POP,Y18-24,T,NO,2018,9.9,
ESTAT:SDG_04_10(1.0),03/01/24 23:00:00,A,PC,POP,Y18-24,T,NO,2019,9.9,
ESTAT:SDG_04_10(1.0),03/01/24 23:00:00,A,PC,POP,Y18-24,T,NO,2020,9.9,
ESTAT:SDG_04_10(1.0),03/01/24 23:00:00,A,PC,POP,Y18-24,T,NO,2021,12.3,b
ESTAT:SDG_04_10(1.0),03/01/24 23:00:00,A,PC,POP,Y18-24,T,NO,2022,13.2,
ESTAT:SDG_04_10(1.0),03/01/24 23:00:00,A,PC,POP,Y18-24,T,PL,2001,7.4,
ESTAT:SDG_04_10(1.0),03/01/24 23:00:00,A,PC,POP,Y18-24,T,PL,2002,7.2,
ESTAT:SDG_04_10(1.0),03/01/24 23:00:00,A,PC,POP,Y18-24,T,PL,2003,6.0,b
ESTAT:SDG_04_10(1.0),03/01/24 23:00:00,A,PC,POP,Y18-24,T,PL,2004,5.6,b
ESTAT:SDG_04_10(1.0),03/01/24 23:00:00,A,PC,POP,Y18-24,T,PL,2005,5.3,
ESTAT:SDG_04_10(1.0),03/01/24 23:00:00,A,PC,POP,Y18-24,T,PL,2006,5.4,
ESTAT:SDG_04_10(1.0),03/01/24 23:00:00,A,PC,POP,Y18-24,T,PL,2007,5.0,
ESTAT:SDG_04_10(1.0),03/01/24 23:00:00,A,PC,POP,Y18-24,T,PL,2008,5.0,b
ESTAT:SDG_04_10(1.0),03/01/24 23:00:00,A,PC,POP,Y18-24,T,PL,2009,5.3,
ESTAT:SDG_04_10(1.0),03/01/24 23:00:00,A,PC,POP,Y18-24,T,PL,2010,5.4,b
ESTAT:SDG_04_10(1.0),03/01/24 23:00:00,A,PC,POP,Y18-24,T,PL,2011,5.6,
ESTAT:SDG_04_10(1.0),03/01/24 23:00:00,A,PC,POP,Y18-24,T,PL,2012,5.7,
ESTAT:SDG_04_10(1.0),03/01/24 23:00:00,A,PC,POP,Y18-24,T,PL,2013,5.6,b
ESTAT:SDG_04_10(1.0),03/01/24 23:00:00,A,PC,POP,Y18-24,T,PL,2014,5.4,b
ESTAT:SDG_04_10(1.0),03/01/24 23:00:00,A,PC,POP,Y18-24,T,PL,2015,5.3,
ESTAT:SDG_04_10(1.0),03/01/24 23:00:00,A,PC,POP,Y18-24,T,PL,2016,5.2,
ESTAT:SDG_04_10(1.0),03/01/24 23:00:00,A,PC,POP,Y18-24,T,PL,2017,5.0,
ESTAT:SDG_04_10(1.0),03/01/24 23:00:00,A,PC,POP,Y18-24,T,PL,2018,4.8,b
ESTAT:SDG_04_10(1.0),03/01/24 23:00:00,A,PC,POP,Y18-24,T,PL,2019,5.2,
ESTAT:SDG_04_10(1.0),03/01/24 23:00:00,A,PC,POP,Y18-24,T,PL,2020,5.4,
ESTAT:SDG_04_10(1.0),03/01/24 23:00:00,A,PC,POP,Y18-24,T,PL,2021,5.9,b
ESTAT:SDG_04_10(1.0),03/01/24 23:00:00,A,PC,POP,Y18-24,T,PL,2022,4.8,
ESTAT:SDG_04_10(1.0),03/01/24 23:00:00,A,PC,POP,Y18-24,T,PT,2000,43.7,
ESTAT:SDG_04_10(1.0),03/01/24 23:00:00,A,PC,POP,Y18-24,T,PT,2001,44.3,
ESTAT:SDG_04_10(1.0),03/01/24 23:00:00,A,PC,POP,Y18-24,T,PT,2002,45.0,
ESTAT:SDG_04_10(1.0),03/01/24 23:00:00,A,PC,POP,Y18-24,T,PT,2003,41.2,
ESTAT:SDG_04_10(1.0),03/01/24 23:00:00,A,PC,POP,Y18-24,T,PT,2004,39.3,b
ESTAT:SDG_04_10(1.0),03/01/24 23:00:00,A,PC,POP,Y18-24,T,PT,2005,38.3,
ESTAT:SDG_04_10(1.0),03/01/24 23:00:00,A,PC,POP,Y18-24,T,PT,2006,38.5,b
ESTAT:SDG_04_10(1.0),03/01/24 23:00:00,A,PC,POP,Y18-24,T,PT,2007,36.5,
ESTAT:SDG_04_10(1.0),03/01/24 23:00:00,A,PC,POP,Y18-24,T,PT,2008,34.9,
ESTAT:SDG_04_10(1.0),03/01/24 23:00:00,A,PC,POP,Y18-24,T,PT,2009,30.9,
ESTAT:SDG_04_10(1.0),03/01/24 23:00:00,A,PC,POP,Y18-24,T,PT,2010,28.3,
ESTAT:SDG_04_10(1.0),03/01/24 23:00:00,A,PC,POP,Y18-24,T,PT,2011,23.0,b
ESTAT:SDG_04_10(1.0),03/01/24 23:00:00,A,PC,POP,Y18-24,T,PT,2012,20.5,
ESTAT:SDG_04_10(1.0),03/01/24 23:00:00,A,PC,POP,Y18-24,T,PT,2013,18.9,
ESTAT:SDG_04_10(1.0),03/01/24 23:00:00,A,PC,POP,Y18-24,T,PT,2014,17.4,b
ESTAT:SDG_04_10(1.0),03/01/24 23:00:00,A,PC,POP,Y18-24,T,PT,2015,13.7,
ESTAT:SDG_04_10(1.0),03/01/24 23:00:00,A,PC,POP,Y18-24,T,PT,2016,14.0,
ESTAT:SDG_04_10(1.0),03/01/24 23:00:00,A,PC,POP,Y18-24,T,PT,2017,12.6,
ESTAT:SDG_04_10(1.0),03/01/24 23:00:00,A,PC,POP,Y18-24,T,PT,2018,11.8,
ESTAT:SDG_04_10(1.0),03/01/24 23:00:00,A,PC,POP,Y18-24,T,PT,2019,10.6,
ESTAT:SDG_04_10(1.0),03/01/24 23:00:00,A,PC,POP,Y18-24,T,PT,2020,8.9,
ESTAT:SDG_04_10(1.0),03/01/24 23:00:00,A,PC,POP,Y18-24,T,PT,2021,5.9,b
ESTAT:SDG_04_10(1.0),03/01/24 23:00:00,A,PC,POP,Y18-24,T,PT,2022,6.0,
ESTAT:SDG_04_10(1.0),03/01/24 23:00:00,A,PC,POP,Y18-24,T,RO,2000,22.9,
ESTAT:SDG_04_10(1.0),03/01/24 23:00:00,A,PC,POP,Y18-24,T,RO,2001,21.7,
ESTAT:SDG_04_10(1.0),03/01/24 23:00:00,A,PC,POP,Y18-24,T,RO,2002,23.0,
ESTAT:SDG_04_10(1.0),03/01/24 23:00:00,A,PC,POP,Y18-24,T,RO,2003,22.5,b
ESTAT:SDG_04_10(1.0),03/01/24 23:00:00,A,PC,POP,Y18-24,T,RO,2004,22.4,
ESTAT:SDG_04_10(1.0),03/01/24 23:00:00,A,PC,POP,Y18-24,T,RO,2005,19.6,
ESTAT:SDG_04_10(1.0),03/01/24 23:00:00,A,PC,POP,Y18-24,T,RO,2006,17.9,b
ESTAT:SDG_04_10(1.0),03/01/24 23:00:00,A,PC,POP,Y18-24,T,RO,2007,17.3,
ESTAT:SDG_04_10(1.0),03/01/24 23:00:00,A,PC,POP,Y18-24,T,RO,2008,15.9,
ESTAT:SDG_04_10(1.0),03/01/24 23:00:00,A,PC,POP,Y18-24,T,RO,2009,16.6,
ESTAT:SDG_04_10(1.0),03/01/24 23:00:00,A,PC,POP,Y18-24,T,RO,2010,19.3,b
ESTAT:SDG_04_10(1.0),03/01/24 23:00:00,A,PC,POP,Y18-24,T,RO,2011,18.1,
ESTAT:SDG_04_10(1.0),03/01/24 23:00:00,A,PC,POP,Y18-24,T,RO,2012,17.8,
ESTAT:SDG_04_10(1.0),03/01/24 23:00:00,A,PC,POP,Y18-24,T,RO,2013,17.3,
ESTAT:SDG_04_10(1.0),03/01/24 23:00:00,A,PC,POP,Y18-24,T,RO,2014,18.1,b
ESTAT:SDG_04_10(1.0),03/01/24 23:00:00,A,PC,POP,Y18-24,T,RO,2015,19.1,
ESTAT:SDG_04_10(1.0),03/01/24 23:00:00,A,PC,POP,Y18-24,T,RO,2016,18.5,
ESTAT:SDG_04_10(1.0),03/01/24 23:00:00,A,PC,POP,Y18-24,T,RO,2017,18.1,
ESTAT:SDG_04_10(1.0),03/01/24 23:00:00,A,PC,POP,Y18-24,T,RO,2018,16.4,
ESTAT:SDG_04_10(1.0),03/01/24 23:00:00,A,PC,POP,Y18-24,T,RO,2019,15.3,
ESTAT:SDG_04_10(1.0),03/01/24 23:00:00,A,PC,POP,Y18-24,T,RO,2020,15.6,
ESTAT:SDG_04_10(1.0),03/01/24 23:00:00,A,PC,POP,Y18-24,T,RO,2021,15.3,b
ESTAT:SDG_04_10(1.0),03/01/24 23:00:00,A,PC,POP,Y18-24,T,RO,2022,15.6,
ESTAT:SDG_04_10(1.0),03/01/24 23:00:00,A,PC,POP,Y18-24,T,RS,2010,8.3,
ESTAT:SDG_04_10(1.0),03/01/24 23:00:00,A,PC,POP,Y18-24,T,RS,2011,8.5,
ESTAT:SDG_04_10(1.0),03/01/24 23:00:00,A,PC,POP,Y18-24,T,RS,2012,8.1,
ESTAT:SDG_04_10(1.0),03/01/24 23:00:00,A,PC,POP,Y18-24,T,RS,2013,8.9,
ESTAT:SDG_04_10(1.0),03/01/24 23:00:00,A,PC,POP,Y18-24,T,RS,2014,8.4,b
ESTAT:SDG_04_10(1.0),03/01/24 23:00:00,A,PC,POP,Y18-24,T,RS,2015,7.5,
ESTAT:SDG_04_10(1.0),03/01/24 23:00:00,A,PC,POP,Y18-24,T,RS,2016,7.0,
ESTAT:SDG_04_10(1.0),03/01/24 23:00:00,A,PC,POP,Y18-24,T,RS,2017,6.2,
ESTAT:SDG_04_10(1.0),03/01/24 23:00:00,A,PC,POP,Y18-24,T,RS,2018,6.8,
ESTAT:SDG_04_10(1.0),03/01/24 23:00:00,A,PC,POP,Y18-24,T,RS,2019,6.6,
ESTAT:SDG_04_10(1.0),03/01/24 23:00:00,A,PC,POP,Y18-24,T,RS,2020,5.6,
ESTAT:SDG_04_10(1.0),03/01/24 23:00:00,A,PC,POP,Y18-24,T,RS,2021,6.3,b
ESTAT:SDG_04_10(1.0),03/01/24 23:00:00,A,PC,POP,Y18-24,T,RS,2022,5.0,
ESTAT:SDG_04_10(1.0),03/01/24 23:00:00,A,PC,POP,Y18-24,T,SE,2000,7.3,
ESTAT:SDG_04_10(1.0),03/01/24 23:00:00,A,PC,POP,Y18-24,T,SE,2001,10.2,b
ESTAT:SDG_04_10(1.0),03/01/24 23:00:00,A,PC,POP,Y18-24,T,SE,2002,10.0,
ESTAT:SDG_04_10(1.0),03/01/24 23:00:00,A,PC,POP,Y18-24,T,SE,2003,9.2,b
ESTAT:SDG_04_10(1.0),03/01/24 23:00:00,A,PC,POP,Y18-24,T,SE,2004,9.2,
ESTAT:SDG_04_10(1.0),03/01/24 23:00:00,A,PC,POP,Y18-24,T,SE,2005,10.8,b
ESTAT:SDG_04_10(1.0),03/01/24 23:00:00,A,PC,POP,Y18-24,T,SE,2006,8.6,b
ESTAT:SDG_04_10(1.0),03/01/24 23:00:00,A,PC,POP,Y18-24,T,SE,2007,8.0,b
ESTAT:SDG_04_10(1.0),03/01/24 23:00:00,A,PC,POP,Y18-24,T,SE,2008,7.9,b
ESTAT:SDG_04_10(1.0),03/01/24 23:00:00,A,PC,POP,Y18-24,T,SE,2009,7.0,
ESTAT:SDG_04_10(1.0),03/01/24 23:00:00,A,PC,POP,Y18-24,T,SE,2010,6.5,
ESTAT:SDG_04_10(1.0),03/01/24 23:00:00,A,PC,POP,Y18-24,T,SE,2011,6.6,
ESTAT:SDG_04_10(1.0),03/01/24 23:00:00,A,PC,POP,Y18-24,T,SE,2012,7.5,
ESTAT:SDG_04_10(1.0),03/01/24 23:00:00,A,PC,POP,Y18-24,T,SE,2013,7.1,
ESTAT:SDG_04_10(1.0),03/01/24 23:00:00,A,PC,POP,Y18-24,T,SE,2014,6.7,b
ESTAT:SDG_04_10(1.0),03/01/24 23:00:00,A,PC,POP,Y18-24,T,SE,2015,7.0,
ESTAT:SDG_04_10(1.0),03/01/24 23:00:00,A,PC,POP,Y18-24,T,SE,2016,7.4,
ESTAT:SDG_04_10(1.0),03/01/24 23:00:00,A,PC,POP,Y18-24,T,SE,2017,7.7,
ESTAT:SDG_04_10(1.0),03/01/24 23:00:00,A,PC,POP,Y18-24,T,SE,2018,7.5,b
ESTAT:SDG_04_10(1.0),03/01/24 23:00:00,A,PC,POP,Y18-24,T,SE,2019,6.5,
ESTAT:SDG_04_10(1.0),03/01/24 23:00:00,A,PC,POP,Y18-24,T,SE,2020,7.7,
ESTAT:SDG_04_10(1.0),03/01/24 23:00:00,A,PC,POP,Y18-24,T,SE,2021,8.4,b
ESTAT:SDG_04_10(1.0),03/01/24 23:00:00,A,PC,POP,Y18-24,T,SE,2022,8.8,
ESTAT:SDG_04_10(1.0),03/01/24 23:00:00,A,PC,POP,Y18-24,T,SI,2001,6.4,
ESTAT:SDG_04_10(1.0),03/01/24 23:00:00,A,PC,POP,Y18-24,T,SI,2002,5.1,
ESTAT:SDG_04_10(1.0),03/01/24 23:00:00,A,PC,POP,Y18-24,T,SI,2003,4.6,b
ESTAT:SDG_04_10(1.0),03/01/24 23:00:00,A,PC,POP,Y18-24,T,SI,2004,4.3,
ESTAT:SDG_04_10(1.0),03/01/24 23:00:00,A,PC,POP,Y18-24,T,SI,2005,4.9,
ESTAT:SDG_04_10(1.0),03/01/24 23:00:00,A,PC,POP,Y18-24,T,SI,2006,5.6,b
ESTAT:SDG_04_10(1.0),03/01/24 23:00:00,A,PC,POP,Y18-24,T,SI,2007,4.1,
ESTAT:SDG_04_10(1.0),03/01/24 23:00:00,A,PC,POP,Y18-24,T,SI,2008,5.1,
ESTAT:SDG_04_10(1.0),03/01/24 23:00:00,A,PC,POP,Y18-24,T,SI,2009,5.3,
ESTAT:SDG_04_10(1.0),03/01/24 23:00:00,A,PC,POP,Y18-24,T,SI,2010,5.0,
ESTAT:SDG_04_10(1.0),03/01/24 23:00:00,A,PC,POP,Y18-24,T,SI,2011,4.2,
ESTAT:SDG_04_10(1.0),03/01/24 23:00:00,A,PC,POP,Y18-24,T,SI,2012,4.4,
ESTAT:SDG_04_10(1.0),03/01/24 23:00:00,A,PC,POP,Y18-24,T,SI,2013,3.9,
ESTAT:SDG_04_10(1.0),03/01/24 23:00:00,A,PC,POP,Y18-24,T,SI,2014,4.4,b
ESTAT:SDG_04_10(1.0),03/01/24 23:00:00,A,PC,POP,Y18-24,T,SI,2015,5.0,
ESTAT:SDG_04_10(1.0),03/01/24 23:00:00,A,PC,POP,Y18-24,T,SI,2016,4.9,
ESTAT:SDG_04_10(1.0),03/01/24 23:00:00,A,PC,POP,Y18-24,T,SI,2017,4.3,
ESTAT:SDG_04_10(1.0),03/01/24 23:00:00,A,PC,POP,Y18-24,T,SI,2018,4.2,
ESTAT:SDG_04_10(1.0),03/01/24 23:00:00,A,PC,POP,Y18-24,T,SI,2019,4.6,
ESTAT:SDG_04_10(1.0),03/01/24 23:00:00,A,PC,POP,Y18-24,T,SI,2020,4.1,
ESTAT:SDG_04_10(1.0),03/01/24 23:00:00,A,PC,POP,Y18-24,T,SI,2021,3.1,bu
ESTAT:SDG_04_10(1.0),03/01/24 23:00:00,A,PC,POP,Y18-24,T,SI,2022,4.0,
ESTAT:SDG_04_10(1.0),03/01/24 23:00:00,A,PC,POP,Y18-24,T,SK,2002,6.7,
ESTAT:SDG_04_10(1.0),03/01/24 23:00:00,A,PC,POP,Y18-24,T,SK,2003,5.3,b
ESTAT:SDG_04_10(1.0),03/01/24 23:00:00,A,PC,POP,Y18-24,T,SK,2004,6.8,
ESTAT:SDG_04_10(1.0),03/01/24 23:00:00,A,PC,POP,Y18-24,T,SK,2005,6.3,
ESTAT:SDG_04_10(1.0),03/01/24 23:00:00,A,PC,POP,Y18-24,T,SK,2006,6.6,b
ESTAT:SDG_04_10(1.0),03/01/24 23:00:00,A,PC,POP,Y18-24,T,SK,2007,6.5,
ESTAT:SDG_04_10(1.0),03/01/24 23:00:00,A,PC,POP,Y18-24,T,SK,2008,6.0,
ESTAT:SDG_04_10(1.0),03/01/24 23:00:00,A,PC,POP,Y18-24,T,SK,2009,4.9,
ESTAT:SDG_04_10(1.0),03/01/24 23:00:00,A,PC,POP,Y18-24,T,SK,2010,4.7,
ESTAT:SDG_04_10(1.0),03/01/24 23:00:00,A,PC,POP,Y18-24,T,SK,2011,5.1,b
ESTAT:SDG_04_10(1.0),03/01/24 23:00:00,A,PC,POP,Y18-24,T,SK,2012,5.3,
ESTAT:SDG_04_10(1.0),03/01/24 23:00:00,A,PC,POP,Y18-24,T,SK,2013,6.4,
ESTAT:SDG_04_10(1.0),03/01/24 23:00:00,A,PC,POP,Y18-24,T,SK,2014,6.7,b
ESTAT:SDG_04_10(1.0),03/01/24 23:00:00,A,PC,POP,Y18-24,T,SK,2015,6.9,
ESTAT:SDG_04_10(1.0),03/01/24 23:00:00,A,PC,POP,Y18-24,T,SK,2016,7.4,
ESTAT:SDG_04_10(1.0),03/01/24 23:00:00,A,PC,POP,Y18-24,T,SK,2017,9.3,
ESTAT:SDG_04_10(1.0),03/01/24 23:00:00,A,PC,POP,Y18-24,T,SK,2018,8.6,
ESTAT:SDG_04_10(1.0),03/01/24 23:00:00,A,PC,POP,Y18-24,T,SK,2019,8.3,
ESTAT:SDG_04_10(1.0),03/01/24 23:00:00,A,PC,POP,Y18-24,T,SK,2020,7.6,
ESTAT:SDG_04_10(1.0),03/01/24 23:00:00,A,PC,POP,Y18-24,T,SK,2021,7.8,b
ESTAT:SDG_04_10(1.0),03/01/24 23:00:00,A,PC,POP,Y18-24,T,SK,2022,7.4,b
ESTAT:SDG_04_10(1.0),03/01/24 23:00:00,A,PC,POP,Y18-24,T,TR,2006,48.8,
ESTAT:SDG_04_10(1.0),03/01/24 23:00:00,A,PC,POP,Y18-24,T,TR,2007,46.9,
ESTAT:SDG_04_10(1.0),03/01/24 23:00:00,A,PC,POP,Y18-24,T,TR,2008,45.5,
ESTAT:SDG_04_10(1.0),03/01/24 23:00:00,A,PC,POP,Y18-24,T,TR,2009,44.3,
ESTAT:SDG_04_10(1.0),03/01/24 23:00:00,A,PC,POP,Y18-24,T,TR,2010,43.1,
ESTAT:SDG_04_10(1.0),03/01/24 23:00:00,A,PC,POP,Y18-24,T,TR,2011,41.9,
ESTAT:SDG_04_10(1.0),03/01/24 23:00:00,A,PC,POP,Y18-24,T,TR,2012,39.6,
ESTAT:SDG_04_10(1.0),03/01/24 23:00:00,A,PC,POP,Y18-24,T,TR,2013,37.5,
ESTAT:SDG_04_10(1.0),03/01/24 23:00:00,A,PC,POP,Y18-24,T,TR,2014,38.3,b
ESTAT:SDG_04_10(1.0),03/01/24 23:00:00,A,PC,POP,Y18-24,T,TR,2015,36.4,
ESTAT:SDG_04_10(1.0),03/01/24 23:00:00,A,PC,POP,Y18-24,T,TR,2016,34.3,
ESTAT:SDG_04_10(1.0),03/01/24 23:00:00,A,PC,POP,Y18-24,T,TR,2017,32.5,
ESTAT:SDG_04_10(1.0),03/01/24 23:00:00,A,PC,POP,Y18-24,T,TR,2018,31.0,
ESTAT:SDG_04_10(1.0),03/01/24 23:00:00,A,PC,POP,Y18-24,T,TR,2019,28.7,
ESTAT:SDG_04_10(1.0),03/01/24 23:00:00,A,PC,POP,Y18-24,T,TR,2020,26.7,
ESTAT:SDG_04_10(1.0),03/01/24 23:00:00,A,PC,POP,Y18-24,T,UK,2000,18.2,
ESTAT:SDG_04_10(1.0),03/01/24 23:00:00,A,PC,POP,Y18-24,T,UK,2001,17.8,
ESTAT:SDG_04_10(1.0),03/01/24 23:00:00,A,PC,POP,Y18-24,T,UK,2002,17.6,
ESTAT:SDG_04_10(1.0),03/01/24 23:00:00,A,PC,POP,Y18-24,T,UK,2003,12.1,
ESTAT:SDG_04_10(1.0),03/01/24 23:00:00,A,PC,POP,Y18-24,T,UK,2004,,bu
ESTAT:SDG_04_10(1.0),03/01/24 23:00:00,A,PC,POP,Y18-24,T,UK,2005,12.0,
ESTAT:SDG_04_10(1.0),03/01/24 23:00:00,A,PC,POP,Y18-24,T,UK,2006,11.2,b
ESTAT:SDG_04_10(1.0),03/01/24 23:00:00,A,PC,POP,Y18-24,T,UK,2007,16.6,b
ESTAT:SDG_04_10(1.0),03/01/24 23:00:00,A,PC,POP,Y18-24,T,UK,2008,16.9,b
ESTAT:SDG_04_10(1.0),03/01/24 23:00:00,A,PC,POP,Y18-24,T,UK,2009,15.7,
ESTAT:SDG_04_10(1.0),03/01/24 23:00:00,A,PC,POP,Y18-24,T,UK,2010,14.8,b
ESTAT:SDG_04_10(1.0),03/01/24 23:00:00,A,PC,POP,Y18-24,T,UK,2011,14.9,b
ESTAT:SDG_04_10(1.0),03/01/24 23:00:00,A,PC,POP,Y18-24,T,UK,2012,13.4,
ESTAT:SDG_04_10(1.0),03/01/24 23:00:00,A,PC,POP,Y18-24,T,UK,2013,12.4,
ESTAT:SDG_04_10(1.0),03/01/24 23:00:00,A,PC,POP,Y18-24,T,UK,2014,11.8,b
ESTAT:SDG_04_10(1.0),03/01/24 23:00:00,A,PC,POP,Y18-24,T,UK,2015,10.8,
ESTAT:SDG_04_10(1.0),03/01/24 23:00:00,A,PC,POP,Y18-24,T,UK,2016,11.2,
ESTAT:SDG_04_10(1.0),03/01/24 23:00:00,A,PC,POP,Y18-24,T,UK,2017,10.6,
ESTAT:SDG_04_10(1.0),03/01/24 23:00:00,A,PC,POP,Y18-24,T,UK,2018,10.7,
ESTAT:SDG_04_10(1.0),03/01/24 23:00:00,A,PC,POP,Y18-24,T,UK,2019,10.9,
